Year,Date,Hourly Demand Met (in MW),Datetime,Temperature_C,Humidity_%
2024,01-Jan 12am,140980.07,01-01-2024 00:00,17.87,77.03
2024,01-Jan 1am,137655.76,01-01-2024 01:00,18.45,72.02
2024,01-Jan 2am,135181.1,01-01-2024 02:00,18.23,76.68
2024,01-Jan 3am,134351.94,01-01-2024 03:00,18.1,71.82
2024,01-Jan 4am,137807.77,01-01-2024 04:00,17.66,76.13
2024,01-Jan 5am,146618.51,01-01-2024 05:00,17.66,74.12
2024,01-Jan 6am,160729.16,01-01-2024 06:00,19.56,76.54
2024,01-Jan 7am,178006.92,01-01-2024 07:00,20.37,79.95
2024,01-Jan 8am,192039.48,01-01-2024 08:00,20.1,79.38
2024,01-Jan 9am,200826.98,01-01-2024 09:00,23.21,55.04
2024,01-Jan 10am,205016.59,01-01-2024 10:00,22.52,43.85
2024,01-Jan 11am,205912.89,01-01-2024 11:00,23.47,55.66
2024,01-Jan 12pm,204187.69,01-01-2024 12:00,26.33,64.53
2024,01-Jan 1pm,197306.32,01-01-2024 13:00,25.71,57.82
2024,01-Jan 2pm,192048.28,01-01-2024 14:00,25.68,58.82
2024,01-Jan 3pm,185799.31,01-01-2024 15:00,26.68,55.92
2024,01-Jan 4pm,183290.93,01-01-2024 16:00,26.8,56.12
2024,01-Jan 5pm,182335.42,01-01-2024 17:00,27.02,62.27
2024,01-Jan 6pm,181939.92,01-01-2024 18:00,23.93,64.44
2024,01-Jan 7pm,175446.36,01-01-2024 19:00,23.79,61.11
2024,01-Jan 8pm,164922.56,01-01-2024 20:00,24.11,62.16
2024,01-Jan 9pm,157726.78,01-01-2024 21:00,20.64,77.62
2024,01-Jan 10pm,150740.4,01-01-2024 22:00,20.79,72.63
2024,01-Jan 11pm,145627.31,01-01-2024 23:00,20.87,70.45
2024,02-Jan 12am,141248.85,02-01-2024 00:00,17.96,70.02
2024,02-Jan 1am,137268.16,02-01-2024 01:00,18.29,73.51
2024,02-Jan 2am,134587.1,02-01-2024 02:00,17.7,72.41
2024,02-Jan 3am,133951.42,02-01-2024 03:00,18.01,70.62
2024,02-Jan 4am,137002.55,02-01-2024 04:00,18.09,71.8
2024,02-Jan 5am,146081.83,02-01-2024 05:00,17.55,71.24
2024,02-Jan 6am,161186.59,02-01-2024 06:00,20.11,79.15
2024,02-Jan 7am,181266.34,02-01-2024 07:00,19.67,71.4
2024,02-Jan 8am,193163.64,02-01-2024 08:00,19.57,75.38
2024,02-Jan 9am,202011.58,02-01-2024 09:00,23.45,60.93
2024,02-Jan 10am,206947.55,02-01-2024 10:00,23.47,60.43
2024,02-Jan 11am,207405.49,02-01-2024 11:00,23.31,55.99
2024,02-Jan 12pm,204543.94,02-01-2024 12:00,25.8,58.19
2024,02-Jan 1pm,197935.4,02-01-2024 13:00,25.6,55.51
2024,02-Jan 2pm,195745.3,02-01-2024 14:00,26.18,58.96
2024,02-Jan 3pm,193316.24,02-01-2024 15:00,26.94,56.89
2024,02-Jan 4pm,189800.86,02-01-2024 16:00,26.62,60.62
2024,02-Jan 5pm,190138.03,02-01-2024 17:00,27,61.93
2024,02-Jan 6pm,190260.17,02-01-2024 18:00,23.53,60.32
2024,02-Jan 7pm,185158.71,02-01-2024 19:00,24.41,59.34
2024,02-Jan 8pm,174648.17,02-01-2024 20:00,23.76,58.87
2024,02-Jan 9pm,166827.49,02-01-2024 21:00,21.16,78.42
2024,02-Jan 10pm,159134.44,02-01-2024 22:00,20.81,72.19
2024,02-Jan 11pm,153016.01,02-01-2024 23:00,21.02,77.34
2024,03-Jan 12am,147333.01,03-01-2024 00:00,18.05,77.57
2024,03-Jan 1am,143061.11,03-01-2024 01:00,17.68,74.19
2024,03-Jan 2am,140088.5,03-01-2024 02:00,18.47,72.97
2024,03-Jan 3am,139440,03-01-2024 03:00,18.28,74.71
2024,03-Jan 4am,142079.75,03-01-2024 04:00,18.44,70.93
2024,03-Jan 5am,150921.62,03-01-2024 05:00,18.39,70.46
2024,03-Jan 6am,165836.04,03-01-2024 06:00,20.1,71.12
2024,03-Jan 7am,184644.21,03-01-2024 07:00,20.42,71.87
2024,03-Jan 8am,195324.96,03-01-2024 08:00,19.59,75.04
2024,03-Jan 9am,201684.01,03-01-2024 09:00,22.7,43.49
2024,03-Jan 10am,206869.42,03-01-2024 10:00,22.55,37.36
2024,03-Jan 11am,208341.93,03-01-2024 11:00,22.83,44.35
2024,03-Jan 12pm,205263.95,03-01-2024 12:00,25.89,64.55
2024,03-Jan 1pm,199553.25,03-01-2024 13:00,25.77,64.59
2024,03-Jan 2pm,197213.5,03-01-2024 14:00,26.33,63.38
2024,03-Jan 3pm,195722.91,03-01-2024 15:00,26.86,58.64
2024,03-Jan 4pm,191619.26,03-01-2024 16:00,26.78,55.73
2024,03-Jan 5pm,191229.92,03-01-2024 17:00,27.04,60.69
2024,03-Jan 6pm,191083.57,03-01-2024 18:00,23.64,60.59
2024,03-Jan 7pm,185786.64,03-01-2024 19:00,24.3,63.5
2024,03-Jan 8pm,176078.41,03-01-2024 20:00,23.57,64.96
2024,03-Jan 9pm,168128.52,03-01-2024 21:00,21.49,75.08
2024,03-Jan 10pm,160589.42,03-01-2024 22:00,21.27,73.45
2024,03-Jan 11pm,154155.71,03-01-2024 23:00,20.7,71.86
2024,04-Jan 12am,148063.9,04-01-2024 00:00,17.51,70.05
2024,04-Jan 1am,143605.58,04-01-2024 01:00,18.32,75.09
2024,04-Jan 2am,140989.55,04-01-2024 02:00,18.21,75.56
2024,04-Jan 3am,140758.1,04-01-2024 03:00,18.23,78.25
2024,04-Jan 4am,143786.7,04-01-2024 04:00,18.27,75.05
2024,04-Jan 5am,152420.42,04-01-2024 05:00,17.57,79.16
2024,04-Jan 6am,168753.94,04-01-2024 06:00,19.86,76.28
2024,04-Jan 7am,188949.35,04-01-2024 07:00,19.62,78.4
2024,04-Jan 8am,197921.81,04-01-2024 08:00,20.36,71.48
2024,04-Jan 9am,203203.17,04-01-2024 09:00,23.12,63.55
2024,04-Jan 10am,206280.4,04-01-2024 10:00,22.83,41.75
2024,04-Jan 11am,205774,04-01-2024 11:00,22.56,36.7
2024,04-Jan 12pm,203463.3,04-01-2024 12:00,25.81,56.9
2024,04-Jan 1pm,198814.73,04-01-2024 13:00,25.83,64.27
2024,04-Jan 2pm,197024.42,04-01-2024 14:00,26.23,55.32
2024,04-Jan 3pm,195068.74,04-01-2024 15:00,27.14,59.63
2024,04-Jan 4pm,191657.64,04-01-2024 16:00,27.39,58.13
2024,04-Jan 5pm,189548.85,04-01-2024 17:00,26.97,61.65
2024,04-Jan 6pm,189760.2,04-01-2024 18:00,23.62,63.4
2024,04-Jan 7pm,185655.42,04-01-2024 19:00,24.21,58.6
2024,04-Jan 8pm,176288.82,04-01-2024 20:00,24.26,59.27
2024,04-Jan 9pm,169024.27,04-01-2024 21:00,21.06,79.82
2024,04-Jan 10pm,160418.06,04-01-2024 22:00,21.27,77.84
2024,04-Jan 11pm,153840.8,04-01-2024 23:00,20.99,78.97
2024,05-Jan 12am,148036.33,05-01-2024 00:00,18.02,74.39
2024,05-Jan 1am,143840.29,05-01-2024 01:00,17.93,72.34
2024,05-Jan 2am,141188.93,05-01-2024 02:00,17.53,74.12
2024,05-Jan 3am,140750.82,05-01-2024 03:00,17.61,77.16
2024,05-Jan 4am,143924.49,05-01-2024 04:00,17.53,71.09
2024,05-Jan 5am,153517.15,05-01-2024 05:00,18.14,72.7
2024,05-Jan 6am,168565.81,05-01-2024 06:00,19.81,70.47
2024,05-Jan 7am,187344.62,05-01-2024 07:00,20.01,74.32
2024,05-Jan 8am,197262.61,05-01-2024 08:00,20.41,78.27
2024,05-Jan 9am,202884.77,05-01-2024 09:00,22.75,35.25
2024,05-Jan 10am,208334.68,05-01-2024 10:00,22.91,41.75
2024,05-Jan 11am,208765.04,05-01-2024 11:00,23.26,64.32
2024,05-Jan 12pm,206654.25,05-01-2024 12:00,25.73,57.37
2024,05-Jan 1pm,201653.66,05-01-2024 13:00,25.58,61.94
2024,05-Jan 2pm,198242.36,05-01-2024 14:00,25.79,64.75
2024,05-Jan 3pm,194620.48,05-01-2024 15:00,26.66,64.62
2024,05-Jan 4pm,190394.53,05-01-2024 16:00,27.43,57.35
2024,05-Jan 5pm,188492.45,05-01-2024 17:00,27.31,56
2024,05-Jan 6pm,188306.61,05-01-2024 18:00,24.13,56.48
2024,05-Jan 7pm,184304.02,05-01-2024 19:00,24.37,62.02
2024,05-Jan 8pm,174859.14,05-01-2024 20:00,24.3,62.26
2024,05-Jan 9pm,166855.66,05-01-2024 21:00,20.69,76.74
2024,05-Jan 10pm,158392.85,05-01-2024 22:00,21.39,73.36
2024,05-Jan 11pm,151596.69,05-01-2024 23:00,21.04,71.7
2024,06-Jan 12am,145706.04,06-01-2024 00:00,18.31,75.81
2024,06-Jan 1am,141622.5,06-01-2024 01:00,18.4,74.84
2024,06-Jan 2am,139089.58,06-01-2024 02:00,17.82,77.29
2024,06-Jan 3am,138230.62,06-01-2024 03:00,17.61,74.41
2024,06-Jan 4am,140984.65,06-01-2024 04:00,17.73,73.39
2024,06-Jan 5am,150720.17,06-01-2024 05:00,17.93,72.93
2024,06-Jan 6am,167683.53,06-01-2024 06:00,20.32,72.11
2024,06-Jan 7am,187608.98,06-01-2024 07:00,20.36,72.66
2024,06-Jan 8am,197818.67,06-01-2024 08:00,19.51,70.95
2024,06-Jan 9am,204301.69,06-01-2024 09:00,23.01,58.47
2024,06-Jan 10am,208534.04,06-01-2024 10:00,22.92,35.37
2024,06-Jan 11am,206690.53,06-01-2024 11:00,22.72,36.86
2024,06-Jan 12pm,203406.37,06-01-2024 12:00,25.62,62.47
2024,06-Jan 1pm,197393.66,06-01-2024 13:00,25.84,58.25
2024,06-Jan 2pm,193991.27,06-01-2024 14:00,26.44,61.68
2024,06-Jan 3pm,190405.28,06-01-2024 15:00,26.82,62.17
2024,06-Jan 4pm,186477.14,06-01-2024 16:00,27.02,60.81
2024,06-Jan 5pm,188391.9,06-01-2024 17:00,27.2,64.59
2024,06-Jan 6pm,190477.25,06-01-2024 18:00,23.86,55.21
2024,06-Jan 7pm,186170.11,06-01-2024 19:00,24.47,62.39
2024,06-Jan 8pm,174787.73,06-01-2024 20:00,24.46,64.59
2024,06-Jan 9pm,166496.95,06-01-2024 21:00,20.75,78.62
2024,06-Jan 10pm,158783.91,06-01-2024 22:00,21,71.68
2024,06-Jan 11pm,152301.35,06-01-2024 23:00,20.8,73.27
2024,07-Jan 12am,147155.88,07-01-2024 00:00,17.78,71.72
2024,07-Jan 1am,142748.86,07-01-2024 01:00,17.54,76.01
2024,07-Jan 2am,139724.57,07-01-2024 02:00,18.11,77.12
2024,07-Jan 3am,139183.69,07-01-2024 03:00,18,73.17
2024,07-Jan 4am,141611.3,07-01-2024 04:00,17.55,75.4
2024,07-Jan 5am,149761.76,07-01-2024 05:00,17.78,76.91
2024,07-Jan 6am,161906.78,07-01-2024 06:00,20.41,74.21
2024,07-Jan 7am,177945.02,07-01-2024 07:00,19.74,78.54
2024,07-Jan 8am,189521.11,07-01-2024 08:00,19.64,77.72
2024,07-Jan 9am,197042.95,07-01-2024 09:00,22.99,35.65
2024,07-Jan 10am,201151.49,07-01-2024 10:00,23.49,61.21
2024,07-Jan 11am,199944.65,07-01-2024 11:00,22.74,37.35
2024,07-Jan 12pm,196556.19,07-01-2024 12:00,26.17,60.58
2024,07-Jan 1pm,188827.52,07-01-2024 13:00,26.26,64.57
2024,07-Jan 2pm,182150.9,07-01-2024 14:00,25.74,63.79
2024,07-Jan 3pm,178140.43,07-01-2024 15:00,27.23,59.05
2024,07-Jan 4pm,175050.24,07-01-2024 16:00,26.87,57.92
2024,07-Jan 5pm,177843.54,07-01-2024 17:00,27.13,57.34
2024,07-Jan 6pm,180367.23,07-01-2024 18:00,24.13,60.33
2024,07-Jan 7pm,176277.37,07-01-2024 19:00,24.04,56.14
2024,07-Jan 8pm,166242.35,07-01-2024 20:00,23.59,60.49
2024,07-Jan 9pm,158737.63,07-01-2024 21:00,21.34,70.01
2024,07-Jan 10pm,150953.17,07-01-2024 22:00,20.82,73.24
2024,07-Jan 11pm,144915.36,07-01-2024 23:00,20.69,72.2
2024,08-Jan 12am,140476.56,08-01-2024 00:00,17.54,79.71
2024,08-Jan 1am,136215.72,08-01-2024 01:00,18.09,77.27
2024,08-Jan 2am,133645.49,08-01-2024 02:00,18.18,73.5
2024,08-Jan 3am,133255.84,08-01-2024 03:00,17.52,70.93
2024,08-Jan 4am,136647.54,08-01-2024 04:00,18.01,75.17
2024,08-Jan 5am,146678.1,08-01-2024 05:00,17.73,72.13
2024,08-Jan 6am,164110.26,08-01-2024 06:00,20.15,75.36
2024,08-Jan 7am,185591.17,08-01-2024 07:00,19.67,78.35
2024,08-Jan 8am,196462.95,08-01-2024 08:00,20.19,76.16
2024,08-Jan 9am,200024.22,08-01-2024 09:00,22.89,41.34
2024,08-Jan 10am,202282.25,08-01-2024 10:00,23.44,60.41
2024,08-Jan 11am,202743.27,08-01-2024 11:00,22.64,44.27
2024,08-Jan 12pm,201920.7,08-01-2024 12:00,25.84,64.32
2024,08-Jan 1pm,194689.27,08-01-2024 13:00,25.61,60.13
2024,08-Jan 2pm,191467.84,08-01-2024 14:00,26.42,58.06
2024,08-Jan 3pm,189118.25,08-01-2024 15:00,27.38,59.6
2024,08-Jan 4pm,187221.91,08-01-2024 16:00,26.76,56.87
2024,08-Jan 5pm,189792.98,08-01-2024 17:00,27.16,61.36
2024,08-Jan 6pm,193031.9,08-01-2024 18:00,24.32,60
2024,08-Jan 7pm,186866.02,08-01-2024 19:00,24.06,56.03
2024,08-Jan 8pm,176132.38,08-01-2024 20:00,24.03,56.98
2024,08-Jan 9pm,167638.68,08-01-2024 21:00,20.74,74.8
2024,08-Jan 10pm,159213.05,08-01-2024 22:00,20.59,78.88
2024,08-Jan 11pm,152405.31,08-01-2024 23:00,21.4,75.66
2024,09-Jan 12am,146380,09-01-2024 00:00,18.4,76.82
2024,09-Jan 1am,141845.58,09-01-2024 01:00,18.13,73.39
2024,09-Jan 2am,138620.56,09-01-2024 02:00,17.84,75.71
2024,09-Jan 3am,137780.18,09-01-2024 03:00,17.85,74.47
2024,09-Jan 4am,140022.41,09-01-2024 04:00,18.23,76.59
2024,09-Jan 5am,149848.87,09-01-2024 05:00,18.4,70.51
2024,09-Jan 6am,166511.64,09-01-2024 06:00,20.39,74.93
2024,09-Jan 7am,187566.41,09-01-2024 07:00,20.28,72.96
2024,09-Jan 8am,197768.45,09-01-2024 08:00,20.14,73.26
2024,09-Jan 9am,202425.49,09-01-2024 09:00,22.58,44.61
2024,09-Jan 10am,205156.77,09-01-2024 10:00,22.66,36.83
2024,09-Jan 11am,203238.77,09-01-2024 11:00,23.4,58.11
2024,09-Jan 12pm,200965.81,09-01-2024 12:00,26.11,60.1
2024,09-Jan 1pm,192793.01,09-01-2024 13:00,25.51,63.63
2024,09-Jan 2pm,190064.53,09-01-2024 14:00,25.6,59.17
2024,09-Jan 3pm,189031.09,09-01-2024 15:00,27.16,62.44
2024,09-Jan 4pm,187189.12,09-01-2024 16:00,26.51,63.56
2024,09-Jan 5pm,188640.58,09-01-2024 17:00,26.66,58.1
2024,09-Jan 6pm,192029.11,09-01-2024 18:00,24.05,58.93
2024,09-Jan 7pm,187031.98,09-01-2024 19:00,24.19,58.57
2024,09-Jan 8pm,175844.16,09-01-2024 20:00,24.15,63.33
2024,09-Jan 9pm,167388.46,09-01-2024 21:00,20.72,70.44
2024,09-Jan 10pm,157935.08,09-01-2024 22:00,21.21,73.08
2024,09-Jan 11pm,150676.86,09-01-2024 23:00,20.74,76.79
2024,10-Jan 12am,144872.43,10-01-2024 00:00,17.83,75.65
2024,10-Jan 1am,140541.61,10-01-2024 01:00,18.25,74.36
2024,10-Jan 2am,137800.83,10-01-2024 02:00,18.15,75.4
2024,10-Jan 3am,137247.27,10-01-2024 03:00,18.35,71.98
2024,10-Jan 4am,140212.49,10-01-2024 04:00,18.16,74.31
2024,10-Jan 5am,150767.2,10-01-2024 05:00,18.07,75.02
2024,10-Jan 6am,167826.75,10-01-2024 06:00,19.59,79.01
2024,10-Jan 7am,188523.08,10-01-2024 07:00,19.87,72.61
2024,10-Jan 8am,199151.6,10-01-2024 08:00,19.77,78.68
2024,10-Jan 9am,204910.72,10-01-2024 09:00,22.74,41.44
2024,10-Jan 10am,209590.75,10-01-2024 10:00,23.47,55.2
2024,10-Jan 11am,208781.7,10-01-2024 11:00,22.89,42.25
2024,10-Jan 12pm,205029.23,10-01-2024 12:00,26.39,55.36
2024,10-Jan 1pm,197412.49,10-01-2024 13:00,26.13,64.97
2024,10-Jan 2pm,193514.77,10-01-2024 14:00,26.29,63.73
2024,10-Jan 3pm,191381.83,10-01-2024 15:00,27,57.97
2024,10-Jan 4pm,189615.69,10-01-2024 16:00,27.08,57.57
2024,10-Jan 5pm,191899.07,10-01-2024 17:00,26.99,58.81
2024,10-Jan 6pm,194488.68,10-01-2024 18:00,23.7,58.56
2024,10-Jan 7pm,189626.46,10-01-2024 19:00,24.22,58.72
2024,10-Jan 8pm,179553.72,10-01-2024 20:00,23.78,58.18
2024,10-Jan 9pm,171107.85,10-01-2024 21:00,20.52,76.21
2024,10-Jan 10pm,162451.93,10-01-2024 22:00,21.15,71.64
2024,10-Jan 11pm,154904.14,10-01-2024 23:00,20.68,78.46
2024,11-Jan 12am,148160.24,11-01-2024 00:00,18.44,78.12
2024,11-Jan 1am,143595.37,11-01-2024 01:00,18.45,74.76
2024,11-Jan 2am,140301.89,11-01-2024 02:00,18.41,78.53
2024,11-Jan 3am,139524.26,11-01-2024 03:00,17.87,72.47
2024,11-Jan 4am,142541.54,11-01-2024 04:00,17.52,70.18
2024,11-Jan 5am,153326.3,11-01-2024 05:00,18.43,76.19
2024,11-Jan 6am,170304.92,11-01-2024 06:00,19.93,74.58
2024,11-Jan 7am,191272.75,11-01-2024 07:00,20.47,75.67
2024,11-Jan 8am,202884.25,11-01-2024 08:00,20.46,78.99
2024,11-Jan 9am,210903.93,11-01-2024 09:00,23.35,64.7
2024,11-Jan 10am,213252.12,11-01-2024 10:00,22.79,41.34
2024,11-Jan 11am,211086.09,11-01-2024 11:00,22.89,42.64
2024,11-Jan 12pm,205646.89,11-01-2024 12:00,26.35,55.84
2024,11-Jan 1pm,196878.64,11-01-2024 13:00,25.82,56.61
2024,11-Jan 2pm,193584.07,11-01-2024 14:00,25.67,62.33
2024,11-Jan 3pm,191788.17,11-01-2024 15:00,27.06,59.31
2024,11-Jan 4pm,190473.94,11-01-2024 16:00,27.44,59.46
2024,11-Jan 5pm,193377.39,11-01-2024 17:00,27.2,58.09
2024,11-Jan 6pm,195810.25,11-01-2024 18:00,24.07,61.07
2024,11-Jan 7pm,191674.1,11-01-2024 19:00,23.6,56.85
2024,11-Jan 8pm,181513.49,11-01-2024 20:00,24.12,61.27
2024,11-Jan 9pm,173482.26,11-01-2024 21:00,21.49,71.74
2024,11-Jan 10pm,164533.1,11-01-2024 22:00,20.64,70.64
2024,11-Jan 11pm,156878.27,11-01-2024 23:00,21.02,73.3
2024,12-Jan 12am,150500.26,12-01-2024 00:00,18.38,72.31
2024,12-Jan 1am,145667.75,12-01-2024 01:00,18.24,78.89
2024,12-Jan 2am,142929.37,12-01-2024 02:00,18.2,70.55
2024,12-Jan 3am,141950.4,12-01-2024 03:00,18.2,71.77
2024,12-Jan 4am,144797.8,12-01-2024 04:00,17.86,75.49
2024,12-Jan 5am,154452.46,12-01-2024 05:00,17.79,74.81
2024,12-Jan 6am,171156.72,12-01-2024 06:00,20.31,70.46
2024,12-Jan 7am,192666.96,12-01-2024 07:00,20.31,70.07
2024,12-Jan 8am,205007.41,12-01-2024 08:00,20.37,79.88
2024,12-Jan 9am,213351.8,12-01-2024 09:00,23.41,61.59
2024,12-Jan 10am,217182.66,12-01-2024 10:00,23.01,58.65
2024,12-Jan 11am,217259.29,12-01-2024 11:00,23,59.7
2024,12-Jan 12pm,213304.67,12-01-2024 12:00,26.3,57.67
2024,12-Jan 1pm,204047.45,12-01-2024 13:00,26.15,58.45
2024,12-Jan 2pm,199362.45,12-01-2024 14:00,26.2,61.49
2024,12-Jan 3pm,197294.91,12-01-2024 15:00,27.3,63.83
2024,12-Jan 4pm,194865.24,12-01-2024 16:00,27.39,56.84
2024,12-Jan 5pm,195682.31,12-01-2024 17:00,26.84,63.4
2024,12-Jan 6pm,196912.57,12-01-2024 18:00,23.88,56.22
2024,12-Jan 7pm,192498.6,12-01-2024 19:00,23.59,57.15
2024,12-Jan 8pm,183139.9,12-01-2024 20:00,24.08,55.37
2024,12-Jan 9pm,175029.83,12-01-2024 21:00,20.54,71.41
2024,12-Jan 10pm,166375.13,12-01-2024 22:00,20.97,79.17
2024,12-Jan 11pm,159938.06,12-01-2024 23:00,21.04,74.59
2024,13-Jan 12am,153404.03,13-01-2024 00:00,17.79,70.78
2024,13-Jan 1am,148514.03,13-01-2024 01:00,18.09,79.6
2024,13-Jan 2am,144961.73,13-01-2024 02:00,17.53,78.79
2024,13-Jan 3am,143793.63,13-01-2024 03:00,17.54,77.55
2024,13-Jan 4am,146585.91,13-01-2024 04:00,18.32,79.33
2024,13-Jan 5am,155419.47,13-01-2024 05:00,17.86,72.2
2024,13-Jan 6am,170385.03,13-01-2024 06:00,19.63,78.36
2024,13-Jan 7am,190159.74,13-01-2024 07:00,20.02,76.9
2024,13-Jan 8am,203003.77,13-01-2024 08:00,20.27,78.7
2024,13-Jan 9am,210452.9,13-01-2024 09:00,22.72,42.97
2024,13-Jan 10am,214787.55,13-01-2024 10:00,23.12,58.46
2024,13-Jan 11am,213369.28,13-01-2024 11:00,22.59,42.74
2024,13-Jan 12pm,209991.8,13-01-2024 12:00,25.55,57.62
2024,13-Jan 1pm,202881.77,13-01-2024 13:00,26.03,58.29
2024,13-Jan 2pm,199859.72,13-01-2024 14:00,26.04,56.08
2024,13-Jan 3pm,197734.47,13-01-2024 15:00,27.14,64.35
2024,13-Jan 4pm,193566.8,13-01-2024 16:00,27.23,57.91
2024,13-Jan 5pm,191110.78,13-01-2024 17:00,27.48,60.21
2024,13-Jan 6pm,190311.74,13-01-2024 18:00,24.02,58.91
2024,13-Jan 7pm,186576.49,13-01-2024 19:00,23.82,64.6
2024,13-Jan 8pm,178561,13-01-2024 20:00,24.3,58.35
2024,13-Jan 9pm,172840.4,13-01-2024 21:00,20.77,77.79
2024,13-Jan 10pm,164595.58,13-01-2024 22:00,20.94,78.55
2024,13-Jan 11pm,158257.75,13-01-2024 23:00,20.58,74.36
2024,14-Jan 12am,151999.84,14-01-2024 00:00,17.53,73.78
2024,14-Jan 1am,147150.54,14-01-2024 01:00,18.46,77.48
2024,14-Jan 2am,143852.77,14-01-2024 02:00,18.34,79.13
2024,14-Jan 3am,143202.5,14-01-2024 03:00,18.2,77.55
2024,14-Jan 4am,145948.94,14-01-2024 04:00,17.91,72.27
2024,14-Jan 5am,154515.52,14-01-2024 05:00,17.67,78.88
2024,14-Jan 6am,166390.25,14-01-2024 06:00,19.66,73.88
2024,14-Jan 7am,181677.49,14-01-2024 07:00,19.75,75.76
2024,14-Jan 8am,193056.65,14-01-2024 08:00,20.05,78.31
2024,14-Jan 9am,200857.06,14-01-2024 09:00,23.21,56.88
2024,14-Jan 10am,204418.25,14-01-2024 10:00,23.16,62.85
2024,14-Jan 11am,202950.06,14-01-2024 11:00,22.78,40.96
2024,14-Jan 12pm,198492.67,14-01-2024 12:00,26.45,63.93
2024,14-Jan 1pm,189761.8,14-01-2024 13:00,26.24,56.72
2024,14-Jan 2pm,182683.87,14-01-2024 14:00,26.05,59.21
2024,14-Jan 3pm,177385.87,14-01-2024 15:00,27.11,63.33
2024,14-Jan 4pm,173947.36,14-01-2024 16:00,26.92,55.19
2024,14-Jan 5pm,175561.08,14-01-2024 17:00,26.75,56.12
2024,14-Jan 6pm,178043.28,14-01-2024 18:00,23.86,64.91
2024,14-Jan 7pm,175431.62,14-01-2024 19:00,24.26,57.8
2024,14-Jan 8pm,168025.27,14-01-2024 20:00,23.51,64.76
2024,14-Jan 9pm,161522.74,14-01-2024 21:00,20.62,71.83
2024,14-Jan 10pm,154802.73,14-01-2024 22:00,20.55,73.61
2024,14-Jan 11pm,148815.4,14-01-2024 23:00,20.54,77.53
2024,15-Jan 12am,142908.4,15-01-2024 00:00,18.36,76.58
2024,15-Jan 1am,138338.23,15-01-2024 01:00,18.2,75.81
2024,15-Jan 2am,135402.68,15-01-2024 02:00,17.97,75.3
2024,15-Jan 3am,134664.83,15-01-2024 03:00,17.6,78.43
2024,15-Jan 4am,138321.97,15-01-2024 04:00,17.99,72.35
2024,15-Jan 5am,149054.23,15-01-2024 05:00,17.97,74.42
2024,15-Jan 6am,164424.85,15-01-2024 06:00,19.67,71.55
2024,15-Jan 7am,183389.94,15-01-2024 07:00,19.93,75.96
2024,15-Jan 8am,196111.32,15-01-2024 08:00,19.9,72.51
2024,15-Jan 9am,204197.78,15-01-2024 09:00,23.12,58.34
2024,15-Jan 10am,209986.65,15-01-2024 10:00,23.14,59.71
2024,15-Jan 11am,208390.61,15-01-2024 11:00,22.55,35.27
2024,15-Jan 12pm,203876.4,15-01-2024 12:00,25.87,55.92
2024,15-Jan 1pm,196368.8,15-01-2024 13:00,26.13,61.86
2024,15-Jan 2pm,192776.7,15-01-2024 14:00,26,59.29
2024,15-Jan 3pm,190950.58,15-01-2024 15:00,27.36,63.65
2024,15-Jan 4pm,187414.96,15-01-2024 16:00,27.16,61.95
2024,15-Jan 5pm,184999.29,15-01-2024 17:00,26.66,55.08
2024,15-Jan 6pm,183548.85,15-01-2024 18:00,23.57,61.17
2024,15-Jan 7pm,180272.33,15-01-2024 19:00,24.14,55.94
2024,15-Jan 8pm,173960.18,15-01-2024 20:00,23.53,62.81
2024,15-Jan 9pm,166612.03,15-01-2024 21:00,21.09,79.92
2024,15-Jan 10pm,158989.26,15-01-2024 22:00,21.44,75.31
2024,15-Jan 11pm,152273.53,15-01-2024 23:00,21.08,76.83
2024,16-Jan 12am,146667.07,16-01-2024 00:00,17.89,72.37
2024,16-Jan 1am,142465.54,16-01-2024 01:00,18.14,74.38
2024,16-Jan 2am,139812.22,16-01-2024 02:00,17.96,78.56
2024,16-Jan 3am,138845.28,16-01-2024 03:00,18.05,71.67
2024,16-Jan 4am,141822.34,16-01-2024 04:00,18.44,72.66
2024,16-Jan 5am,151059.65,16-01-2024 05:00,17.89,74.45
2024,16-Jan 6am,166341.62,16-01-2024 06:00,20.46,77.12
2024,16-Jan 7am,185690.03,16-01-2024 07:00,20.41,73.76
2024,16-Jan 8am,197823.89,16-01-2024 08:00,19.7,79.28
2024,16-Jan 9am,206838.24,16-01-2024 09:00,22.57,35.94
2024,16-Jan 10am,212639.99,16-01-2024 10:00,22.6,38.71
2024,16-Jan 11am,209856.6,16-01-2024 11:00,22.52,42.09
2024,16-Jan 12pm,206527.61,16-01-2024 12:00,25.59,57.26
2024,16-Jan 1pm,199809.77,16-01-2024 13:00,26.18,61.56
2024,16-Jan 2pm,197890.48,16-01-2024 14:00,25.57,56.64
2024,16-Jan 3pm,197611.6,16-01-2024 15:00,26.82,55.56
2024,16-Jan 4pm,193994.55,16-01-2024 16:00,27.34,56.21
2024,16-Jan 5pm,191347.46,16-01-2024 17:00,26.52,64.3
2024,16-Jan 6pm,189973.01,16-01-2024 18:00,24.31,60.52
2024,16-Jan 7pm,185798.61,16-01-2024 19:00,23.78,62.96
2024,16-Jan 8pm,178724.04,16-01-2024 20:00,23.62,58.33
2024,16-Jan 9pm,171730.47,16-01-2024 21:00,21.2,75.93
2024,16-Jan 10pm,163872.96,16-01-2024 22:00,21.13,74.95
2024,16-Jan 11pm,157147.63,16-01-2024 23:00,21.38,79.46
2024,17-Jan 12am,151482.23,17-01-2024 00:00,18.24,77.48
2024,17-Jan 1am,147034.15,17-01-2024 01:00,18.3,77.31
2024,17-Jan 2am,144243.89,17-01-2024 02:00,17.78,70.46
2024,17-Jan 3am,142982.32,17-01-2024 03:00,17.68,75.5
2024,17-Jan 4am,145810.99,17-01-2024 04:00,18.25,74.67
2024,17-Jan 5am,155048,17-01-2024 05:00,18.31,79.28
2024,17-Jan 6am,171587.64,17-01-2024 06:00,20.49,72.57
2024,17-Jan 7am,189835.98,17-01-2024 07:00,19.91,72.7
2024,17-Jan 8am,198730.16,17-01-2024 08:00,19.87,74.11
2024,17-Jan 9am,206230.04,17-01-2024 09:00,23.28,57.43
2024,17-Jan 10am,211248.05,17-01-2024 10:00,22.84,36.29
2024,17-Jan 11am,211554.39,17-01-2024 11:00,23.43,63.57
2024,17-Jan 12pm,209607.83,17-01-2024 12:00,26.36,60.58
2024,17-Jan 1pm,203879.02,17-01-2024 13:00,25.93,63.61
2024,17-Jan 2pm,201619.22,17-01-2024 14:00,26.25,63.31
2024,17-Jan 3pm,199751.38,17-01-2024 15:00,27.25,57.82
2024,17-Jan 4pm,195521.75,17-01-2024 16:00,26.6,60.48
2024,17-Jan 5pm,192380.5,17-01-2024 17:00,27.4,55.83
2024,17-Jan 6pm,191588.26,17-01-2024 18:00,24.01,64.15
2024,17-Jan 7pm,187329.29,17-01-2024 19:00,24.33,59.04
2024,17-Jan 8pm,180403.3,17-01-2024 20:00,23.82,58.94
2024,17-Jan 9pm,174578.43,17-01-2024 21:00,21.4,73.03
2024,17-Jan 10pm,167020.62,17-01-2024 22:00,20.89,74.61
2024,17-Jan 11pm,160335.1,17-01-2024 23:00,20.51,72.52
2024,18-Jan 12am,153740.72,18-01-2024 00:00,18.41,73.75
2024,18-Jan 1am,148893.29,18-01-2024 01:00,17.59,78
2024,18-Jan 2am,145716.63,18-01-2024 02:00,17.82,78.34
2024,18-Jan 3am,144578.81,18-01-2024 03:00,18.45,73.04
2024,18-Jan 4am,147417.57,18-01-2024 04:00,18.45,74.69
2024,18-Jan 5am,157243.81,18-01-2024 05:00,18.07,78.74
2024,18-Jan 6am,175547.04,18-01-2024 06:00,20.13,70.53
2024,18-Jan 7am,194591.37,18-01-2024 07:00,19.95,78.89
2024,18-Jan 8am,201951.65,18-01-2024 08:00,19.79,72.19
2024,18-Jan 9am,208105.2,18-01-2024 09:00,22.83,41.79
2024,18-Jan 10am,212295.16,18-01-2024 10:00,23.17,60.83
2024,18-Jan 11am,212291.39,18-01-2024 11:00,23.25,60.53
2024,18-Jan 12pm,211778.65,18-01-2024 12:00,26.29,63.59
2024,18-Jan 1pm,205834.31,18-01-2024 13:00,26.29,56.02
2024,18-Jan 2pm,204577.44,18-01-2024 14:00,25.59,58.47
2024,18-Jan 3pm,202930.27,18-01-2024 15:00,26.99,60.38
2024,18-Jan 4pm,198443.45,18-01-2024 16:00,26.56,63.11
2024,18-Jan 5pm,195260.9,18-01-2024 17:00,27.05,57.16
2024,18-Jan 6pm,193094.99,18-01-2024 18:00,23.94,63.03
2024,18-Jan 7pm,189348.51,18-01-2024 19:00,24.39,59
2024,18-Jan 8pm,183115.55,18-01-2024 20:00,23.85,56.89
2024,18-Jan 9pm,176756.19,18-01-2024 21:00,20.62,77.59
2024,18-Jan 10pm,168312.16,18-01-2024 22:00,20.64,70.91
2024,18-Jan 11pm,161124.76,18-01-2024 23:00,21.26,75.15
2024,19-Jan 12am,154351.25,19-01-2024 00:00,18.12,70.64
2024,19-Jan 1am,150129.21,19-01-2024 01:00,17.6,73.56
2024,19-Jan 2am,147617.88,19-01-2024 02:00,17.58,76.01
2024,19-Jan 3am,146383.6,19-01-2024 03:00,18.2,75.56
2024,19-Jan 4am,149404.25,19-01-2024 04:00,17.57,74.05
2024,19-Jan 5am,159406.9,19-01-2024 05:00,18.32,74.29
2024,19-Jan 6am,177452.81,19-01-2024 06:00,20.21,72.27
2024,19-Jan 7am,196720.86,19-01-2024 07:00,19.58,74.56
2024,19-Jan 8am,204804.31,19-01-2024 08:00,19.58,79.53
2024,19-Jan 9am,210460.62,19-01-2024 09:00,23.49,63.5
2024,19-Jan 10am,216173.21,19-01-2024 10:00,22.87,36.45
2024,19-Jan 11am,217329.09,19-01-2024 11:00,22.87,35.3
2024,19-Jan 12pm,217445.31,19-01-2024 12:00,26.31,64.34
2024,19-Jan 1pm,210860.69,19-01-2024 13:00,26.45,60.27
2024,19-Jan 2pm,207906.83,19-01-2024 14:00,26.49,60.38
2024,19-Jan 3pm,204865.76,19-01-2024 15:00,27.25,62.81
2024,19-Jan 4pm,198975.18,19-01-2024 16:00,26.88,58.15
2024,19-Jan 5pm,195212.18,19-01-2024 17:00,26.58,59.82
2024,19-Jan 6pm,193838.8,19-01-2024 18:00,24.28,64.69
2024,19-Jan 7pm,190161.58,19-01-2024 19:00,24.06,61.72
2024,19-Jan 8pm,183228.73,19-01-2024 20:00,23.92,56.54
2024,19-Jan 9pm,178149.43,19-01-2024 21:00,21.41,71.33
2024,19-Jan 10pm,170494.75,19-01-2024 22:00,20.61,72.04
2024,19-Jan 11pm,163255.59,19-01-2024 23:00,20.99,77.67
2024,20-Jan 12am,156792.31,20-01-2024 00:00,17.51,72.95
2024,20-Jan 1am,152409.57,20-01-2024 01:00,17.97,70.21
2024,20-Jan 2am,149549.21,20-01-2024 02:00,17.56,79.44
2024,20-Jan 3am,148757.19,20-01-2024 03:00,17.62,71.7
2024,20-Jan 4am,151671.18,20-01-2024 04:00,17.62,70.1
2024,20-Jan 5am,161874.95,20-01-2024 05:00,18.15,72.37
2024,20-Jan 6am,178371.5,20-01-2024 06:00,20.25,72.35
2024,20-Jan 7am,196356.91,20-01-2024 07:00,20.08,74.22
2024,20-Jan 8am,203308.38,20-01-2024 08:00,20.46,79.2
2024,20-Jan 9am,210708.78,20-01-2024 09:00,22.87,43.79
2024,20-Jan 10am,215426.52,20-01-2024 10:00,22.79,39.57
2024,20-Jan 11am,214249.32,20-01-2024 11:00,23.37,59.11
2024,20-Jan 12pm,212910.99,20-01-2024 12:00,25.72,60.55
2024,20-Jan 1pm,207208.14,20-01-2024 13:00,26.46,57.43
2024,20-Jan 2pm,203887.38,20-01-2024 14:00,25.51,55.52
2024,20-Jan 3pm,202371.36,20-01-2024 15:00,27.47,64.39
2024,20-Jan 4pm,198608.54,20-01-2024 16:00,26.54,56.87
2024,20-Jan 5pm,195561.86,20-01-2024 17:00,27.39,56.98
2024,20-Jan 6pm,195408.37,20-01-2024 18:00,24.03,59.72
2024,20-Jan 7pm,191304.38,20-01-2024 19:00,24.49,59.92
2024,20-Jan 8pm,184635.43,20-01-2024 20:00,23.57,55.18
2024,20-Jan 9pm,177755.76,20-01-2024 21:00,21.05,71.48
2024,20-Jan 10pm,170439.29,20-01-2024 22:00,21.47,73.78
2024,20-Jan 11pm,163753.56,20-01-2024 23:00,21.02,76.84
2024,21-Jan 12am,157379.27,21-01-2024 00:00,18.13,72.28
2024,21-Jan 1am,152608.94,21-01-2024 01:00,18.2,74.23
2024,21-Jan 2am,149455.13,21-01-2024 02:00,17.95,75.57
2024,21-Jan 3am,148583.98,21-01-2024 03:00,18.13,78.89
2024,21-Jan 4am,150974.93,21-01-2024 04:00,18.08,73.26
2024,21-Jan 5am,158656.74,21-01-2024 05:00,18.4,71.34
2024,21-Jan 6am,170885.69,21-01-2024 06:00,19.55,74.89
2024,21-Jan 7am,185580.58,21-01-2024 07:00,19.78,77.47
2024,21-Jan 8am,194145.35,21-01-2024 08:00,20.45,71.1
2024,21-Jan 9am,201451.63,21-01-2024 09:00,23.39,59.25
2024,21-Jan 10am,209997.96,21-01-2024 10:00,22.96,35.18
2024,21-Jan 11am,211011.82,21-01-2024 11:00,23.12,55.34
2024,21-Jan 12pm,209105.4,21-01-2024 12:00,25.78,59.83
2024,21-Jan 1pm,202292.55,21-01-2024 13:00,25.69,57.98
2024,21-Jan 2pm,196309.08,21-01-2024 14:00,25.96,63.45
2024,21-Jan 3pm,192382.94,21-01-2024 15:00,26.85,61.02
2024,21-Jan 4pm,189278.31,21-01-2024 16:00,27.08,59.54
2024,21-Jan 5pm,188776.75,21-01-2024 17:00,26.58,59.08
2024,21-Jan 6pm,188404.82,21-01-2024 18:00,24.47,59.97
2024,21-Jan 7pm,186500.87,21-01-2024 19:00,24.49,55.4
2024,21-Jan 8pm,177965.94,21-01-2024 20:00,24.2,63.93
2024,21-Jan 9pm,171213.05,21-01-2024 21:00,21.04,79.98
2024,21-Jan 10pm,163492.98,21-01-2024 22:00,20.81,71.81
2024,21-Jan 11pm,157604.93,21-01-2024 23:00,21.31,71.2
2024,22-Jan 12am,151590.37,22-01-2024 00:00,18.18,71.44
2024,22-Jan 1am,147693.44,22-01-2024 01:00,17.66,76.61
2024,22-Jan 2am,144558.04,22-01-2024 02:00,18.41,76.61
2024,22-Jan 3am,143695,22-01-2024 03:00,18.32,78.48
2024,22-Jan 4am,146670.01,22-01-2024 04:00,18.45,77.52
2024,22-Jan 5am,157250.44,22-01-2024 05:00,18.23,74.5
2024,22-Jan 6am,174187.45,22-01-2024 06:00,20.11,76.13
2024,22-Jan 7am,193115.73,22-01-2024 07:00,19.92,76.88
2024,22-Jan 8am,202304.88,22-01-2024 08:00,20.43,75.13
2024,22-Jan 9am,209952.62,22-01-2024 09:00,23.37,59.76
2024,22-Jan 10am,217364.79,22-01-2024 10:00,22.55,41.45
2024,22-Jan 11am,218693.92,22-01-2024 11:00,22.53,40.57
2024,22-Jan 12pm,216962.98,22-01-2024 12:00,25.88,61.44
2024,22-Jan 1pm,210698.89,22-01-2024 13:00,26.31,61.13
2024,22-Jan 2pm,205302.35,22-01-2024 14:00,26.49,62.19
2024,22-Jan 3pm,202424.16,22-01-2024 15:00,26.65,61.43
2024,22-Jan 4pm,197598.66,22-01-2024 16:00,27.09,60.2
2024,22-Jan 5pm,192935.75,22-01-2024 17:00,26.88,61.82
2024,22-Jan 6pm,191413.74,22-01-2024 18:00,24.47,59.49
2024,22-Jan 7pm,188095.58,22-01-2024 19:00,24.34,57.42
2024,22-Jan 8pm,180805.93,22-01-2024 20:00,24.34,55.01
2024,22-Jan 9pm,174910.23,22-01-2024 21:00,20.97,75.6
2024,22-Jan 10pm,167060.63,22-01-2024 22:00,20.91,75.91
2024,22-Jan 11pm,160391.43,22-01-2024 23:00,20.77,79.72
2024,23-Jan 12am,154601.79,23-01-2024 00:00,17.56,73.61
2024,23-Jan 1am,150374.77,23-01-2024 01:00,18.36,73.94
2024,23-Jan 2am,147404.05,23-01-2024 02:00,18.31,72.02
2024,23-Jan 3am,147009.61,23-01-2024 03:00,18.5,70.71
2024,23-Jan 4am,149745.62,23-01-2024 04:00,18.5,77.73
2024,23-Jan 5am,158356.6,23-01-2024 05:00,18.06,72.5
2024,23-Jan 6am,174324.82,23-01-2024 06:00,20.27,76.09
2024,23-Jan 7am,191744.01,23-01-2024 07:00,20.44,76.88
2024,23-Jan 8am,199624.43,23-01-2024 08:00,20.35,74.71
2024,23-Jan 9am,205532.05,23-01-2024 09:00,22.75,43.76
2024,23-Jan 10am,212901.18,23-01-2024 10:00,22.95,39.44
2024,23-Jan 11am,215147.32,23-01-2024 11:00,22.63,37.85
2024,23-Jan 12pm,214152.9,23-01-2024 12:00,26.45,63.96
2024,23-Jan 1pm,207671.19,23-01-2024 13:00,26.11,63.62
2024,23-Jan 2pm,204595.84,23-01-2024 14:00,25.73,56.64
2024,23-Jan 3pm,202240.79,23-01-2024 15:00,27.17,55.26
2024,23-Jan 4pm,198216.11,23-01-2024 16:00,27.12,55.9
2024,23-Jan 5pm,195603.72,23-01-2024 17:00,26.86,57.87
2024,23-Jan 6pm,194499.74,23-01-2024 18:00,23.61,64.72
2024,23-Jan 7pm,191189.19,23-01-2024 19:00,24.17,60.59
2024,23-Jan 8pm,185427.33,23-01-2024 20:00,24.02,58.73
2024,23-Jan 9pm,179311.01,23-01-2024 21:00,21.27,78.89
2024,23-Jan 10pm,172517.49,23-01-2024 22:00,21.02,74.53
2024,23-Jan 11pm,165275.67,23-01-2024 23:00,21.35,73.15
2024,24-Jan 12am,158160.56,24-01-2024 00:00,18.05,79.41
2024,24-Jan 1am,153236.32,24-01-2024 01:00,18.06,78.5
2024,24-Jan 2am,150101.33,24-01-2024 02:00,18.38,78.44
2024,24-Jan 3am,149096.04,24-01-2024 03:00,17.9,75.12
2024,24-Jan 4am,151039.59,24-01-2024 04:00,17.63,77.89
2024,24-Jan 5am,160472.09,24-01-2024 05:00,17.53,71.79
2024,24-Jan 6am,178672.78,24-01-2024 06:00,20.26,75.73
2024,24-Jan 7am,195236.55,24-01-2024 07:00,20.12,79.84
2024,24-Jan 8am,202041.11,24-01-2024 08:00,20.2,72.91
2024,24-Jan 9am,207863.26,24-01-2024 09:00,22.71,42.94
2024,24-Jan 10am,213403.4,24-01-2024 10:00,22.64,39.9
2024,24-Jan 11am,214008.59,24-01-2024 11:00,22.51,35.4
2024,24-Jan 12pm,214294.93,24-01-2024 12:00,25.85,62.63
2024,24-Jan 1pm,210057.61,24-01-2024 13:00,26.09,56.69
2024,24-Jan 2pm,206906.21,24-01-2024 14:00,25.89,61.31
2024,24-Jan 3pm,203680.16,24-01-2024 15:00,26.94,55.86
2024,24-Jan 4pm,198165.71,24-01-2024 16:00,27.4,64.47
2024,24-Jan 5pm,195639.35,24-01-2024 17:00,26.85,57.92
2024,24-Jan 6pm,194282.75,24-01-2024 18:00,24.01,57.26
2024,24-Jan 7pm,191508.59,24-01-2024 19:00,24.28,56.29
2024,24-Jan 8pm,184752.47,24-01-2024 20:00,23.9,64.46
2024,24-Jan 9pm,180414.94,24-01-2024 21:00,21.12,77.12
2024,24-Jan 10pm,173348.77,24-01-2024 22:00,21.36,77.42
2024,24-Jan 11pm,165665.16,24-01-2024 23:00,21.45,74.99
2024,25-Jan 12am,158295.66,25-01-2024 00:00,17.65,74.75
2024,25-Jan 1am,153458.2,25-01-2024 01:00,18.43,71.1
2024,25-Jan 2am,150648.15,25-01-2024 02:00,17.99,75.6
2024,25-Jan 3am,149846.05,25-01-2024 03:00,17.76,72.47
2024,25-Jan 4am,152379.02,25-01-2024 04:00,17.96,79.77
2024,25-Jan 5am,162157.58,25-01-2024 05:00,18.48,77.97
2024,25-Jan 6am,178489.16,25-01-2024 06:00,19.99,74.13
2024,25-Jan 7am,195135.21,25-01-2024 07:00,19.83,71.51
2024,25-Jan 8am,204750.7,25-01-2024 08:00,20.13,77.85
2024,25-Jan 9am,212907.29,25-01-2024 09:00,22.74,36.22
2024,25-Jan 10am,218714.14,25-01-2024 10:00,22.58,36.89
2024,25-Jan 11am,219952.08,25-01-2024 11:00,22.63,37.12
2024,25-Jan 12pm,216962.57,25-01-2024 12:00,25.63,60.57
2024,25-Jan 1pm,209391.6,25-01-2024 13:00,25.65,62.87
2024,25-Jan 2pm,206487.47,25-01-2024 14:00,25.64,58.14
2024,25-Jan 3pm,203817.11,25-01-2024 15:00,27.14,55.85
2024,25-Jan 4pm,198944.86,25-01-2024 16:00,26.68,59.65
2024,25-Jan 5pm,195479.53,25-01-2024 17:00,26.85,62.48
2024,25-Jan 6pm,193344.61,25-01-2024 18:00,24.4,57.22
2024,25-Jan 7pm,189628.14,25-01-2024 19:00,23.97,57.2
2024,25-Jan 8pm,183019.15,25-01-2024 20:00,24.17,64.47
2024,25-Jan 9pm,178122.98,25-01-2024 21:00,20.67,79.54
2024,25-Jan 10pm,172089.71,25-01-2024 22:00,20.69,79.9
2024,25-Jan 11pm,165475.97,25-01-2024 23:00,20.54,78.08
2024,26-Jan 12am,158675.01,26-01-2024 00:00,17.67,71.88
2024,26-Jan 1am,153379.3,26-01-2024 01:00,17.78,72.12
2024,26-Jan 2am,149999.08,26-01-2024 02:00,17.68,73.4
2024,26-Jan 3am,149538.04,26-01-2024 03:00,17.59,73.18
2024,26-Jan 4am,152475.41,26-01-2024 04:00,17.62,79.57
2024,26-Jan 5am,162282.88,26-01-2024 05:00,17.96,77.89
2024,26-Jan 6am,178138.41,26-01-2024 06:00,19.71,77.24
2024,26-Jan 7am,192526.06,26-01-2024 07:00,19.86,71.86
2024,26-Jan 8am,197458.44,26-01-2024 08:00,20,79.1
2024,26-Jan 9am,203777.4,26-01-2024 09:00,23.19,63.28
2024,26-Jan 10am,210133.24,26-01-2024 10:00,22.54,36.64
2024,26-Jan 11am,212513.42,26-01-2024 11:00,23.3,63.71
2024,26-Jan 12pm,209509.11,26-01-2024 12:00,26.13,57.72
2024,26-Jan 1pm,199729.59,26-01-2024 13:00,25.58,55.81
2024,26-Jan 2pm,190034.7,26-01-2024 14:00,26.37,61.57
2024,26-Jan 3pm,187294.32,26-01-2024 15:00,27.42,61.54
2024,26-Jan 4pm,184021.34,26-01-2024 16:00,26.56,55.95
2024,26-Jan 5pm,182756.99,26-01-2024 17:00,26.78,58.19
2024,26-Jan 6pm,184071.96,26-01-2024 18:00,24.31,64.93
2024,26-Jan 7pm,181332.72,26-01-2024 19:00,24.25,61.78
2024,26-Jan 8pm,172569.54,26-01-2024 20:00,23.68,62.3
2024,26-Jan 9pm,165660.55,26-01-2024 21:00,20.71,72.13
2024,26-Jan 10pm,158369.18,26-01-2024 22:00,20.87,70.79
2024,26-Jan 11pm,152158.98,26-01-2024 23:00,20.98,72.77
2024,27-Jan 12am,146968.39,27-01-2024 00:00,18.12,72.49
2024,27-Jan 1am,142959.46,27-01-2024 01:00,17.87,72.35
2024,27-Jan 2am,140445.31,27-01-2024 02:00,17.96,71.93
2024,27-Jan 3am,139789.93,27-01-2024 03:00,18.25,75.75
2024,27-Jan 4am,142672.62,27-01-2024 04:00,17.54,73.28
2024,27-Jan 5am,152487.75,27-01-2024 05:00,17.75,78.2
2024,27-Jan 6am,169740.91,27-01-2024 06:00,20.21,71.84
2024,27-Jan 7am,192489.52,27-01-2024 07:00,20.4,74.65
2024,27-Jan 8am,203922.16,27-01-2024 08:00,20.01,70.14
2024,27-Jan 9am,210663.43,27-01-2024 09:00,23.03,59.82
2024,27-Jan 10am,216145.61,27-01-2024 10:00,22.61,35.56
2024,27-Jan 11am,216219.18,27-01-2024 11:00,22.95,44.78
2024,27-Jan 12pm,211421.57,27-01-2024 12:00,26.03,62.91
2024,27-Jan 1pm,202440.04,27-01-2024 13:00,25.74,59.9
2024,27-Jan 2pm,198159.05,27-01-2024 14:00,25.77,55.87
2024,27-Jan 3pm,195457.46,27-01-2024 15:00,26.88,60.92
2024,27-Jan 4pm,193841.83,27-01-2024 16:00,26.52,62.59
2024,27-Jan 5pm,194632.04,27-01-2024 17:00,26.82,56.91
2024,27-Jan 6pm,195520.53,27-01-2024 18:00,23.71,60.68
2024,27-Jan 7pm,191618.95,27-01-2024 19:00,23.83,63.14
2024,27-Jan 8pm,181759.44,27-01-2024 20:00,23.62,62.68
2024,27-Jan 9pm,173915.45,27-01-2024 21:00,21.39,78.03
2024,27-Jan 10pm,166074.09,27-01-2024 22:00,21.09,78.79
2024,27-Jan 11pm,160121.5,27-01-2024 23:00,21.18,79.38
2024,28-Jan 12am,154636.05,28-01-2024 00:00,18.29,74.06
2024,28-Jan 1am,150921.06,28-01-2024 01:00,18,75.69
2024,28-Jan 2am,147877.3,28-01-2024 02:00,17.59,77.91
2024,28-Jan 3am,147151.36,28-01-2024 03:00,18.04,76.97
2024,28-Jan 4am,149520.73,28-01-2024 04:00,18.09,79.96
2024,28-Jan 5am,158485.69,28-01-2024 05:00,18.25,70.14
2024,28-Jan 6am,171883.86,28-01-2024 06:00,19.93,73.55
2024,28-Jan 7am,188993.42,28-01-2024 07:00,19.63,72.81
2024,28-Jan 8am,200466.63,28-01-2024 08:00,19.78,72.62
2024,28-Jan 9am,209062.05,28-01-2024 09:00,22.86,37.23
2024,28-Jan 10am,213003,28-01-2024 10:00,23.15,62.09
2024,28-Jan 11am,212287.37,28-01-2024 11:00,23.07,55.85
2024,28-Jan 12pm,208386.62,28-01-2024 12:00,25.86,62.42
2024,28-Jan 1pm,199802.15,28-01-2024 13:00,26.49,61.93
2024,28-Jan 2pm,192733.76,28-01-2024 14:00,26.11,57.51
2024,28-Jan 3pm,189038.82,28-01-2024 15:00,26.74,57.53
2024,28-Jan 4pm,186359.45,28-01-2024 16:00,26.6,61.29
2024,28-Jan 5pm,187404.51,28-01-2024 17:00,26.65,62.62
2024,28-Jan 6pm,187570.35,28-01-2024 18:00,23.75,63.76
2024,28-Jan 7pm,185618.43,28-01-2024 19:00,23.66,63.52
2024,28-Jan 8pm,176058.17,28-01-2024 20:00,23.69,64.65
2024,28-Jan 9pm,169106.77,28-01-2024 21:00,20.79,75.81
2024,28-Jan 10pm,162412.88,28-01-2024 22:00,20.67,79.09
2024,28-Jan 11pm,156951.05,28-01-2024 23:00,21.4,78.09
2024,29-Jan 12am,151778.6,29-01-2024 00:00,17.58,78.95
2024,29-Jan 1am,147351.05,29-01-2024 01:00,18.02,70.12
2024,29-Jan 2am,144729.88,29-01-2024 02:00,17.91,79.66
2024,29-Jan 3am,144679.69,29-01-2024 03:00,18.48,74.74
2024,29-Jan 4am,148173.6,29-01-2024 04:00,17.61,77.98
2024,29-Jan 5am,158890.03,29-01-2024 05:00,17.9,71.27
2024,29-Jan 6am,177523.29,29-01-2024 06:00,20.47,73.96
2024,29-Jan 7am,198355.7,29-01-2024 07:00,20.37,72.71
2024,29-Jan 8am,206958.61,29-01-2024 08:00,20.32,72.92
2024,29-Jan 9am,214222.08,29-01-2024 09:00,22.76,36.23
2024,29-Jan 10am,219239.9,29-01-2024 10:00,22.67,43.06
2024,29-Jan 11am,219914.47,29-01-2024 11:00,23.17,55.09
2024,29-Jan 12pm,214708.82,29-01-2024 12:00,26.43,58.13
2024,29-Jan 1pm,204385.82,29-01-2024 13:00,26.06,56.74
2024,29-Jan 2pm,200540.67,29-01-2024 14:00,26.07,60.89
2024,29-Jan 3pm,198730.13,29-01-2024 15:00,26.78,57.54
2024,29-Jan 4pm,197751.42,29-01-2024 16:00,27.27,57.59
2024,29-Jan 5pm,196915.53,29-01-2024 17:00,26.69,59.88
2024,29-Jan 6pm,195374.1,29-01-2024 18:00,23.82,61.53
2024,29-Jan 7pm,191863.18,29-01-2024 19:00,23.93,56.21
2024,29-Jan 8pm,183558.56,29-01-2024 20:00,24.01,56.76
2024,29-Jan 9pm,177135.42,29-01-2024 21:00,20.74,72.47
2024,29-Jan 10pm,170293.83,29-01-2024 22:00,20.61,79.74
2024,29-Jan 11pm,163360.95,29-01-2024 23:00,21.11,73.97
2024,30-Jan 12am,157749.83,30-01-2024 00:00,17.79,75.99
2024,30-Jan 1am,153681,30-01-2024 01:00,18.08,72.42
2024,30-Jan 2am,150882.07,30-01-2024 02:00,17.65,74.9
2024,30-Jan 3am,149916.08,30-01-2024 03:00,17.98,70.74
2024,30-Jan 4am,152876.39,30-01-2024 04:00,18.03,70.35
2024,30-Jan 5am,162993.87,30-01-2024 05:00,17.55,74.69
2024,30-Jan 6am,180960.24,30-01-2024 06:00,19.84,73.99
2024,30-Jan 7am,196936.67,30-01-2024 07:00,19.63,71.37
2024,30-Jan 8am,204736.96,30-01-2024 08:00,19.56,76.88
2024,30-Jan 9am,211671.27,30-01-2024 09:00,23.49,64.93
2024,30-Jan 10am,216541.39,30-01-2024 10:00,22.82,38.96
2024,30-Jan 11am,216726.98,30-01-2024 11:00,23.31,61.25
2024,30-Jan 12pm,212781.42,30-01-2024 12:00,25.75,64.63
2024,30-Jan 1pm,203823.9,30-01-2024 13:00,26.18,63.32
2024,30-Jan 2pm,200269.07,30-01-2024 14:00,26.26,59.64
2024,30-Jan 3pm,198579.99,30-01-2024 15:00,27.1,62.37
2024,30-Jan 4pm,196550.63,30-01-2024 16:00,26.97,56.28
2024,30-Jan 5pm,196279.47,30-01-2024 17:00,26.91,60.12
2024,30-Jan 6pm,194144.22,30-01-2024 18:00,23.85,57.79
2024,30-Jan 7pm,189705.76,30-01-2024 19:00,24.43,56.61
2024,30-Jan 8pm,183287.76,30-01-2024 20:00,24.33,59.26
2024,30-Jan 9pm,176438.67,30-01-2024 21:00,21.47,71.31
2024,30-Jan 10pm,168926.37,30-01-2024 22:00,20.62,76.99
2024,30-Jan 11pm,163327.53,30-01-2024 23:00,21.23,74.56
2024,31-Jan 12am,157792.64,31-01-2024 00:00,18.44,75.31
2024,31-Jan 1am,153621.27,31-01-2024 01:00,17.68,71.46
2024,31-Jan 2am,150803.92,31-01-2024 02:00,17.57,71.4
2024,31-Jan 3am,150201.96,31-01-2024 03:00,18.24,75.83
2024,31-Jan 4am,152935.61,31-01-2024 04:00,18.07,79.85
2024,31-Jan 5am,161905.6,31-01-2024 05:00,18.34,70.96
2024,31-Jan 6am,177955.73,31-01-2024 06:00,19.64,72.86
2024,31-Jan 7am,193523.26,31-01-2024 07:00,20.3,78.69
2024,31-Jan 8am,201899.53,31-01-2024 08:00,19.7,70.72
2024,31-Jan 9am,211005.22,31-01-2024 09:00,22.66,43.76
2024,31-Jan 10am,217343.38,31-01-2024 10:00,22.66,40.24
2024,31-Jan 11am,215721.51,31-01-2024 11:00,23.31,59.08
2024,31-Jan 12pm,211405.08,31-01-2024 12:00,26.17,58.1
2024,31-Jan 1pm,203757.8,31-01-2024 13:00,26.02,57.97
2024,31-Jan 2pm,199705.25,31-01-2024 14:00,25.86,58.06
2024,31-Jan 3pm,195959.16,31-01-2024 15:00,27.38,63.85
2024,31-Jan 4pm,195569.13,31-01-2024 16:00,26.89,62.24
2024,31-Jan 5pm,193286.17,31-01-2024 17:00,27.32,61.7
2024,31-Jan 6pm,191580.91,31-01-2024 18:00,23.94,62.99
2024,31-Jan 7pm,188361.35,31-01-2024 19:00,23.88,57.57
2024,31-Jan 8pm,180066.53,31-01-2024 20:00,23.96,61.18
2024,31-Jan 9pm,171799.21,31-01-2024 21:00,20.8,74.6
2024,31-Jan 10pm,163724.75,31-01-2024 22:00,21.25,77.82
2024,31-Jan 11pm,157867.35,31-01-2024 23:00,21,73.09
2024,01-Feb 12am,152032.11,01-02-2024 00:00,19.73,76.43
2024,01-Feb 1am,147716.29,01-02-2024 01:00,20.4,78.82
2024,01-Feb 2am,144241.09,01-02-2024 02:00,19.88,74.02
2024,01-Feb 3am,143321.38,01-02-2024 03:00,20.04,70.67
2024,01-Feb 4am,145418.85,01-02-2024 04:00,20.41,75.16
2024,01-Feb 5am,154265.39,01-02-2024 05:00,20.12,73.46
2024,01-Feb 6am,169873.67,01-02-2024 06:00,21.62,76.72
2024,01-Feb 7am,189242.76,01-02-2024 07:00,22.44,44.51
2024,01-Feb 8am,197509.93,01-02-2024 08:00,22.13,39.86
2024,01-Feb 9am,206139.96,01-02-2024 09:00,24.83,59.66
2024,01-Feb 10am,209325.34,01-02-2024 10:00,24.64,61.55
2024,01-Feb 11am,206867.93,01-02-2024 11:00,25.29,56.03
2024,01-Feb 12pm,202169.21,01-02-2024 12:00,28.12,37.54
2024,01-Feb 1pm,195648.71,01-02-2024 13:00,28.03,44.19
2024,01-Feb 2pm,193176.45,01-02-2024 14:00,28.39,41.7
2024,01-Feb 3pm,193714.45,01-02-2024 15:00,29.29,45.13
2024,01-Feb 4pm,192354.03,01-02-2024 16:00,28.65,37.05
2024,01-Feb 5pm,192896.08,01-02-2024 17:00,28.81,41.83
2024,01-Feb 6pm,191679.46,01-02-2024 18:00,25.75,62.64
2024,01-Feb 7pm,187870.08,01-02-2024 19:00,26.24,63.4
2024,01-Feb 8pm,180694.26,01-02-2024 20:00,25.53,57.92
2024,01-Feb 9pm,172843.77,01-02-2024 21:00,23.07,64.31
2024,01-Feb 10pm,165856.02,01-02-2024 22:00,23.26,60.53
2024,01-Feb 11pm,160362.07,01-02-2024 23:00,23.38,61.97
2024,02-Feb 12am,154863.01,02-02-2024 00:00,19.84,75.97
2024,02-Feb 1am,151229.31,02-02-2024 01:00,20.32,71.23
2024,02-Feb 2am,148534.39,02-02-2024 02:00,19.61,79.63
2024,02-Feb 3am,148024.18,02-02-2024 03:00,20.35,71.23
2024,02-Feb 4am,150928.45,02-02-2024 04:00,19.63,72.55
2024,02-Feb 5am,161267.12,02-02-2024 05:00,19.9,78.14
2024,02-Feb 6am,178514.8,02-02-2024 06:00,22.3,41.19
2024,02-Feb 7am,195869.22,02-02-2024 07:00,21.65,78.38
2024,02-Feb 8am,204054.08,02-02-2024 08:00,21.73,75.16
2024,02-Feb 9am,210131.38,02-02-2024 09:00,25.22,58.77
2024,02-Feb 10am,215972.18,02-02-2024 10:00,25.22,64.22
2024,02-Feb 11am,214381.4,02-02-2024 11:00,25.14,55.36
2024,02-Feb 12pm,209406.67,02-02-2024 12:00,28.19,43.56
2024,02-Feb 1pm,199844.07,02-02-2024 13:00,28.04,37.31
2024,02-Feb 2pm,195354.12,02-02-2024 14:00,27.75,63.49
2024,02-Feb 3pm,193687.66,02-02-2024 15:00,28.85,36.39
2024,02-Feb 4pm,192507.94,02-02-2024 16:00,28.68,40.8
2024,02-Feb 5pm,193793.73,02-02-2024 17:00,29.41,53.88
2024,02-Feb 6pm,193303.5,02-02-2024 18:00,26.08,59.74
2024,02-Feb 7pm,190565.94,02-02-2024 19:00,25.9,62.47
2024,02-Feb 8pm,181629.74,02-02-2024 20:00,25.96,63.05
2024,02-Feb 9pm,174142.25,02-02-2024 21:00,23.45,62.36
2024,02-Feb 10pm,167158.32,02-02-2024 22:00,22.65,44.25
2024,02-Feb 11pm,161507.83,02-02-2024 23:00,23.09,59.47
2024,03-Feb 12am,155938.02,03-02-2024 00:00,20.01,71.73
2024,03-Feb 1am,151445.31,03-02-2024 01:00,20.11,70.48
2024,03-Feb 2am,148814.57,03-02-2024 02:00,19.52,72.46
2024,03-Feb 3am,148207.11,03-02-2024 03:00,20.37,71.43
2024,03-Feb 4am,151060.92,03-02-2024 04:00,20.43,75.58
2024,03-Feb 5am,160978.67,03-02-2024 05:00,20.07,71.85
2024,03-Feb 6am,177593.13,03-02-2024 06:00,22.2,35.39
2024,03-Feb 7am,194921.13,03-02-2024 07:00,22.42,35.36
2024,03-Feb 8am,201704.45,03-02-2024 08:00,22.21,43.32
2024,03-Feb 9am,208047.89,03-02-2024 09:00,24.65,60.91
2024,03-Feb 10am,211223.44,03-02-2024 10:00,25.08,58.58
2024,03-Feb 11am,209745.29,03-02-2024 11:00,25.11,63.94
2024,03-Feb 12pm,203715.79,03-02-2024 12:00,27.92,55.7
2024,03-Feb 1pm,195760.54,03-02-2024 13:00,28.24,44.8
2024,03-Feb 2pm,194078.33,03-02-2024 14:00,28.43,41.16
2024,03-Feb 3pm,193871.77,03-02-2024 15:00,29.43,46.83
2024,03-Feb 4pm,193114.59,03-02-2024 16:00,28.95,41.79
2024,03-Feb 5pm,192900.54,03-02-2024 17:00,28.61,42.63
2024,03-Feb 6pm,192653.15,03-02-2024 18:00,26.48,59.29
2024,03-Feb 7pm,190419.93,03-02-2024 19:00,26.34,63.62
2024,03-Feb 8pm,179790.37,03-02-2024 20:00,25.62,56.51
2024,03-Feb 9pm,171936.71,03-02-2024 21:00,23.42,57.79
2024,03-Feb 10pm,165571.66,03-02-2024 22:00,23.37,55.93
2024,03-Feb 11pm,160450.64,03-02-2024 23:00,23.02,57.11
2024,04-Feb 12am,155114,04-02-2024 00:00,20.09,72.39
2024,04-Feb 1am,150608.5,04-02-2024 01:00,19.9,79.18
2024,04-Feb 2am,147263.04,04-02-2024 02:00,19.55,70.78
2024,04-Feb 3am,146301.53,04-02-2024 03:00,19.84,74.27
2024,04-Feb 4am,148615.47,04-02-2024 04:00,20.3,75.32
2024,04-Feb 5am,156075.27,04-02-2024 05:00,19.5,78.99
2024,04-Feb 6am,167252.38,04-02-2024 06:00,21.83,79.98
2024,04-Feb 7am,182903.18,04-02-2024 07:00,21.9,77.53
2024,04-Feb 8am,192256.61,04-02-2024 08:00,22.04,44.71
2024,04-Feb 9am,200270.65,04-02-2024 09:00,25.42,62.87
2024,04-Feb 10am,202495.74,04-02-2024 10:00,24.85,64.63
2024,04-Feb 11am,204370.71,04-02-2024 11:00,24.85,62.07
2024,04-Feb 12pm,199967.07,04-02-2024 12:00,28.24,35.8
2024,04-Feb 1pm,192410.62,04-02-2024 13:00,27.95,59.02
2024,04-Feb 2pm,185860.85,04-02-2024 14:00,27.72,61.47
2024,04-Feb 3pm,181880.15,04-02-2024 15:00,28.95,38.51
2024,04-Feb 4pm,178016.82,04-02-2024 16:00,28.64,37.73
2024,04-Feb 5pm,177274.33,04-02-2024 17:00,28.68,40.77
2024,04-Feb 6pm,177485.14,04-02-2024 18:00,26,64.34
2024,04-Feb 7pm,176158.49,04-02-2024 19:00,25.92,55.35
2024,04-Feb 8pm,166657.58,04-02-2024 20:00,26.41,62.69
2024,04-Feb 9pm,159691.7,04-02-2024 21:00,22.86,42.23
2024,04-Feb 10pm,153620.16,04-02-2024 22:00,23.08,64.64
2024,04-Feb 11pm,148428.87,04-02-2024 23:00,23.13,64.31
2024,05-Feb 12am,143644.68,05-02-2024 00:00,19.51,77.62
2024,05-Feb 1am,140223.46,05-02-2024 01:00,20.16,75.2
2024,05-Feb 2am,137578.71,05-02-2024 02:00,19.68,72.04
2024,05-Feb 3am,136880.9,05-02-2024 03:00,20.46,75.45
2024,05-Feb 4am,139976,05-02-2024 04:00,19.65,77.65
2024,05-Feb 5am,148970.62,05-02-2024 05:00,19.91,78.96
2024,05-Feb 6am,166266.56,05-02-2024 06:00,21.59,77.9
2024,05-Feb 7am,188280.34,05-02-2024 07:00,22.5,36.95
2024,05-Feb 8am,198644.42,05-02-2024 08:00,22,76
2024,05-Feb 9am,207702.86,05-02-2024 09:00,25.1,58.32
2024,05-Feb 10am,211722.54,05-02-2024 10:00,24.57,55.09
2024,05-Feb 11am,210025.51,05-02-2024 11:00,25.25,57
2024,05-Feb 12pm,205705.11,05-02-2024 12:00,27.71,56.13
2024,05-Feb 1pm,197252.5,05-02-2024 13:00,28.4,43.43
2024,05-Feb 2pm,195202.82,05-02-2024 14:00,27.71,57.59
2024,05-Feb 3pm,194438.28,05-02-2024 15:00,28.69,37.85
2024,05-Feb 4pm,193432.86,05-02-2024 16:00,28.54,44.6
2024,05-Feb 5pm,192767.72,05-02-2024 17:00,28.97,38.79
2024,05-Feb 6pm,191747.4,05-02-2024 18:00,26.06,55.1
2024,05-Feb 7pm,189578.43,05-02-2024 19:00,25.57,57.84
2024,05-Feb 8pm,180950.42,05-02-2024 20:00,26.28,56.19
2024,05-Feb 9pm,173960.49,05-02-2024 21:00,22.95,36.03
2024,05-Feb 10pm,166752.82,05-02-2024 22:00,23.02,55.77
2024,05-Feb 11pm,161355.21,05-02-2024 23:00,22.94,40.93
2024,06-Feb 12am,156272.17,06-02-2024 00:00,19.9,71.89
2024,06-Feb 1am,151948.77,06-02-2024 01:00,20.06,73.61
2024,06-Feb 2am,149457.52,06-02-2024 02:00,19.66,78.62
2024,06-Feb 3am,148924.19,06-02-2024 03:00,19.68,74.24
2024,06-Feb 4am,151724.86,06-02-2024 04:00,20.36,79.16
2024,06-Feb 5am,160802.54,06-02-2024 05:00,20.45,74.98
2024,06-Feb 6am,177896.43,06-02-2024 06:00,21.87,73.99
2024,06-Feb 7am,196721.28,06-02-2024 07:00,21.77,77.5
2024,06-Feb 8am,204159.32,06-02-2024 08:00,22.14,35.73
2024,06-Feb 9am,210934.92,06-02-2024 09:00,24.91,55.89
2024,06-Feb 10am,214040.16,06-02-2024 10:00,24.53,61.52
2024,06-Feb 11am,212109.52,06-02-2024 11:00,24.66,59.87
2024,06-Feb 12pm,206125.17,06-02-2024 12:00,28.22,42.9
2024,06-Feb 1pm,197088.82,06-02-2024 13:00,28.16,44.16
2024,06-Feb 2pm,194532.37,06-02-2024 14:00,27.53,58.88
2024,06-Feb 3pm,193586.29,06-02-2024 15:00,28.72,40.96
2024,06-Feb 4pm,193048.49,06-02-2024 16:00,28.73,40.01
2024,06-Feb 5pm,192087.91,06-02-2024 17:00,29.17,54.82
2024,06-Feb 6pm,192434.62,06-02-2024 18:00,25.52,63.31
2024,06-Feb 7pm,191427.37,06-02-2024 19:00,25.6,64.12
2024,06-Feb 8pm,181680.16,06-02-2024 20:00,26.3,57.54
2024,06-Feb 9pm,174465.73,06-02-2024 21:00,22.68,42.73
2024,06-Feb 10pm,167628.3,06-02-2024 22:00,23.15,57.65
2024,06-Feb 11pm,163069.62,06-02-2024 23:00,22.74,37.09
2024,07-Feb 12am,157797.43,07-02-2024 00:00,19.6,79.44
2024,07-Feb 1am,154186.36,07-02-2024 01:00,19.74,70.19
2024,07-Feb 2am,151787.26,07-02-2024 02:00,20.22,79.65
2024,07-Feb 3am,151061.6,07-02-2024 03:00,20.36,71.49
2024,07-Feb 4am,153919.53,07-02-2024 04:00,20.33,78.19
2024,07-Feb 5am,163410.22,07-02-2024 05:00,19.9,72.76
2024,07-Feb 6am,180269.25,07-02-2024 06:00,22.17,38.51
2024,07-Feb 7am,198095.49,07-02-2024 07:00,21.7,72.17
2024,07-Feb 8am,204763.1,07-02-2024 08:00,21.79,75.86
2024,07-Feb 9am,211231.24,07-02-2024 09:00,25.4,58.48
2024,07-Feb 10am,213040.96,07-02-2024 10:00,24.51,61.57
2024,07-Feb 11am,210191.23,07-02-2024 11:00,24.59,55.16
2024,07-Feb 12pm,204596.4,07-02-2024 12:00,27.71,55.64
2024,07-Feb 1pm,196425.89,07-02-2024 13:00,27.53,56
2024,07-Feb 2pm,195495.44,07-02-2024 14:00,27.68,59.19
2024,07-Feb 3pm,195670.59,07-02-2024 15:00,29.08,53.15
2024,07-Feb 4pm,193167.2,07-02-2024 16:00,28.92,43.88
2024,07-Feb 5pm,192177.44,07-02-2024 17:00,29.39,47.45
2024,07-Feb 6pm,193026.78,07-02-2024 18:00,26.32,60.74
2024,07-Feb 7pm,193291.02,07-02-2024 19:00,25.84,62.68
2024,07-Feb 8pm,184115.88,07-02-2024 20:00,25.76,57.89
2024,07-Feb 9pm,177026.43,07-02-2024 21:00,22.88,39.09
2024,07-Feb 10pm,169716.46,07-02-2024 22:00,23.09,60.24
2024,07-Feb 11pm,164467.11,07-02-2024 23:00,22.77,36.35
2024,08-Feb 12am,159068.38,08-02-2024 00:00,20.12,70.26
2024,08-Feb 1am,154699.82,08-02-2024 01:00,19.91,71.53
2024,08-Feb 2am,152288.98,08-02-2024 02:00,20.05,76.27
2024,08-Feb 3am,151556.13,08-02-2024 03:00,19.94,70.74
2024,08-Feb 4am,154235.2,08-02-2024 04:00,19.79,71.9
2024,08-Feb 5am,163372.34,08-02-2024 05:00,20.45,73.38
2024,08-Feb 6am,179643.14,08-02-2024 06:00,22.26,35.78
2024,08-Feb 7am,199837.27,08-02-2024 07:00,21.64,71.92
2024,08-Feb 8am,206183.39,08-02-2024 08:00,22.37,44.11
2024,08-Feb 9am,212953.83,08-02-2024 09:00,24.99,55.19
2024,08-Feb 10am,214495.09,08-02-2024 10:00,25.39,61.53
2024,08-Feb 11am,210645.24,08-02-2024 11:00,25.3,58.84
2024,08-Feb 12pm,204550.77,08-02-2024 12:00,27.93,61.73
2024,08-Feb 1pm,196940.35,08-02-2024 13:00,27.52,60.89
2024,08-Feb 2pm,195611.35,08-02-2024 14:00,27.77,57.23
2024,08-Feb 3pm,195551.53,08-02-2024 15:00,29.04,53.47
2024,08-Feb 4pm,194303.98,08-02-2024 16:00,29.13,49.92
2024,08-Feb 5pm,195027.59,08-02-2024 17:00,28.76,43.23
2024,08-Feb 6pm,194309.2,08-02-2024 18:00,25.64,59.06
2024,08-Feb 7pm,191978,08-02-2024 19:00,26.33,64.85
2024,08-Feb 8pm,184481.18,08-02-2024 20:00,26.48,62.7
2024,08-Feb 9pm,178489.46,08-02-2024 21:00,23.03,64.66
2024,08-Feb 10pm,171401.8,08-02-2024 22:00,22.67,40.14
2024,08-Feb 11pm,165784.45,08-02-2024 23:00,22.77,39.74
2024,09-Feb 12am,160242.18,09-02-2024 00:00,19.52,77.55
2024,09-Feb 1am,156135.01,09-02-2024 01:00,20.41,78.8
2024,09-Feb 2am,153548.44,09-02-2024 02:00,19.62,79.64
2024,09-Feb 3am,152744.92,09-02-2024 03:00,20.08,73.25
2024,09-Feb 4am,155803.2,09-02-2024 04:00,19.77,77.99
2024,09-Feb 5am,166233.46,09-02-2024 05:00,20.05,72.11
2024,09-Feb 6am,181836.58,09-02-2024 06:00,22.15,40.46
2024,09-Feb 7am,196951.55,09-02-2024 07:00,22.33,36.8
2024,09-Feb 8am,203375.16,09-02-2024 08:00,21.71,73.47
2024,09-Feb 9am,211805.89,09-02-2024 09:00,24.51,64.31
2024,09-Feb 10am,217750.01,09-02-2024 10:00,24.64,56.46
2024,09-Feb 11am,216505.79,09-02-2024 11:00,25.4,61.32
2024,09-Feb 12pm,211109.9,09-02-2024 12:00,28.37,40.93
2024,09-Feb 1pm,203735.7,09-02-2024 13:00,28.1,36.21
2024,09-Feb 2pm,199708.77,09-02-2024 14:00,28.1,38.26
2024,09-Feb 3pm,198153.19,09-02-2024 15:00,29.17,50.63
2024,09-Feb 4pm,196447.16,09-02-2024 16:00,28.68,36.87
2024,09-Feb 5pm,194661.21,09-02-2024 17:00,29.41,53.01
2024,09-Feb 6pm,192631.35,09-02-2024 18:00,25.92,64.72
2024,09-Feb 7pm,190464.67,09-02-2024 19:00,25.88,57.15
2024,09-Feb 8pm,182506.15,09-02-2024 20:00,26.02,56.87
2024,09-Feb 9pm,176254.93,09-02-2024 21:00,22.55,39.55
2024,09-Feb 10pm,170075.09,09-02-2024 22:00,22.67,42.48
2024,09-Feb 11pm,165520.81,09-02-2024 23:00,23.24,57.82
2024,10-Feb 12am,160513.89,10-02-2024 00:00,19.58,70.2
2024,10-Feb 1am,156216.16,10-02-2024 01:00,20.1,75.41
2024,10-Feb 2am,153519.12,10-02-2024 02:00,19.75,79.57
2024,10-Feb 3am,152894.87,10-02-2024 03:00,19.89,73.91
2024,10-Feb 4am,155924.38,10-02-2024 04:00,19.79,74.2
2024,10-Feb 5am,165691.8,10-02-2024 05:00,19.86,79.69
2024,10-Feb 6am,179325.38,10-02-2024 06:00,22.22,41.95
2024,10-Feb 7am,196108.89,10-02-2024 07:00,21.8,77.19
2024,10-Feb 8am,202566.95,10-02-2024 08:00,22.07,40.63
2024,10-Feb 9am,211649.1,10-02-2024 09:00,24.98,64.75
2024,10-Feb 10am,214791.46,10-02-2024 10:00,25.16,61.89
2024,10-Feb 11am,211985.52,10-02-2024 11:00,25.44,63.95
2024,10-Feb 12pm,207743.84,10-02-2024 12:00,28.23,41.99
2024,10-Feb 1pm,200646.33,10-02-2024 13:00,27.71,62.35
2024,10-Feb 2pm,199466.79,10-02-2024 14:00,27.53,57.9
2024,10-Feb 3pm,198379.99,10-02-2024 15:00,28.76,38.03
2024,10-Feb 4pm,195803.92,10-02-2024 16:00,29.1,52.83
2024,10-Feb 5pm,192936.93,10-02-2024 17:00,28.55,37.97
2024,10-Feb 6pm,191343.27,10-02-2024 18:00,26,60.63
2024,10-Feb 7pm,190739.14,10-02-2024 19:00,26.1,57.49
2024,10-Feb 8pm,181492.88,10-02-2024 20:00,25.83,63.17
2024,10-Feb 9pm,174352.15,10-02-2024 21:00,23.27,56.11
2024,10-Feb 10pm,168712.41,10-02-2024 22:00,22.61,43.29
2024,10-Feb 11pm,164322.68,10-02-2024 23:00,22.58,41.03
2024,11-Feb 12am,159490.45,11-02-2024 00:00,20.23,71.87
2024,11-Feb 1am,155478.17,11-02-2024 01:00,20,75.42
2024,11-Feb 2am,152800.68,11-02-2024 02:00,20.19,72.82
2024,11-Feb 3am,151954.54,11-02-2024 03:00,19.93,73.23
2024,11-Feb 4am,154923.01,11-02-2024 04:00,19.75,73.52
2024,11-Feb 5am,163488.56,11-02-2024 05:00,20.32,70.63
2024,11-Feb 6am,174936.91,11-02-2024 06:00,22.3,44.86
2024,11-Feb 7am,189270.02,11-02-2024 07:00,22.19,35.32
2024,11-Feb 8am,198347.6,11-02-2024 08:00,21.77,76.62
2024,11-Feb 9am,204650.87,11-02-2024 09:00,25.09,58.71
2024,11-Feb 10am,207351.89,11-02-2024 10:00,24.86,61.46
2024,11-Feb 11am,204274.38,11-02-2024 11:00,24.59,58.56
2024,11-Feb 12pm,199626.37,11-02-2024 12:00,28.42,41.74
2024,11-Feb 1pm,192498.15,11-02-2024 13:00,27.64,62.29
2024,11-Feb 2pm,187603.39,11-02-2024 14:00,28.45,41.91
2024,11-Feb 3pm,184289.2,11-02-2024 15:00,28.95,36.14
2024,11-Feb 4pm,180641.78,11-02-2024 16:00,28.69,41.57
2024,11-Feb 5pm,178412.43,11-02-2024 17:00,29.04,47.8
2024,11-Feb 6pm,178557.28,11-02-2024 18:00,26.37,55.29
2024,11-Feb 7pm,179162.57,11-02-2024 19:00,26.23,59.15
2024,11-Feb 8pm,170441.61,11-02-2024 20:00,26.31,59.34
2024,11-Feb 9pm,163947.43,11-02-2024 21:00,23.16,59.67
2024,11-Feb 10pm,158955.18,11-02-2024 22:00,23.19,62.05
2024,11-Feb 11pm,154869.13,11-02-2024 23:00,23.35,58.09
2024,12-Feb 12am,150563.75,12-02-2024 00:00,19.75,73.15
2024,12-Feb 1am,146956.42,12-02-2024 01:00,19.99,70.61
2024,12-Feb 2am,144471.59,12-02-2024 02:00,19.72,76.87
2024,12-Feb 3am,143961.5,12-02-2024 03:00,20.49,75.68
2024,12-Feb 4am,147508.36,12-02-2024 04:00,20.44,73.49
2024,12-Feb 5am,157858.69,12-02-2024 05:00,19.54,77.05
2024,12-Feb 6am,175582.66,12-02-2024 06:00,22.21,40.37
2024,12-Feb 7am,195082.27,12-02-2024 07:00,22.43,39.69
2024,12-Feb 8am,202161.88,12-02-2024 08:00,21.68,75.11
2024,12-Feb 9am,209664.67,12-02-2024 09:00,25.07,61.36
2024,12-Feb 10am,214513.51,12-02-2024 10:00,25.42,61.6
2024,12-Feb 11am,213494.51,12-02-2024 11:00,24.53,57.89
2024,12-Feb 12pm,207394.62,12-02-2024 12:00,28.2,36.41
2024,12-Feb 1pm,201048.98,12-02-2024 13:00,27.8,56.57
2024,12-Feb 2pm,199401.97,12-02-2024 14:00,28.42,41.39
2024,12-Feb 3pm,198528.65,12-02-2024 15:00,29.47,53.73
2024,12-Feb 4pm,196935.76,12-02-2024 16:00,29.44,49.09
2024,12-Feb 5pm,194454.12,12-02-2024 17:00,28.97,36.7
2024,12-Feb 6pm,191970.63,12-02-2024 18:00,26.36,62.57
2024,12-Feb 7pm,189427.79,12-02-2024 19:00,26.34,63.32
2024,12-Feb 8pm,179786.84,12-02-2024 20:00,25.82,63.81
2024,12-Feb 9pm,172453.27,12-02-2024 21:00,23.33,61.07
2024,12-Feb 10pm,166329.35,12-02-2024 22:00,22.54,43.61
2024,12-Feb 11pm,162246.26,12-02-2024 23:00,23.1,55.15
2024,13-Feb 12am,157387.72,13-02-2024 00:00,19.73,71.07
2024,13-Feb 1am,153428.54,13-02-2024 01:00,19.62,70.93
2024,13-Feb 2am,150685.57,13-02-2024 02:00,19.58,77.13
2024,13-Feb 3am,150023.23,13-02-2024 03:00,20.2,70.7
2024,13-Feb 4am,152944.27,13-02-2024 04:00,19.84,74.96
2024,13-Feb 5am,162537.87,13-02-2024 05:00,20.22,74.73
2024,13-Feb 6am,178141.26,13-02-2024 06:00,21.57,73.11
2024,13-Feb 7am,195957.02,13-02-2024 07:00,21.82,78.7
2024,13-Feb 8am,203276.64,13-02-2024 08:00,22.04,36.7
2024,13-Feb 9am,212367.88,13-02-2024 09:00,25.29,58.52
2024,13-Feb 10am,215606.63,13-02-2024 10:00,24.82,62.74
2024,13-Feb 11am,214819.78,13-02-2024 11:00,25.13,55.3
2024,13-Feb 12pm,209764.76,13-02-2024 12:00,28.39,41.73
2024,13-Feb 1pm,201606.67,13-02-2024 13:00,28.12,43.16
2024,13-Feb 2pm,199841.22,13-02-2024 14:00,27.73,64.32
2024,13-Feb 3pm,198534.09,13-02-2024 15:00,28.52,43.76
2024,13-Feb 4pm,196580.92,13-02-2024 16:00,29.37,48.19
2024,13-Feb 5pm,193637.02,13-02-2024 17:00,28.52,40.86
2024,13-Feb 6pm,192138.75,13-02-2024 18:00,26.37,55.77
2024,13-Feb 7pm,190100.07,13-02-2024 19:00,26.03,57.58
2024,13-Feb 8pm,180201.78,13-02-2024 20:00,26.44,55.94
2024,13-Feb 9pm,173176.65,13-02-2024 21:00,23.3,58.15
2024,13-Feb 10pm,167839.93,13-02-2024 22:00,23.5,63.75
2024,13-Feb 11pm,163507.32,13-02-2024 23:00,22.85,38.47
2024,14-Feb 12am,158596.34,14-02-2024 00:00,20.27,75.62
2024,14-Feb 1am,154481.58,14-02-2024 01:00,19.9,74.33
2024,14-Feb 2am,151832.31,14-02-2024 02:00,19.98,74.59
2024,14-Feb 3am,151046.57,14-02-2024 03:00,20.13,79.7
2024,14-Feb 4am,154063.08,14-02-2024 04:00,20.37,72.96
2024,14-Feb 5am,163891.08,14-02-2024 05:00,20.48,76.27
2024,14-Feb 6am,180048.74,14-02-2024 06:00,22.27,39.2
2024,14-Feb 7am,197888.27,14-02-2024 07:00,21.92,70.61
2024,14-Feb 8am,205119.2,14-02-2024 08:00,21.92,74.89
2024,14-Feb 9am,214135.16,14-02-2024 09:00,25.24,63.13
2024,14-Feb 10am,217958.43,14-02-2024 10:00,24.74,55.99
2024,14-Feb 11am,216617.14,14-02-2024 11:00,24.61,55.7
2024,14-Feb 12pm,210878.28,14-02-2024 12:00,27.85,56.54
2024,14-Feb 1pm,201622.32,14-02-2024 13:00,27.79,62.64
2024,14-Feb 2pm,198394.56,14-02-2024 14:00,27.8,62.24
2024,14-Feb 3pm,197750.38,14-02-2024 15:00,28.73,40.65
2024,14-Feb 4pm,194179.68,14-02-2024 16:00,28.54,39.68
2024,14-Feb 5pm,192037.37,14-02-2024 17:00,28.52,43.88
2024,14-Feb 6pm,191266.43,14-02-2024 18:00,26.49,62.67
2024,14-Feb 7pm,189861.95,14-02-2024 19:00,25.93,63.12
2024,14-Feb 8pm,179223.35,14-02-2024 20:00,25.88,63.13
2024,14-Feb 9pm,172000.5,14-02-2024 21:00,23.18,61.43
2024,14-Feb 10pm,167166.36,14-02-2024 22:00,22.72,39.58
2024,14-Feb 11pm,163299.33,14-02-2024 23:00,23.45,63.65
2024,15-Feb 12am,159140.81,15-02-2024 00:00,20.29,79.26
2024,15-Feb 1am,155649.37,15-02-2024 01:00,19.59,70.24
2024,15-Feb 2am,153141.24,15-02-2024 02:00,19.92,70.52
2024,15-Feb 3am,151984.17,15-02-2024 03:00,20.38,79.59
2024,15-Feb 4am,154702.49,15-02-2024 04:00,20.44,72.77
2024,15-Feb 5am,163579.88,15-02-2024 05:00,19.97,78.73
2024,15-Feb 6am,178914.73,15-02-2024 06:00,22.11,38.89
2024,15-Feb 7am,197398.79,15-02-2024 07:00,21.67,71.19
2024,15-Feb 8am,206119.15,15-02-2024 08:00,22.49,35.8
2024,15-Feb 9am,211633.19,15-02-2024 09:00,24.73,56.57
2024,15-Feb 10am,213627.66,15-02-2024 10:00,25.44,57.5
2024,15-Feb 11am,213471.07,15-02-2024 11:00,25.15,59.89
2024,15-Feb 12pm,208479.37,15-02-2024 12:00,28.11,42.01
2024,15-Feb 1pm,199067.63,15-02-2024 13:00,28.01,44.86
2024,15-Feb 2pm,198010.03,15-02-2024 14:00,27.73,59.42
2024,15-Feb 3pm,197611.76,15-02-2024 15:00,28.68,40.18
2024,15-Feb 4pm,195927.31,15-02-2024 16:00,28.72,40.22
2024,15-Feb 5pm,192403.01,15-02-2024 17:00,28.69,40.39
2024,15-Feb 6pm,191552.3,15-02-2024 18:00,26.28,60.18
2024,15-Feb 7pm,191566.31,15-02-2024 19:00,25.85,55.09
2024,15-Feb 8pm,181348.41,15-02-2024 20:00,25.56,55.02
2024,15-Feb 9pm,174592.8,15-02-2024 21:00,23.47,55.98
2024,15-Feb 10pm,169632.78,15-02-2024 22:00,23.38,56.02
2024,15-Feb 11pm,165164.77,15-02-2024 23:00,23.43,62.05
2024,16-Feb 12am,160339.5,16-02-2024 00:00,20.49,72.05
2024,16-Feb 1am,156937.76,16-02-2024 01:00,19.67,78.95
2024,16-Feb 2am,154296.09,16-02-2024 02:00,19.9,79.29
2024,16-Feb 3am,153335.3,16-02-2024 03:00,20.26,79.76
2024,16-Feb 4am,155771.74,16-02-2024 04:00,20.2,79.39
2024,16-Feb 5am,164448.54,16-02-2024 05:00,19.65,72.72
2024,16-Feb 6am,180766.96,16-02-2024 06:00,22.32,40.1
2024,16-Feb 7am,198121.95,16-02-2024 07:00,21.72,71.75
2024,16-Feb 8am,206198.67,16-02-2024 08:00,21.72,78.06
2024,16-Feb 9am,215678.61,16-02-2024 09:00,25.04,63.88
2024,16-Feb 10am,219758.05,16-02-2024 10:00,25.09,63.51
2024,16-Feb 11am,218031.18,16-02-2024 11:00,25.08,59.33
2024,16-Feb 12pm,212795.7,16-02-2024 12:00,27.59,62.59
2024,16-Feb 1pm,204579.92,16-02-2024 13:00,28.38,35.98
2024,16-Feb 2pm,201163.83,16-02-2024 14:00,27.77,55.4
2024,16-Feb 3pm,199341.43,16-02-2024 15:00,28.63,42.53
2024,16-Feb 4pm,195876.92,16-02-2024 16:00,29.39,49.25
2024,16-Feb 5pm,191783.47,16-02-2024 17:00,29.46,54.96
2024,16-Feb 6pm,190599.99,16-02-2024 18:00,26.36,55.97
2024,16-Feb 7pm,190704.43,16-02-2024 19:00,26.31,63.56
2024,16-Feb 8pm,180393.75,16-02-2024 20:00,26.16,59.8
2024,16-Feb 9pm,174135.06,16-02-2024 21:00,23.05,63.27
2024,16-Feb 10pm,169027.78,16-02-2024 22:00,22.59,43.17
2024,16-Feb 11pm,165049.61,16-02-2024 23:00,22.91,44.16
2024,17-Feb 12am,160825.73,17-02-2024 00:00,19.87,72.98
2024,17-Feb 1am,157557.67,17-02-2024 01:00,19.76,79.5
2024,17-Feb 2am,155094.98,17-02-2024 02:00,20.22,71.52
2024,17-Feb 3am,154055.6,17-02-2024 03:00,20,70.82
2024,17-Feb 4am,156635.33,17-02-2024 04:00,19.58,74.32
2024,17-Feb 5am,164476.16,17-02-2024 05:00,19.72,78.28
2024,17-Feb 6am,177656.92,17-02-2024 06:00,22.18,39.73
2024,17-Feb 7am,194166.2,17-02-2024 07:00,21.58,78.29
2024,17-Feb 8am,202811.24,17-02-2024 08:00,22.35,42.3
2024,17-Feb 9am,212334.58,17-02-2024 09:00,25,57.09
2024,17-Feb 10am,216294.92,17-02-2024 10:00,24.98,64.49
2024,17-Feb 11am,213706.19,17-02-2024 11:00,25.09,55.61
2024,17-Feb 12pm,207953.75,17-02-2024 12:00,28.32,43.98
2024,17-Feb 1pm,200752.58,17-02-2024 13:00,27.85,58.04
2024,17-Feb 2pm,199372.28,17-02-2024 14:00,28.18,40
2024,17-Feb 3pm,199638.39,17-02-2024 15:00,29.07,49.22
2024,17-Feb 4pm,197181.72,17-02-2024 16:00,28.77,36.72
2024,17-Feb 5pm,191116.06,17-02-2024 17:00,29.38,48.58
2024,17-Feb 6pm,189540.87,17-02-2024 18:00,26.3,56.93
2024,17-Feb 7pm,190293.45,17-02-2024 19:00,26.16,57.04
2024,17-Feb 8pm,180821.31,17-02-2024 20:00,26.35,56.87
2024,17-Feb 9pm,175239.5,17-02-2024 21:00,23.37,59.89
2024,17-Feb 10pm,170537.27,17-02-2024 22:00,23.21,62.98
2024,17-Feb 11pm,167227.38,17-02-2024 23:00,23.34,60.69
2024,18-Feb 12am,163119.5,18-02-2024 00:00,20.2,78.93
2024,18-Feb 1am,159140.36,18-02-2024 01:00,20.18,76.37
2024,18-Feb 2am,156182.32,18-02-2024 02:00,20.12,76.89
2024,18-Feb 3am,155137.39,18-02-2024 03:00,20.25,76.68
2024,18-Feb 4am,156986.82,18-02-2024 04:00,19.66,74.49
2024,18-Feb 5am,163531.05,18-02-2024 05:00,20.38,76.89
2024,18-Feb 6am,172598.7,18-02-2024 06:00,22.37,35.7
2024,18-Feb 7am,185439.2,18-02-2024 07:00,21.53,78.6
2024,18-Feb 8am,194400.82,18-02-2024 08:00,22.33,42.78
2024,18-Feb 9am,203844.28,18-02-2024 09:00,24.63,57.45
2024,18-Feb 10am,208910.22,18-02-2024 10:00,24.84,62.68
2024,18-Feb 11am,206566.66,18-02-2024 11:00,25.24,55.13
2024,18-Feb 12pm,201554.77,18-02-2024 12:00,27.66,57.17
2024,18-Feb 1pm,193837.32,18-02-2024 13:00,28.32,35.65
2024,18-Feb 2pm,187626.55,18-02-2024 14:00,28.33,42.8
2024,18-Feb 3pm,183933.49,18-02-2024 15:00,29.01,52.56
2024,18-Feb 4pm,180715.24,18-02-2024 16:00,28.51,43.14
2024,18-Feb 5pm,177970.58,18-02-2024 17:00,28.79,35.04
2024,18-Feb 6pm,176498.78,18-02-2024 18:00,26.12,60.01
2024,18-Feb 7pm,177880.89,18-02-2024 19:00,26.48,62.05
2024,18-Feb 8pm,169610.4,18-02-2024 20:00,26.13,56.55
2024,18-Feb 9pm,164411.87,18-02-2024 21:00,22.76,41.5
2024,18-Feb 10pm,160739.74,18-02-2024 22:00,23.13,55.84
2024,18-Feb 11pm,158436.05,18-02-2024 23:00,23.04,56.81
2024,19-Feb 12am,154853.95,19-02-2024 00:00,20.28,74.76
2024,19-Feb 1am,151565.96,19-02-2024 01:00,19.61,76.54
2024,19-Feb 2am,149400.23,19-02-2024 02:00,20.26,71.46
2024,19-Feb 3am,148729.27,19-02-2024 03:00,20.04,71.85
2024,19-Feb 4am,151288.87,19-02-2024 04:00,20.46,72.04
2024,19-Feb 5am,159666.81,19-02-2024 05:00,19.84,72.39
2024,19-Feb 6am,174773.57,19-02-2024 06:00,22.13,37.27
2024,19-Feb 7am,193511.92,19-02-2024 07:00,22.43,38.95
2024,19-Feb 8am,202223.52,19-02-2024 08:00,21.6,76.54
2024,19-Feb 9am,209706.31,19-02-2024 09:00,25.44,59.38
2024,19-Feb 10am,211621.54,19-02-2024 10:00,25.19,62.76
2024,19-Feb 11am,206903.61,19-02-2024 11:00,24.57,62.19
2024,19-Feb 12pm,200311.31,19-02-2024 12:00,27.8,56.27
2024,19-Feb 1pm,191972.47,19-02-2024 13:00,28.21,35.49
2024,19-Feb 2pm,189122.04,19-02-2024 14:00,27.57,63.78
2024,19-Feb 3pm,189450.77,19-02-2024 15:00,29.08,45.8
2024,19-Feb 4pm,189854.58,19-02-2024 16:00,28.85,36.48
2024,19-Feb 5pm,189788.34,19-02-2024 17:00,29.12,45.22
2024,19-Feb 6pm,190135.28,19-02-2024 18:00,25.55,61.28
2024,19-Feb 7pm,191006.44,19-02-2024 19:00,26.37,60.82
2024,19-Feb 8pm,180162.09,19-02-2024 20:00,26.47,64.87
2024,19-Feb 9pm,173020.5,19-02-2024 21:00,23.47,63.87
2024,19-Feb 10pm,167845.13,19-02-2024 22:00,23.25,59.11
2024,19-Feb 11pm,164376.34,19-02-2024 23:00,22.63,38.72
2024,20-Feb 12am,160976.53,20-02-2024 00:00,20.26,72.97
2024,20-Feb 1am,157196.47,20-02-2024 01:00,19.52,71.52
2024,20-Feb 2am,154377.72,20-02-2024 02:00,19.52,71.38
2024,20-Feb 3am,153057.1,20-02-2024 03:00,19.82,71.32
2024,20-Feb 4am,155537.04,20-02-2024 04:00,19.99,71.14
2024,20-Feb 5am,163795.79,20-02-2024 05:00,20.27,72.41
2024,20-Feb 6am,177437.79,20-02-2024 06:00,22.18,38.07
2024,20-Feb 7am,194725.12,20-02-2024 07:00,21.95,79.62
2024,20-Feb 8am,203195.13,20-02-2024 08:00,21.77,75.78
2024,20-Feb 9am,211277.11,20-02-2024 09:00,25.5,64.88
2024,20-Feb 10am,214820.52,20-02-2024 10:00,24.93,58.72
2024,20-Feb 11am,211825.28,20-02-2024 11:00,24.95,59.58
2024,20-Feb 12pm,204931.8,20-02-2024 12:00,27.66,58.25
2024,20-Feb 1pm,198093.33,20-02-2024 13:00,28.29,36.83
2024,20-Feb 2pm,197172.06,20-02-2024 14:00,28.19,36.43
2024,20-Feb 3pm,196643.08,20-02-2024 15:00,28.72,44.45
2024,20-Feb 4pm,194878.99,20-02-2024 16:00,28.58,44.87
2024,20-Feb 5pm,192265.79,20-02-2024 17:00,29.18,45.45
2024,20-Feb 6pm,191479.46,20-02-2024 18:00,26.15,56.5
2024,20-Feb 7pm,191987.84,20-02-2024 19:00,25.77,59.24
2024,20-Feb 8pm,181992.85,20-02-2024 20:00,26.45,56.86
2024,20-Feb 9pm,175119.18,20-02-2024 21:00,22.65,38.64
2024,20-Feb 10pm,170341.72,20-02-2024 22:00,22.93,36.29
2024,20-Feb 11pm,166979.02,20-02-2024 23:00,23.44,59.57
2024,21-Feb 12am,162787.81,21-02-2024 00:00,19.92,72.72
2024,21-Feb 1am,158666.86,21-02-2024 01:00,20.14,73.52
2024,21-Feb 2am,156035.59,21-02-2024 02:00,19.9,70.94
2024,21-Feb 3am,154592.71,21-02-2024 03:00,19.77,74.28
2024,21-Feb 4am,156653.64,21-02-2024 04:00,20.48,79.83
2024,21-Feb 5am,164072.38,21-02-2024 05:00,19.91,73.29
2024,21-Feb 6am,178010.54,21-02-2024 06:00,22.39,43.76
2024,21-Feb 7am,193913.58,21-02-2024 07:00,21.73,78.43
2024,21-Feb 8am,201277.28,21-02-2024 08:00,21.71,79.52
2024,21-Feb 9am,208378.29,21-02-2024 09:00,24.53,62.9
2024,21-Feb 10am,212766.27,21-02-2024 10:00,25.15,61.6
2024,21-Feb 11am,211497.54,21-02-2024 11:00,24.87,63.57
2024,21-Feb 12pm,206194.14,21-02-2024 12:00,28.36,35.76
2024,21-Feb 1pm,198736.68,21-02-2024 13:00,27.97,59.63
2024,21-Feb 2pm,197224.47,21-02-2024 14:00,28.47,44.89
2024,21-Feb 3pm,197087.92,21-02-2024 15:00,28.69,42.7
2024,21-Feb 4pm,194364.4,21-02-2024 16:00,29.37,54.62
2024,21-Feb 5pm,191953.29,21-02-2024 17:00,29.28,52.8
2024,21-Feb 6pm,190573.76,21-02-2024 18:00,26.27,63.75
2024,21-Feb 7pm,191819.54,21-02-2024 19:00,26.34,62.07
2024,21-Feb 8pm,181982.12,21-02-2024 20:00,26.26,62.61
2024,21-Feb 9pm,176233.6,21-02-2024 21:00,23.13,60.23
2024,21-Feb 10pm,172359.12,21-02-2024 22:00,22.63,44.24
2024,21-Feb 11pm,169377.25,21-02-2024 23:00,22.53,43.25
2024,22-Feb 12am,165619.03,22-02-2024 00:00,20.42,78.44
2024,22-Feb 1am,161634.94,22-02-2024 01:00,20.12,76.73
2024,22-Feb 2am,158927.22,22-02-2024 02:00,20.3,73.05
2024,22-Feb 3am,157323.66,22-02-2024 03:00,19.98,70.36
2024,22-Feb 4am,159747.48,22-02-2024 04:00,19.62,79.36
2024,22-Feb 5am,167248.55,22-02-2024 05:00,19.63,75.86
2024,22-Feb 6am,179712.1,22-02-2024 06:00,22.19,37.98
2024,22-Feb 7am,194388.34,22-02-2024 07:00,21.93,71.49
2024,22-Feb 8am,202201.1,22-02-2024 08:00,21.7,78.3
2024,22-Feb 9am,209951.22,22-02-2024 09:00,24.99,63.37
2024,22-Feb 10am,214899.25,22-02-2024 10:00,24.56,63.15
2024,22-Feb 11am,212913.05,22-02-2024 11:00,25.08,61.45
2024,22-Feb 12pm,208385.48,22-02-2024 12:00,27.77,58.66
2024,22-Feb 1pm,201623.09,22-02-2024 13:00,28.3,38.04
2024,22-Feb 2pm,199926.59,22-02-2024 14:00,27.81,55.09
2024,22-Feb 3pm,199413.24,22-02-2024 15:00,28.96,43.34
2024,22-Feb 4pm,196377.56,22-02-2024 16:00,28.51,35.87
2024,22-Feb 5pm,192858.14,22-02-2024 17:00,28.57,41.31
2024,22-Feb 6pm,190638.24,22-02-2024 18:00,25.89,60.04
2024,22-Feb 7pm,191333.47,22-02-2024 19:00,25.98,60.27
2024,22-Feb 8pm,182973.68,22-02-2024 20:00,26.1,64.27
2024,22-Feb 9pm,177268.33,22-02-2024 21:00,22.79,35.32
2024,22-Feb 10pm,173379.74,22-02-2024 22:00,23.19,62.73
2024,22-Feb 11pm,170181.6,22-02-2024 23:00,23.36,55.52
2024,23-Feb 12am,165981.96,23-02-2024 00:00,20.28,70.38
2024,23-Feb 1am,162387.82,23-02-2024 01:00,19.54,74.3
2024,23-Feb 2am,159426.67,23-02-2024 02:00,19.98,70.63
2024,23-Feb 3am,158412.58,23-02-2024 03:00,19.6,77.89
2024,23-Feb 4am,160579.13,23-02-2024 04:00,19.74,75.3
2024,23-Feb 5am,168195.5,23-02-2024 05:00,20.49,70.29
2024,23-Feb 6am,181591.5,23-02-2024 06:00,21.64,70.41
2024,23-Feb 7am,197798.6,23-02-2024 07:00,22,76.13
2024,23-Feb 8am,206414.03,23-02-2024 08:00,22.12,43.06
2024,23-Feb 9am,214242.52,23-02-2024 09:00,25.2,59.38
2024,23-Feb 10am,219470.99,23-02-2024 10:00,25.06,60.55
2024,23-Feb 11am,218212.52,23-02-2024 11:00,24.51,63
2024,23-Feb 12pm,213957.44,23-02-2024 12:00,27.83,61.11
2024,23-Feb 1pm,206944.17,23-02-2024 13:00,28.02,37.25
2024,23-Feb 2pm,205614.26,23-02-2024 14:00,27.59,61.13
2024,23-Feb 3pm,204551.98,23-02-2024 15:00,28.85,41.28
2024,23-Feb 4pm,200122.33,23-02-2024 16:00,28.53,42.34
2024,23-Feb 5pm,192657.74,23-02-2024 17:00,28.58,41.21
2024,23-Feb 6pm,189003.02,23-02-2024 18:00,25.9,64.69
2024,23-Feb 7pm,190908.4,23-02-2024 19:00,25.63,56.97
2024,23-Feb 8pm,184070.99,23-02-2024 20:00,26.07,64.51
2024,23-Feb 9pm,178504.1,23-02-2024 21:00,23.19,60.38
2024,23-Feb 10pm,174784.13,23-02-2024 22:00,23.3,61.72
2024,23-Feb 11pm,171488.86,23-02-2024 23:00,22.7,35.99
2024,24-Feb 12am,166851.83,24-02-2024 00:00,19.67,73.81
2024,24-Feb 1am,162946.22,24-02-2024 01:00,19.6,77.69
2024,24-Feb 2am,159853.82,24-02-2024 02:00,20.14,77.07
2024,24-Feb 3am,159015.28,24-02-2024 03:00,20.21,70.4
2024,24-Feb 4am,161579.12,24-02-2024 04:00,19.53,75.47
2024,24-Feb 5am,168862.35,24-02-2024 05:00,20.44,70.88
2024,24-Feb 6am,180404.05,24-02-2024 06:00,21.55,79.96
2024,24-Feb 7am,194493.5,24-02-2024 07:00,22.04,43.97
2024,24-Feb 8am,202999.32,24-02-2024 08:00,22.21,35.21
2024,24-Feb 9am,212679.52,24-02-2024 09:00,25.37,63.59
2024,24-Feb 10am,216802.43,24-02-2024 10:00,25.21,64.19
2024,24-Feb 11am,216611.29,24-02-2024 11:00,25.3,58.54
2024,24-Feb 12pm,212442.64,24-02-2024 12:00,27.84,62.2
2024,24-Feb 1pm,204412.18,24-02-2024 13:00,28.31,39.42
2024,24-Feb 2pm,202934.45,24-02-2024 14:00,27.58,61.55
2024,24-Feb 3pm,201757.39,24-02-2024 15:00,29.39,48.4
2024,24-Feb 4pm,197730.45,24-02-2024 16:00,29.05,48.23
2024,24-Feb 5pm,192029.23,24-02-2024 17:00,29.32,49.24
2024,24-Feb 6pm,190678.75,24-02-2024 18:00,25.95,56.46
2024,24-Feb 7pm,191202.07,24-02-2024 19:00,26.14,63.31
2024,24-Feb 8pm,181234.25,24-02-2024 20:00,26.03,58.49
2024,24-Feb 9pm,175532.95,24-02-2024 21:00,23.23,59
2024,24-Feb 10pm,171971.36,24-02-2024 22:00,22.58,43.94
2024,24-Feb 11pm,169521.88,24-02-2024 23:00,22.56,39.97
2024,25-Feb 12am,165171.56,25-02-2024 00:00,19.75,75.44
2024,25-Feb 1am,161126.8,25-02-2024 01:00,19.66,79.56
2024,25-Feb 2am,157981.72,25-02-2024 02:00,20.37,78.87
2024,25-Feb 3am,156706.33,25-02-2024 03:00,19.72,71.69
2024,25-Feb 4am,158488.77,25-02-2024 04:00,20.48,74.73
2024,25-Feb 5am,165141.47,25-02-2024 05:00,19.84,79.71
2024,25-Feb 6am,174364.18,25-02-2024 06:00,21.68,73.72
2024,25-Feb 7am,186790.87,25-02-2024 07:00,22.29,38.72
2024,25-Feb 8am,195323.61,25-02-2024 08:00,22.16,36.95
2024,25-Feb 9am,205165.36,25-02-2024 09:00,25,56.14
2024,25-Feb 10am,210150.25,25-02-2024 10:00,25.06,62.4
2024,25-Feb 11am,208110.27,25-02-2024 11:00,25.22,62.7
2024,25-Feb 12pm,203718.48,25-02-2024 12:00,27.73,64.69
2024,25-Feb 1pm,196037.43,25-02-2024 13:00,28.5,42.73
2024,25-Feb 2pm,192380.95,25-02-2024 14:00,28.47,37.43
2024,25-Feb 3pm,190187.25,25-02-2024 15:00,29.15,45.4
2024,25-Feb 4pm,186539.05,25-02-2024 16:00,28.7,44.85
2024,25-Feb 5pm,181080.74,25-02-2024 17:00,29.18,48.4
2024,25-Feb 6pm,180812.33,25-02-2024 18:00,25.57,58.12
2024,25-Feb 7pm,181470.54,25-02-2024 19:00,25.53,64.06
2024,25-Feb 8pm,173572.1,25-02-2024 20:00,25.76,60.85
2024,25-Feb 9pm,168134.08,25-02-2024 21:00,22.96,37.15
2024,25-Feb 10pm,164000.81,25-02-2024 22:00,23.37,63.89
2024,25-Feb 11pm,161620.73,25-02-2024 23:00,23.23,64.93
2024,26-Feb 12am,157318.14,26-02-2024 00:00,20.24,70.87
2024,26-Feb 1am,154159.44,26-02-2024 01:00,19.93,78.62
2024,26-Feb 2am,152171.19,26-02-2024 02:00,19.85,73.91
2024,26-Feb 3am,151634.33,26-02-2024 03:00,19.87,75.24
2024,26-Feb 4am,154672.07,26-02-2024 04:00,20.49,79.15
2024,26-Feb 5am,162549.27,26-02-2024 05:00,19.54,79.73
2024,26-Feb 6am,176431.71,26-02-2024 06:00,22.37,37.62
2024,26-Feb 7am,193738.84,26-02-2024 07:00,22.08,37.13
2024,26-Feb 8am,203067.18,26-02-2024 08:00,21.94,70.81
2024,26-Feb 9am,211714.26,26-02-2024 09:00,25.23,60.62
2024,26-Feb 10am,214979.48,26-02-2024 10:00,24.99,55.14
2024,26-Feb 11am,214132.01,26-02-2024 11:00,25.37,59.12
2024,26-Feb 12pm,210264.51,26-02-2024 12:00,28.4,35.73
2024,26-Feb 1pm,202799.72,26-02-2024 13:00,27.92,59.05
2024,26-Feb 2pm,201967.85,26-02-2024 14:00,27.78,55.4
2024,26-Feb 3pm,201304.75,26-02-2024 15:00,29.09,53.35
2024,26-Feb 4pm,197765.22,26-02-2024 16:00,29.41,47.1
2024,26-Feb 5pm,193657.22,26-02-2024 17:00,28.71,38.28
2024,26-Feb 6pm,191055.44,26-02-2024 18:00,26.12,63.7
2024,26-Feb 7pm,190836.41,26-02-2024 19:00,26.13,62.46
2024,26-Feb 8pm,180273.58,26-02-2024 20:00,26.23,57.19
2024,26-Feb 9pm,174601.5,26-02-2024 21:00,22.63,35.72
2024,26-Feb 10pm,169921.94,26-02-2024 22:00,23.22,62.16
2024,26-Feb 11pm,166993.43,26-02-2024 23:00,23.41,58.91
2024,27-Feb 12am,162677.86,27-02-2024 00:00,19.68,77.66
2024,27-Feb 1am,158847.6,27-02-2024 01:00,19.74,74.45
2024,27-Feb 2am,156397.41,27-02-2024 02:00,20.47,73.46
2024,27-Feb 3am,155812.32,27-02-2024 03:00,19.68,74.51
2024,27-Feb 4am,157956.85,27-02-2024 04:00,20.35,77.49
2024,27-Feb 5am,164975.37,27-02-2024 05:00,19.99,79.02
2024,27-Feb 6am,178883.62,27-02-2024 06:00,21.75,70.5
2024,27-Feb 7am,197571.67,27-02-2024 07:00,22.37,40.24
2024,27-Feb 8am,207739.02,27-02-2024 08:00,21.95,70.33
2024,27-Feb 9am,214042.76,27-02-2024 09:00,25.01,59.68
2024,27-Feb 10am,216706.41,27-02-2024 10:00,24.86,63.85
2024,27-Feb 11am,213335.4,27-02-2024 11:00,25.09,58.62
2024,27-Feb 12pm,207325.41,27-02-2024 12:00,27.66,64.32
2024,27-Feb 1pm,199670.81,27-02-2024 13:00,27.89,61.31
2024,27-Feb 2pm,199765.83,27-02-2024 14:00,28.47,44.34
2024,27-Feb 3pm,199282.84,27-02-2024 15:00,28.76,42.57
2024,27-Feb 4pm,196684.58,27-02-2024 16:00,29.16,46.03
2024,27-Feb 5pm,192001.34,27-02-2024 17:00,28.83,37.31
2024,27-Feb 6pm,187727.24,27-02-2024 18:00,26.27,58.94
2024,27-Feb 7pm,189010.83,27-02-2024 19:00,25.63,56.7
2024,27-Feb 8pm,179562.54,27-02-2024 20:00,26.47,59.95
2024,27-Feb 9pm,173842.82,27-02-2024 21:00,22.95,39.71
2024,27-Feb 10pm,169305.88,27-02-2024 22:00,22.74,44.56
2024,27-Feb 11pm,165801.28,27-02-2024 23:00,22.57,39.34
2024,28-Feb 12am,161493.5,28-02-2024 00:00,19.67,77.86
2024,28-Feb 1am,157655.92,28-02-2024 01:00,20.02,79.42
2024,28-Feb 2am,155254.81,28-02-2024 02:00,19.84,78.77
2024,28-Feb 3am,154700.95,28-02-2024 03:00,20.33,72.09
2024,28-Feb 4am,156630.29,28-02-2024 04:00,19.93,74.96
2024,28-Feb 5am,164330.24,28-02-2024 05:00,19.75,73.48
2024,28-Feb 6am,178828.9,28-02-2024 06:00,22.12,39
2024,28-Feb 7am,194994.85,28-02-2024 07:00,22.21,38.61
2024,28-Feb 8am,204333.21,28-02-2024 08:00,21.67,78.26
2024,28-Feb 9am,212283.25,28-02-2024 09:00,24.67,59.52
2024,28-Feb 10am,216196.45,28-02-2024 10:00,24.54,60.24
2024,28-Feb 11am,213340,28-02-2024 11:00,25.24,64.82
2024,28-Feb 12pm,206887.11,28-02-2024 12:00,28.16,35.6
2024,28-Feb 1pm,199460.42,28-02-2024 13:00,27.97,59.88
2024,28-Feb 2pm,198124.75,28-02-2024 14:00,28.34,42.74
2024,28-Feb 3pm,198259.05,28-02-2024 15:00,29.31,46.51
2024,28-Feb 4pm,196679.66,28-02-2024 16:00,29.09,51.12
2024,28-Feb 5pm,190969.22,28-02-2024 17:00,29.37,47.39
2024,28-Feb 6pm,188992.91,28-02-2024 18:00,25.71,63.67
2024,28-Feb 7pm,192665.43,28-02-2024 19:00,25.61,58.27
2024,28-Feb 8pm,183898.73,28-02-2024 20:00,25.77,58.29
2024,28-Feb 9pm,177931.72,28-02-2024 21:00,22.56,40.98
2024,28-Feb 10pm,173124.53,28-02-2024 22:00,23.03,56.84
2024,28-Feb 11pm,169985.15,28-02-2024 23:00,23.44,57.85
2024,29-Feb 12am,165499.63,29-02-2024 00:00,19.54,74.17
2024,29-Feb 1am,161834.41,29-02-2024 01:00,19.62,73.54
2024,29-Feb 2am,158423.21,29-02-2024 02:00,19.95,75.25
2024,29-Feb 3am,157300.39,29-02-2024 03:00,20.43,76
2024,29-Feb 4am,158621.79,29-02-2024 04:00,19.82,75.67
2024,29-Feb 5am,167585.83,29-02-2024 05:00,20.01,76.54
2024,29-Feb 6am,181137.36,29-02-2024 06:00,21.54,73.08
2024,29-Feb 7am,198229.72,29-02-2024 07:00,21.65,71.26
2024,29-Feb 8am,206792.02,29-02-2024 08:00,22.49,42.61
2024,29-Feb 9am,212811.45,29-02-2024 09:00,25.47,63.51
2024,29-Feb 10am,215994.24,29-02-2024 10:00,24.5,57.57
2024,29-Feb 11am,214038.84,29-02-2024 11:00,25.45,59.07
2024,29-Feb 12pm,207888.82,29-02-2024 12:00,28.14,39.99
2024,29-Feb 1pm,199982.35,29-02-2024 13:00,28.37,40.33
2024,29-Feb 2pm,200119.57,29-02-2024 14:00,27.95,61.59
2024,29-Feb 3pm,201216.12,29-02-2024 15:00,29.02,45.42
2024,29-Feb 4pm,200701.79,29-02-2024 16:00,28.99,42.21
2024,29-Feb 5pm,194237.45,29-02-2024 17:00,29.17,45.62
2024,29-Feb 6pm,191380.69,29-02-2024 18:00,25.64,59.68
2024,29-Feb 7pm,193618.35,29-02-2024 19:00,25.53,63.28
2024,29-Feb 8pm,184094.19,29-02-2024 20:00,25.81,59.51
2024,29-Feb 9pm,178285.55,29-02-2024 21:00,23.2,56.49
2024,29-Feb 10pm,174593.64,29-02-2024 22:00,22.7,44.85
2024,29-Feb 11pm,171982.64,29-02-2024 23:00,23.17,63.89
2024,01-Mar 12am,167690.39,01-03-2024 00:00,24.47,62.71
2024,01-Mar 1am,163886.44,01-03-2024 01:00,23.59,59.12
2024,01-Mar 2am,161084.49,01-03-2024 02:00,24.17,56.84
2024,01-Mar 3am,159754.48,01-03-2024 03:00,23.94,64.41
2024,01-Mar 4am,161854.65,01-03-2024 04:00,24.37,60.32
2024,01-Mar 5am,169996.2,01-03-2024 05:00,23.68,63.52
2024,01-Mar 6am,183319.81,01-03-2024 06:00,26.19,58.42
2024,01-Mar 7am,198052.24,01-03-2024 07:00,26.34,58.35
2024,01-Mar 8am,205907.88,01-03-2024 08:00,26.44,64.86
2024,01-Mar 9am,212690.65,01-03-2024 09:00,29.18,50.22
2024,01-Mar 10am,216736.75,01-03-2024 10:00,29,46.41
2024,01-Mar 11am,215186.8,01-03-2024 11:00,29.12,47.2
2024,01-Mar 12pm,207976.14,01-03-2024 12:00,32.37,49.82
2024,01-Mar 1pm,200486.96,01-03-2024 13:00,32.07,45.42
2024,01-Mar 2pm,197511.09,01-03-2024 14:00,31.53,49.63
2024,01-Mar 3pm,197027.25,01-03-2024 15:00,33.43,49.19
2024,01-Mar 4pm,194049.37,01-03-2024 16:00,33.19,52.79
2024,01-Mar 5pm,188115.38,01-03-2024 17:00,33.18,48.55
2024,01-Mar 6pm,185426.75,01-03-2024 18:00,29.72,54.83
2024,01-Mar 7pm,186606.48,01-03-2024 19:00,30.16,46.81
2024,01-Mar 8pm,177340.16,01-03-2024 20:00,29.89,50.91
2024,01-Mar 9pm,171066.54,01-03-2024 21:00,27.15,55.9
2024,01-Mar 10pm,166629.43,01-03-2024 22:00,26.61,62.34
2024,01-Mar 11pm,164231.42,01-03-2024 23:00,27.16,64.95
2024,02-Mar 12am,160674.77,02-03-2024 00:00,24.5,63.19
2024,02-Mar 1am,156869.48,02-03-2024 01:00,23.55,60.56
2024,02-Mar 2am,153943.12,02-03-2024 02:00,24.48,59.85
2024,02-Mar 3am,152449.26,02-03-2024 03:00,23.91,63.35
2024,02-Mar 4am,153861.48,02-03-2024 04:00,24.37,64.36
2024,02-Mar 5am,160574.94,02-03-2024 05:00,24.28,64.89
2024,02-Mar 6am,170893.6,02-03-2024 06:00,26.07,58.97
2024,02-Mar 7am,185221.85,02-03-2024 07:00,26.24,64.91
2024,02-Mar 8am,193299.01,02-03-2024 08:00,26.38,56.56
2024,02-Mar 9am,199823.83,02-03-2024 09:00,28.9,37.54
2024,02-Mar 10am,200474.73,02-03-2024 10:00,28.83,35.89
2024,02-Mar 11am,199887.81,02-03-2024 11:00,29.17,47.72
2024,02-Mar 12pm,193527.53,02-03-2024 12:00,32.31,52.68
2024,02-Mar 1pm,186050.17,02-03-2024 13:00,32.26,53.53
2024,02-Mar 2pm,184811.13,02-03-2024 14:00,32.3,52.79
2024,02-Mar 3pm,185273.21,02-03-2024 15:00,32.94,51.31
2024,02-Mar 4pm,183245.58,02-03-2024 16:00,33.32,50.14
2024,02-Mar 5pm,178354.46,02-03-2024 17:00,32.62,52.09
2024,02-Mar 6pm,177375.18,02-03-2024 18:00,30.04,48.91
2024,02-Mar 7pm,181184.05,02-03-2024 19:00,29.51,53.41
2024,02-Mar 8pm,171621.78,02-03-2024 20:00,29.82,51.77
2024,02-Mar 9pm,165385.9,02-03-2024 21:00,26.87,61.98
2024,02-Mar 10pm,161352.69,02-03-2024 22:00,26.9,60.36
2024,02-Mar 11pm,159358.66,02-03-2024 23:00,27.2,63.85
2024,03-Mar 12am,156298.19,03-03-2024 00:00,23.89,57.52
2024,03-Mar 1am,151870.58,03-03-2024 01:00,23.95,58.81
2024,03-Mar 2am,148706.45,03-03-2024 02:00,23.74,62.78
2024,03-Mar 3am,146776.21,03-03-2024 03:00,23.87,59.93
2024,03-Mar 4am,147849.43,03-03-2024 04:00,23.73,63.89
2024,03-Mar 5am,153033.24,03-03-2024 05:00,23.57,58.46
2024,03-Mar 6am,160840.8,03-03-2024 06:00,26.1,58.69
2024,03-Mar 7am,172538.88,03-03-2024 07:00,26.17,63.89
2024,03-Mar 8am,181029.93,03-03-2024 08:00,26.12,59.64
2024,03-Mar 9am,189078.87,03-03-2024 09:00,28.96,40.16
2024,03-Mar 10am,191647.61,03-03-2024 10:00,28.88,38.33
2024,03-Mar 11am,189385.06,03-03-2024 11:00,29.36,47.77
2024,03-Mar 12pm,185673.26,03-03-2024 12:00,32.02,51.56
2024,03-Mar 1pm,179873.04,03-03-2024 13:00,31.98,46.2
2024,03-Mar 2pm,175800.2,03-03-2024 14:00,31.53,53.79
2024,03-Mar 3pm,173582.36,03-03-2024 15:00,32.84,52.79
2024,03-Mar 4pm,171272.92,03-03-2024 16:00,32.88,46.91
2024,03-Mar 5pm,166492.8,03-03-2024 17:00,32.9,51.94
2024,03-Mar 6pm,168423.45,03-03-2024 18:00,30.08,51.03
2024,03-Mar 7pm,173656.25,03-03-2024 19:00,30.03,46.85
2024,03-Mar 8pm,166669.33,03-03-2024 20:00,30.11,47.73
2024,03-Mar 9pm,162236.6,03-03-2024 21:00,27.26,59.09
2024,03-Mar 10pm,158215.33,03-03-2024 22:00,27.31,61.99
2024,03-Mar 11pm,156194.21,03-03-2024 23:00,27.22,61.39
2024,04-Mar 12am,152042.24,04-03-2024 00:00,24.46,60.32
2024,04-Mar 1am,148301.82,04-03-2024 01:00,23.52,62.68
2024,04-Mar 2am,146003.69,04-03-2024 02:00,23.7,62.58
2024,04-Mar 3am,144965.59,04-03-2024 03:00,23.51,61.18
2024,04-Mar 4am,147134.49,04-03-2024 04:00,24.15,62.87
2024,04-Mar 5am,155250.94,04-03-2024 05:00,24.4,58.34
2024,04-Mar 6am,170018.31,04-03-2024 06:00,25.74,63.81
2024,04-Mar 7am,186662.86,04-03-2024 07:00,26.43,61.15
2024,04-Mar 8am,195106.58,04-03-2024 08:00,25.56,63.22
2024,04-Mar 9am,202229.71,04-03-2024 09:00,29.43,50.46
2024,04-Mar 10am,204596.81,04-03-2024 10:00,28.85,37.18
2024,04-Mar 11am,203252.56,04-03-2024 11:00,28.6,40.42
2024,04-Mar 12pm,197851.49,04-03-2024 12:00,31.99,48.71
2024,04-Mar 1pm,191640.79,04-03-2024 13:00,31.76,51.97
2024,04-Mar 2pm,190904.04,04-03-2024 14:00,31.78,49.76
2024,04-Mar 3pm,190776.53,04-03-2024 15:00,32.81,53.36
2024,04-Mar 4pm,189269.4,04-03-2024 16:00,33.3,51.78
2024,04-Mar 5pm,183671.88,04-03-2024 17:00,33.04,51.85
2024,04-Mar 6pm,182118.47,04-03-2024 18:00,29.81,47.17
2024,04-Mar 7pm,187504.41,04-03-2024 19:00,30.11,54.84
2024,04-Mar 8pm,178839.21,04-03-2024 20:00,30.22,53.42
2024,04-Mar 9pm,172803.27,04-03-2024 21:00,26.77,62.89
2024,04-Mar 10pm,168670.01,04-03-2024 22:00,26.91,58.3
2024,04-Mar 11pm,165985.98,04-03-2024 23:00,26.62,60.36
2024,05-Mar 12am,161405.34,05-03-2024 00:00,23.68,56.37
2024,05-Mar 1am,157664.76,05-03-2024 01:00,24.18,60.38
2024,05-Mar 2am,155385.3,05-03-2024 02:00,23.68,56.46
2024,05-Mar 3am,154577.38,05-03-2024 03:00,24.03,60.53
2024,05-Mar 4am,156073.94,05-03-2024 04:00,24.21,61.49
2024,05-Mar 5am,163508.22,05-03-2024 05:00,23.61,58.9
2024,05-Mar 6am,178019.54,05-03-2024 06:00,26.07,59.99
2024,05-Mar 7am,192966.11,05-03-2024 07:00,25.76,63.76
2024,05-Mar 8am,200773.32,05-03-2024 08:00,26.46,56.09
2024,05-Mar 9am,207599.65,05-03-2024 09:00,28.98,42.92
2024,05-Mar 10am,208647.02,05-03-2024 10:00,29.31,46.71
2024,05-Mar 11am,205400,05-03-2024 11:00,29.05,45.37
2024,05-Mar 12pm,199225.13,05-03-2024 12:00,31.54,46.86
2024,05-Mar 1pm,192106.26,05-03-2024 13:00,32.13,52.65
2024,05-Mar 2pm,192246.9,05-03-2024 14:00,32.45,49.05
2024,05-Mar 3pm,191857.69,05-03-2024 15:00,33.1,53.73
2024,05-Mar 4pm,190284.07,05-03-2024 16:00,33.32,50.25
2024,05-Mar 5pm,184877.89,05-03-2024 17:00,33.38,45.22
2024,05-Mar 6pm,184370.2,05-03-2024 18:00,29.73,52.17
2024,05-Mar 7pm,189158.46,05-03-2024 19:00,29.71,46.1
2024,05-Mar 8pm,180485.58,05-03-2024 20:00,30.11,52.89
2024,05-Mar 9pm,174534.51,05-03-2024 21:00,26.91,56.68
2024,05-Mar 10pm,169618.5,05-03-2024 22:00,27.34,58.45
2024,05-Mar 11pm,166646.73,05-03-2024 23:00,27.4,62.61
2024,06-Mar 12am,163005.67,06-03-2024 00:00,23.85,64.54
2024,06-Mar 1am,159811.62,06-03-2024 01:00,23.74,58.71
2024,06-Mar 2am,157213.59,06-03-2024 02:00,24.28,63.29
2024,06-Mar 3am,155489.74,06-03-2024 03:00,23.77,56.91
2024,06-Mar 4am,157050.19,06-03-2024 04:00,24.32,63.07
2024,06-Mar 5am,164093.41,06-03-2024 05:00,23.92,61.57
2024,06-Mar 6am,178958.27,06-03-2024 06:00,26.17,56.93
2024,06-Mar 7am,193595.88,06-03-2024 07:00,25.6,58.03
2024,06-Mar 8am,200870.77,06-03-2024 08:00,26.12,56.32
2024,06-Mar 9am,207265.5,06-03-2024 09:00,28.95,38.83
2024,06-Mar 10am,210507.36,06-03-2024 10:00,29.09,47.04
2024,06-Mar 11am,208175.24,06-03-2024 11:00,28.67,41.44
2024,06-Mar 12pm,202239.98,06-03-2024 12:00,32.24,54.95
2024,06-Mar 1pm,195099.22,06-03-2024 13:00,32.36,45.12
2024,06-Mar 2pm,195222.21,06-03-2024 14:00,31.72,50.41
2024,06-Mar 3pm,195328.46,06-03-2024 15:00,32.6,50.74
2024,06-Mar 4pm,193286.6,06-03-2024 16:00,32.52,54.14
2024,06-Mar 5pm,186644.67,06-03-2024 17:00,33.14,50.06
2024,06-Mar 6pm,185856.2,06-03-2024 18:00,30.11,50.44
2024,06-Mar 7pm,190156.33,06-03-2024 19:00,30.05,49.72
2024,06-Mar 8pm,181125.5,06-03-2024 20:00,29.73,47.69
2024,06-Mar 9pm,175028.16,06-03-2024 21:00,26.89,55.56
2024,06-Mar 10pm,171053.31,06-03-2024 22:00,27.09,59.09
2024,06-Mar 11pm,168793.45,06-03-2024 23:00,27,55.53
2024,07-Mar 12am,164756.05,07-03-2024 00:00,24.49,60.5
2024,07-Mar 1am,161194.07,07-03-2024 01:00,23.64,58.07
2024,07-Mar 2am,158745.38,07-03-2024 02:00,24.2,60.34
2024,07-Mar 3am,157796.8,07-03-2024 03:00,23.9,56.34
2024,07-Mar 4am,159576.52,07-03-2024 04:00,23.93,64.33
2024,07-Mar 5am,166938.58,07-03-2024 05:00,24.22,63.95
2024,07-Mar 6am,181035.11,07-03-2024 06:00,26.19,56.9
2024,07-Mar 7am,196243.72,07-03-2024 07:00,26.49,58.43
2024,07-Mar 8am,203302.42,07-03-2024 08:00,25.63,61.13
2024,07-Mar 9am,210105.65,07-03-2024 09:00,28.6,35.96
2024,07-Mar 10am,213160.39,07-03-2024 10:00,29.22,48.55
2024,07-Mar 11am,210686.49,07-03-2024 11:00,29.08,47.51
2024,07-Mar 12pm,204986.45,07-03-2024 12:00,31.77,54.16
2024,07-Mar 1pm,197462.59,07-03-2024 13:00,31.58,53.53
2024,07-Mar 2pm,197522.71,07-03-2024 14:00,31.59,50.8
2024,07-Mar 3pm,197585.83,07-03-2024 15:00,33.39,50.2
2024,07-Mar 4pm,196179.1,07-03-2024 16:00,32.69,54.31
2024,07-Mar 5pm,189723,07-03-2024 17:00,32.82,54.32
2024,07-Mar 6pm,187365.85,07-03-2024 18:00,29.73,54.69
2024,07-Mar 7pm,192088.76,07-03-2024 19:00,29.85,46.25
2024,07-Mar 8pm,183505.36,07-03-2024 20:00,29.57,46.61
2024,07-Mar 9pm,177952.25,07-03-2024 21:00,27.02,61.77
2024,07-Mar 10pm,174208.87,07-03-2024 22:00,26.57,60.41
2024,07-Mar 11pm,171895.37,07-03-2024 23:00,27.3,55.18
2024,08-Mar 12am,167938,08-03-2024 00:00,23.73,55.62
2024,08-Mar 1am,164138.68,08-03-2024 01:00,24.04,63.88
2024,08-Mar 2am,161621.61,08-03-2024 02:00,24.38,63.69
2024,08-Mar 3am,160590.29,08-03-2024 03:00,24.15,58.57
2024,08-Mar 4am,162993.68,08-03-2024 04:00,24.03,63.91
2024,08-Mar 5am,170887.11,08-03-2024 05:00,23.82,60.94
2024,08-Mar 6am,182791.15,08-03-2024 06:00,25.83,63.06
2024,08-Mar 7am,195180.1,08-03-2024 07:00,26.17,59.27
2024,08-Mar 8am,203007.67,08-03-2024 08:00,26.49,56.13
2024,08-Mar 9am,211837.74,08-03-2024 09:00,29.16,49.34
2024,08-Mar 10am,216473.03,08-03-2024 10:00,29.06,49.57
2024,08-Mar 11am,214978.1,08-03-2024 11:00,29.23,50.51
2024,08-Mar 12pm,208456.36,08-03-2024 12:00,31.97,46.06
2024,08-Mar 1pm,198917.55,08-03-2024 13:00,31.56,54.91
2024,08-Mar 2pm,196204.39,08-03-2024 14:00,32.06,47.44
2024,08-Mar 3pm,195811.22,08-03-2024 15:00,33.46,46.99
2024,08-Mar 4pm,192598.38,08-03-2024 16:00,32.68,50.27
2024,08-Mar 5pm,185411.73,08-03-2024 17:00,33.19,50.37
2024,08-Mar 6pm,183686.55,08-03-2024 18:00,29.7,49.4
2024,08-Mar 7pm,187100.51,08-03-2024 19:00,30.04,52.72
2024,08-Mar 8pm,178151.73,08-03-2024 20:00,29.6,50.17
2024,08-Mar 9pm,173181.53,08-03-2024 21:00,26.95,61.1
2024,08-Mar 10pm,170299.1,08-03-2024 22:00,27.26,62.24
2024,08-Mar 11pm,169051.83,08-03-2024 23:00,26.85,55.25
2024,09-Mar 12am,166007.46,09-03-2024 00:00,24.16,60.71
2024,09-Mar 1am,162598.74,09-03-2024 01:00,24.3,63.84
2024,09-Mar 2am,159489.25,09-03-2024 02:00,24.43,55.17
2024,09-Mar 3am,158455.28,09-03-2024 03:00,23.73,59.05
2024,09-Mar 4am,160363.4,09-03-2024 04:00,23.9,64.26
2024,09-Mar 5am,167814.52,09-03-2024 05:00,23.65,58.53
2024,09-Mar 6am,179754.19,09-03-2024 06:00,26.49,59.59
2024,09-Mar 7am,192418.44,09-03-2024 07:00,26.43,64.82
2024,09-Mar 8am,200626.43,09-03-2024 08:00,26.04,56.99
2024,09-Mar 9am,208220.97,09-03-2024 09:00,29.34,45.65
2024,09-Mar 10am,210185.34,09-03-2024 10:00,29.02,53.59
2024,09-Mar 11am,208338.28,09-03-2024 11:00,29.12,53.68
2024,09-Mar 12pm,202781.85,09-03-2024 12:00,31.59,49.72
2024,09-Mar 1pm,196035.33,09-03-2024 13:00,32.26,50.14
2024,09-Mar 2pm,195921.93,09-03-2024 14:00,31.63,53.36
2024,09-Mar 3pm,196926.82,09-03-2024 15:00,33.33,52.39
2024,09-Mar 4pm,194527.76,09-03-2024 16:00,33.28,47.65
2024,09-Mar 5pm,187765.75,09-03-2024 17:00,33.21,45.17
2024,09-Mar 6pm,185573.01,09-03-2024 18:00,29.54,49.8
2024,09-Mar 7pm,190009.07,09-03-2024 19:00,29.8,53.59
2024,09-Mar 8pm,182935.02,09-03-2024 20:00,29.76,53.96
2024,09-Mar 9pm,177579.59,09-03-2024 21:00,26.86,64.56
2024,09-Mar 10pm,174482.85,09-03-2024 22:00,26.59,63.8
2024,09-Mar 11pm,172832.38,09-03-2024 23:00,27.44,60.8
2024,10-Mar 12am,168644.36,10-03-2024 00:00,24.05,59.45
2024,10-Mar 1am,164570,10-03-2024 01:00,23.81,62.75
2024,10-Mar 2am,161687.71,10-03-2024 02:00,23.9,62.4
2024,10-Mar 3am,160321.04,10-03-2024 03:00,23.95,60.38
2024,10-Mar 4am,161579.43,10-03-2024 04:00,24.1,55.87
2024,10-Mar 5am,167698.68,10-03-2024 05:00,24.02,64.26
2024,10-Mar 6am,176893.1,10-03-2024 06:00,26.42,59.56
2024,10-Mar 7am,186679.03,10-03-2024 07:00,26,58.63
2024,10-Mar 8am,193919.67,10-03-2024 08:00,26.49,61.3
2024,10-Mar 9am,201147.99,10-03-2024 09:00,29.35,51.74
2024,10-Mar 10am,203716.13,10-03-2024 10:00,28.71,37.11
2024,10-Mar 11am,201728.59,10-03-2024 11:00,29.43,53.37
2024,10-Mar 12pm,197142.99,10-03-2024 12:00,31.62,47.9
2024,10-Mar 1pm,191595.23,10-03-2024 13:00,32.32,46.87
2024,10-Mar 2pm,189120.81,10-03-2024 14:00,31.88,49.06
2024,10-Mar 3pm,186683.19,10-03-2024 15:00,33.38,52.31
2024,10-Mar 4pm,183967.39,10-03-2024 16:00,33.37,54.65
2024,10-Mar 5pm,177288.34,10-03-2024 17:00,33.31,53.09
2024,10-Mar 6pm,176762.04,10-03-2024 18:00,30.29,54.4
2024,10-Mar 7pm,181584.02,10-03-2024 19:00,29.8,46.41
2024,10-Mar 8pm,174846.49,10-03-2024 20:00,29.58,45.71
2024,10-Mar 9pm,170996.32,10-03-2024 21:00,26.9,60.58
2024,10-Mar 10pm,168227.91,10-03-2024 22:00,26.67,57.9
2024,10-Mar 11pm,166789.48,10-03-2024 23:00,27.19,63.28
2024,11-Mar 12am,162934.76,11-03-2024 00:00,23.85,61.72
2024,11-Mar 1am,159576.88,11-03-2024 01:00,24.48,64.71
2024,11-Mar 2am,157423.62,11-03-2024 02:00,24.14,57.55
2024,11-Mar 3am,156497.89,11-03-2024 03:00,24.32,59.86
2024,11-Mar 4am,158350.18,11-03-2024 04:00,23.63,60.01
2024,11-Mar 5am,165703.23,11-03-2024 05:00,24.36,57.39
2024,11-Mar 6am,179366.91,11-03-2024 06:00,26.42,60.9
2024,11-Mar 7am,193913.33,11-03-2024 07:00,25.99,59.43
2024,11-Mar 8am,201665.56,11-03-2024 08:00,26.11,59.47
2024,11-Mar 9am,211123.83,11-03-2024 09:00,29.26,48.63
2024,11-Mar 10am,215564.9,11-03-2024 10:00,28.67,35.17
2024,11-Mar 11am,214491.79,11-03-2024 11:00,29,50.22
2024,11-Mar 12pm,210352.2,11-03-2024 12:00,31.9,48.35
2024,11-Mar 1pm,203562.84,11-03-2024 13:00,31.65,45.01
2024,11-Mar 2pm,202419.31,11-03-2024 14:00,31.87,48.08
2024,11-Mar 3pm,202445.08,11-03-2024 15:00,32.57,47.79
2024,11-Mar 4pm,201245.53,11-03-2024 16:00,32.53,48.93
2024,11-Mar 5pm,193835.99,11-03-2024 17:00,32.64,46.32
2024,11-Mar 6pm,192027.43,11-03-2024 18:00,30.46,50.08
2024,11-Mar 7pm,195054.79,11-03-2024 19:00,30.05,51.92
2024,11-Mar 8pm,186615.77,11-03-2024 20:00,30.47,51.3
2024,11-Mar 9pm,181970.55,11-03-2024 21:00,26.93,63.04
2024,11-Mar 10pm,179119.1,11-03-2024 22:00,26.81,59.52
2024,11-Mar 11pm,177872.98,11-03-2024 23:00,27.01,60.19
2024,12-Mar 12am,173984,12-03-2024 00:00,23.94,63.1
2024,12-Mar 1am,169974.14,12-03-2024 01:00,23.61,59.28
2024,12-Mar 2am,166956.91,12-03-2024 02:00,24.14,62.02
2024,12-Mar 3am,166899.31,12-03-2024 03:00,23.72,59.35
2024,12-Mar 4am,169707.28,12-03-2024 04:00,24.12,59.18
2024,12-Mar 5am,174767.15,12-03-2024 05:00,24.15,62.6
2024,12-Mar 6am,184960.92,12-03-2024 06:00,25.65,56.75
2024,12-Mar 7am,196012.17,12-03-2024 07:00,25.56,58.39
2024,12-Mar 8am,202042.64,12-03-2024 08:00,26.28,57.24
2024,12-Mar 9am,211331.53,12-03-2024 09:00,28.96,38.59
2024,12-Mar 10am,216506.58,12-03-2024 10:00,28.56,37.3
2024,12-Mar 11am,216010.29,12-03-2024 11:00,29.49,50.79
2024,12-Mar 12pm,211348.3,12-03-2024 12:00,31.56,52.98
2024,12-Mar 1pm,204978.22,12-03-2024 13:00,32.2,52.87
2024,12-Mar 2pm,204426.4,12-03-2024 14:00,32.48,48.65
2024,12-Mar 3pm,205019.22,12-03-2024 15:00,32.74,54.89
2024,12-Mar 4pm,203865.4,12-03-2024 16:00,32.64,50.94
2024,12-Mar 5pm,197198.87,12-03-2024 17:00,32.62,48.99
2024,12-Mar 6pm,194901.09,12-03-2024 18:00,29.8,53.36
2024,12-Mar 7pm,198059.24,12-03-2024 19:00,29.6,52.3
2024,12-Mar 8pm,190226.79,12-03-2024 20:00,30.19,52.49
2024,12-Mar 9pm,185237.98,12-03-2024 21:00,26.56,56.96
2024,12-Mar 10pm,182642.68,12-03-2024 22:00,27.01,59.68
2024,12-Mar 11pm,181869.59,12-03-2024 23:00,27.5,63.62
2024,13-Mar 12am,178130.73,13-03-2024 00:00,24.31,60.04
2024,13-Mar 1am,174245.28,13-03-2024 01:00,24.12,61.83
2024,13-Mar 2am,171150.52,13-03-2024 02:00,23.81,60.88
2024,13-Mar 3am,170557.53,13-03-2024 03:00,24.12,63.42
2024,13-Mar 4am,173246.39,13-03-2024 04:00,24.03,57.85
2024,13-Mar 5am,178067.89,13-03-2024 05:00,23.93,60.75
2024,13-Mar 6am,186868.32,13-03-2024 06:00,25.63,56.23
2024,13-Mar 7am,196355.84,13-03-2024 07:00,26.39,61.9
2024,13-Mar 8am,202506.22,13-03-2024 08:00,25.95,62.32
2024,13-Mar 9am,211910.45,13-03-2024 09:00,28.69,35.43
2024,13-Mar 10am,217863.27,13-03-2024 10:00,28.87,41.76
2024,13-Mar 11am,217365.16,13-03-2024 11:00,28.91,39.15
2024,13-Mar 12pm,213517.76,13-03-2024 12:00,32.33,46.24
2024,13-Mar 1pm,204834.89,13-03-2024 13:00,32.23,49.2
2024,13-Mar 2pm,204395.62,13-03-2024 14:00,32.27,46.94
2024,13-Mar 3pm,204902.03,13-03-2024 15:00,32.51,49.16
2024,13-Mar 4pm,202143.15,13-03-2024 16:00,32.92,48.84
2024,13-Mar 5pm,195383.62,13-03-2024 17:00,32.98,52.38
2024,13-Mar 6pm,192490.87,13-03-2024 18:00,29.52,52.74
2024,13-Mar 7pm,195822.66,13-03-2024 19:00,29.76,51.07
2024,13-Mar 8pm,188171.93,13-03-2024 20:00,30.26,45.23
2024,13-Mar 9pm,184180.75,13-03-2024 21:00,26.64,64.31
2024,13-Mar 10pm,182373.03,13-03-2024 22:00,27.04,61.86
2024,13-Mar 11pm,180611.75,13-03-2024 23:00,26.72,55.34
2024,14-Mar 12am,177071.77,14-03-2024 00:00,23.51,63.19
2024,14-Mar 1am,173276.34,14-03-2024 01:00,23.74,57
2024,14-Mar 2am,170220.27,14-03-2024 02:00,24.48,60.79
2024,14-Mar 3am,169771.67,14-03-2024 03:00,24.3,59.67
2024,14-Mar 4am,172385.53,14-03-2024 04:00,24.46,59.2
2024,14-Mar 5am,178117.78,14-03-2024 05:00,23.99,63.9
2024,14-Mar 6am,187473.11,14-03-2024 06:00,25.61,59.37
2024,14-Mar 7am,196558.73,14-03-2024 07:00,26.05,55.75
2024,14-Mar 8am,202475.55,14-03-2024 08:00,25.95,64.47
2024,14-Mar 9am,211694.59,14-03-2024 09:00,29.34,54.21
2024,14-Mar 10am,215859.8,14-03-2024 10:00,28.6,41.84
2024,14-Mar 11am,215191.64,14-03-2024 11:00,28.99,39.68
2024,14-Mar 12pm,211766.64,14-03-2024 12:00,31.65,45.93
2024,14-Mar 1pm,205678.67,14-03-2024 13:00,31.82,52.91
2024,14-Mar 2pm,206368.47,14-03-2024 14:00,32.24,45.75
2024,14-Mar 3pm,207259.44,14-03-2024 15:00,32.98,45.69
2024,14-Mar 4pm,204188.23,14-03-2024 16:00,32.88,50.37
2024,14-Mar 5pm,197292.88,14-03-2024 17:00,32.89,46.6
2024,14-Mar 6pm,194321.16,14-03-2024 18:00,29.96,45.08
2024,14-Mar 7pm,198727.39,14-03-2024 19:00,30.29,49.23
2024,14-Mar 8pm,192526.11,14-03-2024 20:00,30.39,46.37
2024,14-Mar 9pm,188777.88,14-03-2024 21:00,27.46,56.61
2024,14-Mar 10pm,186436.04,14-03-2024 22:00,27.29,55.77
2024,14-Mar 11pm,184510.35,14-03-2024 23:00,26.82,57.05
2024,15-Mar 12am,181430.17,15-03-2024 00:00,24.19,62.15
2024,15-Mar 1am,177326.08,15-03-2024 01:00,23.94,63.09
2024,15-Mar 2am,174035.32,15-03-2024 02:00,23.75,59.53
2024,15-Mar 3am,173089.36,15-03-2024 03:00,24.34,60.07
2024,15-Mar 4am,175227.74,15-03-2024 04:00,23.54,55.33
2024,15-Mar 5am,179882.05,15-03-2024 05:00,24.4,55.69
2024,15-Mar 6am,189653.41,15-03-2024 06:00,25.96,57.58
2024,15-Mar 7am,198848.59,15-03-2024 07:00,26.14,60.44
2024,15-Mar 8am,204143.56,15-03-2024 08:00,26.16,62.4
2024,15-Mar 9am,215877.18,15-03-2024 09:00,29.4,51.05
2024,15-Mar 10am,219455.77,15-03-2024 10:00,29.14,48.92
2024,15-Mar 11am,219289.42,15-03-2024 11:00,29.11,46.18
2024,15-Mar 12pm,214438.35,15-03-2024 12:00,31.57,52.81
2024,15-Mar 1pm,208103.33,15-03-2024 13:00,32.02,48.64
2024,15-Mar 2pm,207181.5,15-03-2024 14:00,31.65,52.36
2024,15-Mar 3pm,207575.47,15-03-2024 15:00,33.24,50.13
2024,15-Mar 4pm,202890.28,15-03-2024 16:00,33.01,52.39
2024,15-Mar 5pm,196749.09,15-03-2024 17:00,33.18,54.07
2024,15-Mar 6pm,194361.75,15-03-2024 18:00,29.54,54.21
2024,15-Mar 7pm,197580.12,15-03-2024 19:00,29.58,50.35
2024,15-Mar 8pm,191362.11,15-03-2024 20:00,30.22,50.12
2024,15-Mar 9pm,187131.63,15-03-2024 21:00,26.57,57.66
2024,15-Mar 10pm,185605.74,15-03-2024 22:00,26.57,64.36
2024,15-Mar 11pm,184496.61,15-03-2024 23:00,26.51,59.58
2024,16-Mar 12am,180619.63,16-03-2024 00:00,24.46,56.28
2024,16-Mar 1am,177292.95,16-03-2024 01:00,24.24,59.33
2024,16-Mar 2am,174616.01,16-03-2024 02:00,23.85,56.27
2024,16-Mar 3am,173515.59,16-03-2024 03:00,23.8,60.03
2024,16-Mar 4am,175652,16-03-2024 04:00,23.85,60.61
2024,16-Mar 5am,179506.45,16-03-2024 05:00,24.27,58.38
2024,16-Mar 6am,187510.9,16-03-2024 06:00,26.16,55.72
2024,16-Mar 7am,196200.95,16-03-2024 07:00,25.69,64.44
2024,16-Mar 8am,201423.42,16-03-2024 08:00,25.67,62.73
2024,16-Mar 9am,210194.74,16-03-2024 09:00,28.6,43.39
2024,16-Mar 10am,214939.56,16-03-2024 10:00,29.16,48.67
2024,16-Mar 11am,215101.63,16-03-2024 11:00,29.26,52.61
2024,16-Mar 12pm,212537.62,16-03-2024 12:00,31.77,49.85
2024,16-Mar 1pm,206984.14,16-03-2024 13:00,31.52,47.01
2024,16-Mar 2pm,207889.96,16-03-2024 14:00,31.58,46.24
2024,16-Mar 3pm,209352.75,16-03-2024 15:00,33.47,48.45
2024,16-Mar 4pm,203859.67,16-03-2024 16:00,32.8,46.38
2024,16-Mar 5pm,195355.44,16-03-2024 17:00,33.27,54.98
2024,16-Mar 6pm,191809.38,16-03-2024 18:00,30.12,45.49
2024,16-Mar 7pm,195047.51,16-03-2024 19:00,29.88,49.41
2024,16-Mar 8pm,186943.23,16-03-2024 20:00,29.71,49.52
2024,16-Mar 9pm,182699.89,16-03-2024 21:00,26.62,58.01
2024,16-Mar 10pm,180940.43,16-03-2024 22:00,27.12,60.71
2024,16-Mar 11pm,179009.81,16-03-2024 23:00,27.27,56.5
2024,17-Mar 12am,176193.25,17-03-2024 00:00,24.14,62.84
2024,17-Mar 1am,172353.3,17-03-2024 01:00,24.03,58.32
2024,17-Mar 2am,169148.61,17-03-2024 02:00,23.54,60.91
2024,17-Mar 3am,168223.1,17-03-2024 03:00,24.47,62.16
2024,17-Mar 4am,170302.19,17-03-2024 04:00,24.3,63.89
2024,17-Mar 5am,174366.07,17-03-2024 05:00,23.79,63.36
2024,17-Mar 6am,181189.3,17-03-2024 06:00,26.48,61.08
2024,17-Mar 7am,189100.07,17-03-2024 07:00,26.1,58.88
2024,17-Mar 8am,193678.94,17-03-2024 08:00,26.08,60.03
2024,17-Mar 9am,200752.75,17-03-2024 09:00,29.25,52.69
2024,17-Mar 10am,202872.22,17-03-2024 10:00,29.31,53.78
2024,17-Mar 11am,202167.49,17-03-2024 11:00,29.16,46.04
2024,17-Mar 12pm,199777.57,17-03-2024 12:00,31.63,48.85
2024,17-Mar 1pm,194888.03,17-03-2024 13:00,31.84,52.76
2024,17-Mar 2pm,193884.71,17-03-2024 14:00,32.43,49.32
2024,17-Mar 3pm,193138.37,17-03-2024 15:00,32.72,48.32
2024,17-Mar 4pm,190264.81,17-03-2024 16:00,32.87,49.11
2024,17-Mar 5pm,182831.08,17-03-2024 17:00,32.93,51.03
2024,17-Mar 6pm,179630.21,17-03-2024 18:00,29.94,55
2024,17-Mar 7pm,184459.15,17-03-2024 19:00,30.11,49.93
2024,17-Mar 8pm,178769.54,17-03-2024 20:00,30.44,47.08
2024,17-Mar 9pm,176495.1,17-03-2024 21:00,26.74,56.63
2024,17-Mar 10pm,175413.31,17-03-2024 22:00,26.62,55.42
2024,17-Mar 11pm,173970.56,17-03-2024 23:00,26.7,60.59
2024,18-Mar 12am,170323.82,18-03-2024 00:00,24.39,60.45
2024,18-Mar 1am,166495.8,18-03-2024 01:00,24.15,57.05
2024,18-Mar 2am,164585.95,18-03-2024 02:00,23.79,61.95
2024,18-Mar 3am,163923.38,18-03-2024 03:00,24.32,62.41
2024,18-Mar 4am,166585.05,18-03-2024 04:00,24.36,57.59
2024,18-Mar 5am,172514.57,18-03-2024 05:00,24.35,58.44
2024,18-Mar 6am,184070.34,18-03-2024 06:00,26.42,64.9
2024,18-Mar 7am,194591.26,18-03-2024 07:00,25.75,58.74
2024,18-Mar 8am,200118.91,18-03-2024 08:00,26.26,62.61
2024,18-Mar 9am,210085.28,18-03-2024 09:00,28.96,39.53
2024,18-Mar 10am,215413.01,18-03-2024 10:00,29.34,52.93
2024,18-Mar 11am,213958.41,18-03-2024 11:00,29.23,52.69
2024,18-Mar 12pm,213380.8,18-03-2024 12:00,32.28,51.68
2024,18-Mar 1pm,207131.64,18-03-2024 13:00,32.16,53.55
2024,18-Mar 2pm,207632.05,18-03-2024 14:00,31.68,54.39
2024,18-Mar 3pm,207426.88,18-03-2024 15:00,33.05,50.8
2024,18-Mar 4pm,203665.1,18-03-2024 16:00,33.48,47.37
2024,18-Mar 5pm,195181.08,18-03-2024 17:00,33.44,48.99
2024,18-Mar 6pm,190823.01,18-03-2024 18:00,29.54,52.58
2024,18-Mar 7pm,194886.19,18-03-2024 19:00,29.66,51.51
2024,18-Mar 8pm,187447.45,18-03-2024 20:00,29.63,46.78
2024,18-Mar 9pm,183284.16,18-03-2024 21:00,27.23,55.51
2024,18-Mar 10pm,181377.44,18-03-2024 22:00,27.32,61.83
2024,18-Mar 11pm,179007.8,18-03-2024 23:00,26.71,57.51
2024,19-Mar 12am,176029.27,19-03-2024 00:00,24.01,60
2024,19-Mar 1am,172556.85,19-03-2024 01:00,24.34,62.47
2024,19-Mar 2am,169376.87,19-03-2024 02:00,24.23,60.63
2024,19-Mar 3am,167839.49,19-03-2024 03:00,24.04,55.83
2024,19-Mar 4am,169829.74,19-03-2024 04:00,24.09,56.86
2024,19-Mar 5am,175234.15,19-03-2024 05:00,24.01,57.19
2024,19-Mar 6am,185279,19-03-2024 06:00,25.8,57.58
2024,19-Mar 7am,194436.2,19-03-2024 07:00,26.07,60.65
2024,19-Mar 8am,199169.14,19-03-2024 08:00,26.19,60.04
2024,19-Mar 9am,207751.32,19-03-2024 09:00,29.37,47.03
2024,19-Mar 10am,213351.09,19-03-2024 10:00,29.14,45.68
2024,19-Mar 11am,213250.56,19-03-2024 11:00,29.26,46.71
2024,19-Mar 12pm,210009.41,19-03-2024 12:00,31.66,54.84
2024,19-Mar 1pm,202968.04,19-03-2024 13:00,31.96,49.69
2024,19-Mar 2pm,203458.53,19-03-2024 14:00,31.51,53.67
2024,19-Mar 3pm,204496.58,19-03-2024 15:00,32.75,53.49
2024,19-Mar 4pm,201690.86,19-03-2024 16:00,33.23,50.12
2024,19-Mar 5pm,194082.95,19-03-2024 17:00,33.49,52.07
2024,19-Mar 6pm,188718.18,19-03-2024 18:00,29.6,46.93
2024,19-Mar 7pm,192826.16,19-03-2024 19:00,29.9,51.88
2024,19-Mar 8pm,186264.07,19-03-2024 20:00,30.3,47.72
2024,19-Mar 9pm,182600.4,19-03-2024 21:00,26.7,63.32
2024,19-Mar 10pm,180115.42,19-03-2024 22:00,27.06,55.84
2024,19-Mar 11pm,177319.69,19-03-2024 23:00,27.23,62.73
2024,20-Mar 12am,173454.03,20-03-2024 00:00,24.12,56
2024,20-Mar 1am,169343.47,20-03-2024 01:00,23.69,63.81
2024,20-Mar 2am,166228.51,20-03-2024 02:00,23.86,58.04
2024,20-Mar 3am,164375.38,20-03-2024 03:00,24.28,61.54
2024,20-Mar 4am,166174.57,20-03-2024 04:00,24.05,59.88
2024,20-Mar 5am,171781.48,20-03-2024 05:00,23.51,58.66
2024,20-Mar 6am,182456.3,20-03-2024 06:00,26.26,61.45
2024,20-Mar 7am,192121.52,20-03-2024 07:00,25.54,64.48
2024,20-Mar 8am,195888.27,20-03-2024 08:00,26.25,55.41
2024,20-Mar 9am,205485.16,20-03-2024 09:00,28.7,44.19
2024,20-Mar 10am,209751.54,20-03-2024 10:00,29.46,51.09
2024,20-Mar 11am,208614.87,20-03-2024 11:00,28.87,43.07
2024,20-Mar 12pm,204579.27,20-03-2024 12:00,31.83,48.84
2024,20-Mar 1pm,196182.22,20-03-2024 13:00,31.65,49.72
2024,20-Mar 2pm,196065.22,20-03-2024 14:00,31.81,53.69
2024,20-Mar 3pm,196208.56,20-03-2024 15:00,33.38,49.15
2024,20-Mar 4pm,194091.39,20-03-2024 16:00,33.5,50.35
2024,20-Mar 5pm,188717.31,20-03-2024 17:00,32.87,45.2
2024,20-Mar 6pm,184551.63,20-03-2024 18:00,29.95,46.59
2024,20-Mar 7pm,188541.04,20-03-2024 19:00,30.22,51.42
2024,20-Mar 8pm,181474.61,20-03-2024 20:00,30.39,52.17
2024,20-Mar 9pm,177516.11,20-03-2024 21:00,27.09,60.83
2024,20-Mar 10pm,176287.19,20-03-2024 22:00,26.89,56.43
2024,20-Mar 11pm,174164.83,20-03-2024 23:00,26.91,59.45
2024,21-Mar 12am,170647.18,21-03-2024 00:00,24.2,58.55
2024,21-Mar 1am,166694.7,21-03-2024 01:00,23.5,59.96
2024,21-Mar 2am,163489.49,21-03-2024 02:00,24.12,63.7
2024,21-Mar 3am,162205.22,21-03-2024 03:00,23.86,62.76
2024,21-Mar 4am,163868.88,21-03-2024 04:00,24.29,55.84
2024,21-Mar 5am,169297.29,21-03-2024 05:00,23.59,63.9
2024,21-Mar 6am,180479.94,21-03-2024 06:00,26.09,59.72
2024,21-Mar 7am,190238.59,21-03-2024 07:00,25.98,62.44
2024,21-Mar 8am,194309.5,21-03-2024 08:00,26.14,56.4
2024,21-Mar 9am,201611.95,21-03-2024 09:00,28.56,41.71
2024,21-Mar 10am,205778.86,21-03-2024 10:00,29.08,47.36
2024,21-Mar 11am,204410.09,21-03-2024 11:00,29.06,49.38
2024,21-Mar 12pm,201388.01,21-03-2024 12:00,32.06,45.17
2024,21-Mar 1pm,195494.93,21-03-2024 13:00,32.1,46.52
2024,21-Mar 2pm,196815.33,21-03-2024 14:00,32.18,45.92
2024,21-Mar 3pm,198194.54,21-03-2024 15:00,33.3,47.4
2024,21-Mar 4pm,197901.37,21-03-2024 16:00,32.77,46
2024,21-Mar 5pm,191764.62,21-03-2024 17:00,33.33,51.92
2024,21-Mar 6pm,189130.08,21-03-2024 18:00,30,45.29
2024,21-Mar 7pm,193494.44,21-03-2024 19:00,29.58,51.18
2024,21-Mar 8pm,186272.42,21-03-2024 20:00,29.56,46.41
2024,21-Mar 9pm,181819.97,21-03-2024 21:00,26.83,64.45
2024,21-Mar 10pm,179417.9,21-03-2024 22:00,27.28,64.33
2024,21-Mar 11pm,176926.04,21-03-2024 23:00,27.21,57.26
2024,22-Mar 12am,173593.12,22-03-2024 00:00,24.29,61.14
2024,22-Mar 1am,169989.57,22-03-2024 01:00,24.02,55.28
2024,22-Mar 2am,167347.07,22-03-2024 02:00,23.94,64.32
2024,22-Mar 3am,166444.48,22-03-2024 03:00,23.65,60.23
2024,22-Mar 4am,168511.34,22-03-2024 04:00,23.83,55.43
2024,22-Mar 5am,174181.18,22-03-2024 05:00,23.93,58.42
2024,22-Mar 6am,185855.78,22-03-2024 06:00,25.59,55.77
2024,22-Mar 7am,195217.89,22-03-2024 07:00,25.72,58.93
2024,22-Mar 8am,199284.73,22-03-2024 08:00,26.1,61.7
2024,22-Mar 9am,207776.02,22-03-2024 09:00,29.24,49.7
2024,22-Mar 10am,211788.04,22-03-2024 10:00,29.5,48.84
2024,22-Mar 11am,212173.83,22-03-2024 11:00,29.43,46.19
2024,22-Mar 12pm,208749.57,22-03-2024 12:00,32.14,47.45
2024,22-Mar 1pm,200992.33,22-03-2024 13:00,31.92,46
2024,22-Mar 2pm,201097.36,22-03-2024 14:00,32.14,53.07
2024,22-Mar 3pm,201867.93,22-03-2024 15:00,33.29,46.35
2024,22-Mar 4pm,199915.53,22-03-2024 16:00,32.62,50.95
2024,22-Mar 5pm,193772.57,22-03-2024 17:00,32.91,48.43
2024,22-Mar 6pm,190660.78,22-03-2024 18:00,30.34,47.26
2024,22-Mar 7pm,195292.5,22-03-2024 19:00,29.88,51.39
2024,22-Mar 8pm,188529.51,22-03-2024 20:00,30.07,49.57
2024,22-Mar 9pm,184532.62,22-03-2024 21:00,27.09,59
2024,22-Mar 10pm,182570.61,22-03-2024 22:00,26.68,60.93
2024,22-Mar 11pm,181309.49,22-03-2024 23:00,26.86,59.91
2024,23-Mar 12am,178226.38,23-03-2024 00:00,23.83,58.03
2024,23-Mar 1am,174742.19,23-03-2024 01:00,23.53,60.59
2024,23-Mar 2am,171430.59,23-03-2024 02:00,23.52,61.69
2024,23-Mar 3am,170275.09,23-03-2024 03:00,24.33,55.27
2024,23-Mar 4am,172120.4,23-03-2024 04:00,23.77,59.66
2024,23-Mar 5am,176976.33,23-03-2024 05:00,24.02,55.58
2024,23-Mar 6am,185917.26,23-03-2024 06:00,25.8,56.86
2024,23-Mar 7am,193316.03,23-03-2024 07:00,26.44,60.61
2024,23-Mar 8am,196335.12,23-03-2024 08:00,25.76,63.66
2024,23-Mar 9am,204754.84,23-03-2024 09:00,28.93,43.83
2024,23-Mar 10am,208972.81,23-03-2024 10:00,29.37,45.7
2024,23-Mar 11am,210159.91,23-03-2024 11:00,29.34,49.19
2024,23-Mar 12pm,207249.86,23-03-2024 12:00,31.69,50.83
2024,23-Mar 1pm,200572.97,23-03-2024 13:00,32.3,46.47
2024,23-Mar 2pm,201628.16,23-03-2024 14:00,31.96,52.65
2024,23-Mar 3pm,201875.24,23-03-2024 15:00,32.98,52.44
2024,23-Mar 4pm,200773.07,23-03-2024 16:00,32.63,54.03
2024,23-Mar 5pm,193788.74,23-03-2024 17:00,32.58,45.08
2024,23-Mar 6pm,189629.11,23-03-2024 18:00,30.23,47.17
2024,23-Mar 7pm,194882.53,23-03-2024 19:00,30,53.27
2024,23-Mar 8pm,188616.56,23-03-2024 20:00,29.94,51.71
2024,23-Mar 9pm,185115.86,23-03-2024 21:00,27.23,63.94
2024,23-Mar 10pm,184078,23-03-2024 22:00,27.27,55.57
2024,23-Mar 11pm,183083.87,23-03-2024 23:00,26.66,60.97
2024,24-Mar 12am,179644.31,24-03-2024 00:00,24.11,60.69
2024,24-Mar 1am,175765.27,24-03-2024 01:00,23.64,55.36
2024,24-Mar 2am,172972.05,24-03-2024 02:00,24.25,60.14
2024,24-Mar 3am,171572.63,24-03-2024 03:00,24.16,61.1
2024,24-Mar 4am,172818.33,24-03-2024 04:00,24.46,56.91
2024,24-Mar 5am,176550.03,24-03-2024 05:00,23.57,57.73
2024,24-Mar 6am,182279.43,24-03-2024 06:00,25.56,61.4
2024,24-Mar 7am,187314.31,24-03-2024 07:00,25.78,59.68
2024,24-Mar 8am,189860.09,24-03-2024 08:00,25.76,63.58
2024,24-Mar 9am,195983.28,24-03-2024 09:00,28.75,38.42
2024,24-Mar 10am,197950.87,24-03-2024 10:00,29.41,47.67
2024,24-Mar 11am,196733.66,24-03-2024 11:00,28.75,44.85
2024,24-Mar 12pm,192917.34,24-03-2024 12:00,31.77,54.11
2024,24-Mar 1pm,187885.96,24-03-2024 13:00,32.26,45.29
2024,24-Mar 2pm,186431.58,24-03-2024 14:00,31.95,52.71
2024,24-Mar 3pm,186521.3,24-03-2024 15:00,33.28,46.1
2024,24-Mar 4pm,183609.52,24-03-2024 16:00,32.57,45.27
2024,24-Mar 5pm,175524.38,24-03-2024 17:00,32.99,47.74
2024,24-Mar 6pm,171020.29,24-03-2024 18:00,29.53,47.69
2024,24-Mar 7pm,175640.38,24-03-2024 19:00,29.56,53.19
2024,24-Mar 8pm,171944.09,24-03-2024 20:00,30.41,52.11
2024,24-Mar 9pm,171201.12,24-03-2024 21:00,26.64,64.82
2024,24-Mar 10pm,171461.27,24-03-2024 22:00,27.03,62.12
2024,24-Mar 11pm,170966.29,24-03-2024 23:00,26.91,59.18
2024,25-Mar 12am,168606.52,25-03-2024 00:00,23.85,61.99
2024,25-Mar 1am,165412.76,25-03-2024 01:00,24.4,64.99
2024,25-Mar 2am,163115.02,25-03-2024 02:00,23.52,62.1
2024,25-Mar 3am,161645.83,25-03-2024 03:00,24.16,62.62
2024,25-Mar 4am,162612.56,25-03-2024 04:00,24.46,64.38
2024,25-Mar 5am,165607.45,25-03-2024 05:00,24.06,56.14
2024,25-Mar 6am,170190.13,25-03-2024 06:00,26.44,62.05
2024,25-Mar 7am,173878.56,25-03-2024 07:00,25.55,63.51
2024,25-Mar 8am,174686.3,25-03-2024 08:00,25.92,64.54
2024,25-Mar 9am,178458.44,25-03-2024 09:00,28.76,37.11
2024,25-Mar 10am,180220.7,25-03-2024 10:00,29.23,50.04
2024,25-Mar 11am,180448.27,25-03-2024 11:00,29.48,51.81
2024,25-Mar 12pm,179359.25,25-03-2024 12:00,31.76,47.47
2024,25-Mar 1pm,177045.97,25-03-2024 13:00,32.15,51
2024,25-Mar 2pm,175115.69,25-03-2024 14:00,31.7,47.58
2024,25-Mar 3pm,175024.31,25-03-2024 15:00,33.07,48.33
2024,25-Mar 4pm,171443.27,25-03-2024 16:00,32.96,49.42
2024,25-Mar 5pm,162912.2,25-03-2024 17:00,33.47,50.29
2024,25-Mar 6pm,157650.96,25-03-2024 18:00,30.11,49.49
2024,25-Mar 7pm,163427.17,25-03-2024 19:00,29.85,49.93
2024,25-Mar 8pm,160599.29,25-03-2024 20:00,29.61,47.99
2024,25-Mar 9pm,159554.52,25-03-2024 21:00,26.65,56.59
2024,25-Mar 10pm,160154.82,25-03-2024 22:00,26.73,55.47
2024,25-Mar 11pm,159385.31,25-03-2024 23:00,26.75,56.96
2024,26-Mar 12am,155898.07,26-03-2024 00:00,24.35,60.82
2024,26-Mar 1am,152990.37,26-03-2024 01:00,24.06,62.86
2024,26-Mar 2am,150324.16,26-03-2024 02:00,24.02,56.69
2024,26-Mar 3am,149806.39,26-03-2024 03:00,23.61,56.09
2024,26-Mar 4am,151945.79,26-03-2024 04:00,24.36,62.49
2024,26-Mar 5am,156537.31,26-03-2024 05:00,24.22,58.05
2024,26-Mar 6am,165170.32,26-03-2024 06:00,25.57,64.51
2024,26-Mar 7am,174133.05,26-03-2024 07:00,26.21,62.14
2024,26-Mar 8am,180404.61,26-03-2024 08:00,26.04,58.27
2024,26-Mar 9am,191600.72,26-03-2024 09:00,28.58,37.9
2024,26-Mar 10am,197846.33,26-03-2024 10:00,28.96,40.24
2024,26-Mar 11am,200436.12,26-03-2024 11:00,28.98,35.79
2024,26-Mar 12pm,199332.74,26-03-2024 12:00,31.67,46.18
2024,26-Mar 1pm,194693.79,26-03-2024 13:00,32.45,46.76
2024,26-Mar 2pm,194976.26,26-03-2024 14:00,32.35,52.75
2024,26-Mar 3pm,196195.6,26-03-2024 15:00,33.17,50.14
2024,26-Mar 4pm,193957.91,26-03-2024 16:00,32.96,45.11
2024,26-Mar 5pm,186831.88,26-03-2024 17:00,32.91,51.74
2024,26-Mar 6pm,182706.54,26-03-2024 18:00,30.15,49.24
2024,26-Mar 7pm,188808.4,26-03-2024 19:00,30.05,50.11
2024,26-Mar 8pm,183730.1,26-03-2024 20:00,29.56,47.14
2024,26-Mar 9pm,181858.34,26-03-2024 21:00,27.01,60.52
2024,26-Mar 10pm,182119.04,26-03-2024 22:00,27.31,64.79
2024,26-Mar 11pm,181645.61,26-03-2024 23:00,26.96,55.73
2024,27-Mar 12am,178529.83,27-03-2024 00:00,23.55,57.84
2024,27-Mar 1am,174506.87,27-03-2024 01:00,24.29,57.43
2024,27-Mar 2am,170804.58,27-03-2024 02:00,23.7,57.49
2024,27-Mar 3am,169743.56,27-03-2024 03:00,23.76,58.79
2024,27-Mar 4am,171144.08,27-03-2024 04:00,23.66,63.18
2024,27-Mar 5am,174907.4,27-03-2024 05:00,23.83,64.13
2024,27-Mar 6am,181584.32,27-03-2024 06:00,26.26,57.02
2024,27-Mar 7am,187855.55,27-03-2024 07:00,26.02,60.43
2024,27-Mar 8am,192273.71,27-03-2024 08:00,25.7,61.37
2024,27-Mar 9am,202168.93,27-03-2024 09:00,29.38,50.22
2024,27-Mar 10am,208013.91,27-03-2024 10:00,29.38,49.34
2024,27-Mar 11am,208872.11,27-03-2024 11:00,29.37,46.92
2024,27-Mar 12pm,206940.2,27-03-2024 12:00,31.74,49.88
2024,27-Mar 1pm,203509.46,27-03-2024 13:00,31.95,49.01
2024,27-Mar 2pm,204983.8,27-03-2024 14:00,32.48,52.96
2024,27-Mar 3pm,205720.6,27-03-2024 15:00,33.27,52.64
2024,27-Mar 4pm,202669.96,27-03-2024 16:00,32.53,46.34
2024,27-Mar 5pm,195762.1,27-03-2024 17:00,32.57,45.89
2024,27-Mar 6pm,191634.37,27-03-2024 18:00,29.96,54.08
2024,27-Mar 7pm,197271.64,27-03-2024 19:00,30.41,50.36
2024,27-Mar 8pm,193097.08,27-03-2024 20:00,30.04,53.58
2024,27-Mar 9pm,191369.01,27-03-2024 21:00,27,55.58
2024,27-Mar 10pm,191430.77,27-03-2024 22:00,26.61,60.27
2024,27-Mar 11pm,191055.2,27-03-2024 23:00,27.16,60.39
2024,28-Mar 12am,187596.69,28-03-2024 00:00,24.32,63.61
2024,28-Mar 1am,183691.21,28-03-2024 01:00,23.88,55.98
2024,28-Mar 2am,180147.67,28-03-2024 02:00,24.28,57.4
2024,28-Mar 3am,178643.33,28-03-2024 03:00,24.46,59.07
2024,28-Mar 4am,179712.27,28-03-2024 04:00,23.7,63.66
2024,28-Mar 5am,183446.9,28-03-2024 05:00,24.02,64.39
2024,28-Mar 6am,188572.57,28-03-2024 06:00,25.79,64.93
2024,28-Mar 7am,193171.03,28-03-2024 07:00,26.29,64.59
2024,28-Mar 8am,196961.07,28-03-2024 08:00,26.08,55.06
2024,28-Mar 9am,206709.45,28-03-2024 09:00,29.13,45.48
2024,28-Mar 10am,212014.16,28-03-2024 10:00,29.3,46.48
2024,28-Mar 11am,213110.61,28-03-2024 11:00,28.9,38.49
2024,28-Mar 12pm,211676.04,28-03-2024 12:00,32.42,53.3
2024,28-Mar 1pm,207504.99,28-03-2024 13:00,32.03,53.93
2024,28-Mar 2pm,210110.47,28-03-2024 14:00,31.66,46.87
2024,28-Mar 3pm,212265.07,28-03-2024 15:00,33.2,51.2
2024,28-Mar 4pm,208793.82,28-03-2024 16:00,33.29,54.17
2024,28-Mar 5pm,200922.26,28-03-2024 17:00,32.82,49.64
2024,28-Mar 6pm,196532.32,28-03-2024 18:00,30.36,46.04
2024,28-Mar 7pm,202121.37,28-03-2024 19:00,30.41,49.58
2024,28-Mar 8pm,197290.49,28-03-2024 20:00,29.78,48.76
2024,28-Mar 9pm,196003.87,28-03-2024 21:00,27.48,60.78
2024,28-Mar 10pm,196196.81,28-03-2024 22:00,26.64,59.39
2024,28-Mar 11pm,195967.59,28-03-2024 23:00,26.7,55.17
2024,29-Mar 12am,192680.15,29-03-2024 00:00,23.68,64.94
2024,29-Mar 1am,188528.21,29-03-2024 01:00,24.39,60.44
2024,29-Mar 2am,184842.45,29-03-2024 02:00,24.15,59.74
2024,29-Mar 3am,183165.46,29-03-2024 03:00,23.65,64.55
2024,29-Mar 4am,184067.9,29-03-2024 04:00,23.94,56.56
2024,29-Mar 5am,186712.95,29-03-2024 05:00,24.12,56.89
2024,29-Mar 6am,190560.04,29-03-2024 06:00,25.58,63.08
2024,29-Mar 7am,194533.73,29-03-2024 07:00,26.38,57.61
2024,29-Mar 8am,198794.11,29-03-2024 08:00,26.3,62.99
2024,29-Mar 9am,208576.15,29-03-2024 09:00,29.01,47.72
2024,29-Mar 10am,215270.04,29-03-2024 10:00,29.47,45.33
2024,29-Mar 11am,217535.26,29-03-2024 11:00,28.92,40.17
2024,29-Mar 12pm,216463.73,29-03-2024 12:00,32.48,46.97
2024,29-Mar 1pm,211275.79,29-03-2024 13:00,32.17,52.58
2024,29-Mar 2pm,214141.66,29-03-2024 14:00,32.13,51.41
2024,29-Mar 3pm,214641.41,29-03-2024 15:00,32.67,54.24
2024,29-Mar 4pm,210665.83,29-03-2024 16:00,33.38,52.83
2024,29-Mar 5pm,199974.77,29-03-2024 17:00,32.93,46.81
2024,29-Mar 6pm,194779.62,29-03-2024 18:00,29.66,53
2024,29-Mar 7pm,200683.65,29-03-2024 19:00,29.51,51.42
2024,29-Mar 8pm,195203.29,29-03-2024 20:00,30.06,51.69
2024,29-Mar 9pm,194207.23,29-03-2024 21:00,27.03,63.32
2024,29-Mar 10pm,195938.29,29-03-2024 22:00,27.22,60.74
2024,29-Mar 11pm,196133.43,29-03-2024 23:00,27.39,59.66
2024,30-Mar 12am,193103.39,30-03-2024 00:00,23.58,61.37
2024,30-Mar 1am,188645.6,30-03-2024 01:00,24.23,57.98
2024,30-Mar 2am,184149.58,30-03-2024 02:00,23.69,56.83
2024,30-Mar 3am,181085.86,30-03-2024 03:00,24.36,61.17
2024,30-Mar 4am,180814.78,30-03-2024 04:00,24.32,57.34
2024,30-Mar 5am,183216.19,30-03-2024 05:00,24.04,55.8
2024,30-Mar 6am,185960.85,30-03-2024 06:00,26.21,55.01
2024,30-Mar 7am,189070.97,30-03-2024 07:00,25.81,61.08
2024,30-Mar 8am,193183.18,30-03-2024 08:00,25.97,58.62
2024,30-Mar 9am,203362.94,30-03-2024 09:00,29.32,52.52
2024,30-Mar 10am,209553.37,30-03-2024 10:00,28.96,38.75
2024,30-Mar 11am,211711.2,30-03-2024 11:00,28.86,39.86
2024,30-Mar 12pm,209691.09,30-03-2024 12:00,31.99,49.07
2024,30-Mar 1pm,205819.77,30-03-2024 13:00,32.33,51.51
2024,30-Mar 2pm,208353.25,30-03-2024 14:00,31.84,48.56
2024,30-Mar 3pm,210019.74,30-03-2024 15:00,32.67,54.64
2024,30-Mar 4pm,207276.2,30-03-2024 16:00,33.21,54.36
2024,30-Mar 5pm,198512.55,30-03-2024 17:00,33.33,53.48
2024,30-Mar 6pm,194410.38,30-03-2024 18:00,29.6,54.2
2024,30-Mar 7pm,201037.29,30-03-2024 19:00,29.74,49.49
2024,30-Mar 8pm,196523.69,30-03-2024 20:00,29.64,50.36
2024,30-Mar 9pm,194733.84,30-03-2024 21:00,26.85,62.42
2024,30-Mar 10pm,194931.4,30-03-2024 22:00,26.95,61.96
2024,30-Mar 11pm,194254.31,30-03-2024 23:00,27.25,63.91
2024,31-Mar 12am,189953.72,31-03-2024 00:00,24.15,62.16
2024,31-Mar 1am,184961.21,31-03-2024 01:00,24.12,64.98
2024,31-Mar 2am,180815.63,31-03-2024 02:00,23.85,58.49
2024,31-Mar 3am,178626.64,31-03-2024 03:00,24.34,63.33
2024,31-Mar 4am,178309.71,31-03-2024 04:00,23.97,61.98
2024,31-Mar 5am,179194.53,31-03-2024 05:00,24.48,61.91
2024,31-Mar 6am,180865.52,31-03-2024 06:00,26.13,58.26
2024,31-Mar 7am,182140.32,31-03-2024 07:00,25.63,62.86
2024,31-Mar 8am,184641.51,31-03-2024 08:00,26.18,64
2024,31-Mar 9am,192838.76,31-03-2024 09:00,28.83,37.19
2024,31-Mar 10am,198302.73,31-03-2024 10:00,29.19,51.25
2024,31-Mar 11am,199663.17,31-03-2024 11:00,28.57,38.92
2024,31-Mar 12pm,197905.16,31-03-2024 12:00,31.67,54.9
2024,31-Mar 1pm,194954.13,31-03-2024 13:00,32.36,49.79
2024,31-Mar 2pm,194899.36,31-03-2024 14:00,31.73,47.28
2024,31-Mar 3pm,195569.26,31-03-2024 15:00,33.34,48.82
2024,31-Mar 4pm,192628.32,31-03-2024 16:00,32.78,51.54
2024,31-Mar 5pm,183992.16,31-03-2024 17:00,33.14,45.76
2024,31-Mar 6pm,180959.68,31-03-2024 18:00,30.19,51.04
2024,31-Mar 7pm,189469.39,31-03-2024 19:00,30.01,54.31
2024,31-Mar 8pm,187759.98,31-03-2024 20:00,29.81,53.5
2024,31-Mar 9pm,188160.66,31-03-2024 21:00,26.71,55.68
2024,31-Mar 10pm,190569.89,31-03-2024 22:00,26.53,64.93
2024,31-Mar 11pm,190743.38,31-03-2024 23:00,26.8,61.99
2024,01-Apr 12am,167808.44,01-04-2024 00:00,28.15,36.62
2024,01-Apr 1am,164006.97,01-04-2024 01:00,28.44,35.12
2024,01-Apr 2am,161206.79,01-04-2024 02:00,28.37,36.71
2024,01-Apr 3am,159801.21,01-04-2024 03:00,28.27,43.38
2024,01-Apr 4am,161863.89,01-04-2024 04:00,28.29,35.22
2024,01-Apr 5am,169974.44,01-04-2024 05:00,28.16,37.33
2024,01-Apr 6am,183249.01,01-04-2024 06:00,29.76,52.57
2024,01-Apr 7am,198016.57,01-04-2024 07:00,30.41,50.86
2024,01-Apr 8am,205939.28,01-04-2024 08:00,30.17,52.83
2024,01-Apr 9am,212722.19,01-04-2024 09:00,33.06,52.46
2024,01-Apr 10am,216774.52,01-04-2024 10:00,32.61,45.51
2024,01-Apr 11am,215217.04,01-04-2024 11:00,32.95,53.93
2024,01-Apr 12pm,207979.92,01-04-2024 12:00,35.96,37.27
2024,01-Apr 1pm,200474.12,01-04-2024 13:00,36.36,40.53
2024,01-Apr 2pm,197491.11,01-04-2024 14:00,36.05,41.44
2024,01-Apr 3pm,197020.57,01-04-2024 15:00,36.88,36.69
2024,01-Apr 4pm,194042.14,01-04-2024 16:00,37.48,44.76
2024,01-Apr 5pm,188108.13,01-04-2024 17:00,36.61,39.88
2024,01-Apr 6pm,185414.67,01-04-2024 18:00,33.92,45.58
2024,01-Apr 7pm,186571.95,01-04-2024 19:00,33.54,54.37
2024,01-Apr 8pm,177254.3,01-04-2024 20:00,34.24,50.86
2024,01-Apr 9pm,170999.53,01-04-2024 21:00,31.42,51.99
2024,01-Apr 10pm,166572.79,01-04-2024 22:00,30.78,50.25
2024,01-Apr 11pm,164182.22,01-04-2024 23:00,31.36,53.35
2024,02-Apr 12am,160688.89,02-04-2024 00:00,27.79,55.33
2024,02-Apr 1am,156849.88,02-04-2024 01:00,28.41,37.68
2024,02-Apr 2am,153912.69,02-04-2024 02:00,28.25,39.7
2024,02-Apr 3am,152420.88,02-04-2024 03:00,28.3,35.77
2024,02-Apr 4am,153826.55,02-04-2024 04:00,27.52,62.06
2024,02-Apr 5am,160542.42,02-04-2024 05:00,28.46,38.94
2024,02-Apr 6am,170876.91,02-04-2024 06:00,30.23,47.73
2024,02-Apr 7am,185262.34,02-04-2024 07:00,29.8,45.03
2024,02-Apr 8am,193301.23,02-04-2024 08:00,30.33,52.2
2024,02-Apr 9am,199817.55,02-04-2024 09:00,32.78,53.34
2024,02-Apr 10am,200468.65,02-04-2024 10:00,33.37,48.95
2024,02-Apr 11am,199868.69,02-04-2024 11:00,32.61,50.64
2024,02-Apr 12pm,193517.15,02-04-2024 12:00,36.2,37.28
2024,02-Apr 1pm,186048.65,02-04-2024 13:00,36.04,41.22
2024,02-Apr 2pm,184825.03,02-04-2024 14:00,35.6,35.12
2024,02-Apr 3pm,185281.73,02-04-2024 15:00,36.74,39.89
2024,02-Apr 4pm,183259.81,02-04-2024 16:00,36.51,41.44
2024,02-Apr 5pm,178372.36,02-04-2024 17:00,36.97,44.18
2024,02-Apr 6pm,177397.18,02-04-2024 18:00,33.8,48.81
2024,02-Apr 7pm,181216.17,02-04-2024 19:00,34.1,52.65
2024,02-Apr 8pm,171675.8,02-04-2024 20:00,33.8,50.98
2024,02-Apr 9pm,165408.1,02-04-2024 21:00,30.8,54.27
2024,02-Apr 10pm,161367.68,02-04-2024 22:00,31.24,48.98
2024,02-Apr 11pm,159355.99,02-04-2024 23:00,30.55,48.19
2024,03-Apr 12am,156291.89,03-04-2024 00:00,28.4,43.87
2024,03-Apr 1am,151862.33,03-04-2024 01:00,28.35,35.49
2024,03-Apr 2am,148695.71,03-04-2024 02:00,28.17,36.36
2024,03-Apr 3am,146797.84,03-04-2024 03:00,28.09,35.82
2024,03-Apr 4am,147869.07,03-04-2024 04:00,28.39,43.43
2024,03-Apr 5am,153042.99,03-04-2024 05:00,27.69,55.11
2024,03-Apr 6am,160825.78,03-04-2024 06:00,29.58,53.62
2024,03-Apr 7am,172537.09,03-04-2024 07:00,29.74,49.51
2024,03-Apr 8am,181001.03,03-04-2024 08:00,30.29,45.04
2024,03-Apr 9am,189095.83,03-04-2024 09:00,32.53,49.02
2024,03-Apr 10am,191667.57,03-04-2024 10:00,33.08,46.87
2024,03-Apr 11am,189411.12,03-04-2024 11:00,33.5,51.24
2024,03-Apr 12pm,185726.91,03-04-2024 12:00,36.36,41.79
2024,03-Apr 1pm,179950.11,03-04-2024 13:00,36.02,39.88
2024,03-Apr 2pm,175891.49,03-04-2024 14:00,35.56,35.41
2024,03-Apr 3pm,173680.26,03-04-2024 15:00,37.33,41.56
2024,03-Apr 4pm,171375.56,03-04-2024 16:00,37.1,43.42
2024,03-Apr 5pm,166606.09,03-04-2024 17:00,36.61,42.2
2024,03-Apr 6pm,168458.22,03-04-2024 18:00,33.59,53.3
2024,03-Apr 7pm,173715.57,03-04-2024 19:00,34.41,47.01
2024,03-Apr 8pm,166785.97,03-04-2024 20:00,34.17,53.89
2024,03-Apr 9pm,162320.36,03-04-2024 21:00,31.33,48.22
2024,03-Apr 10pm,158286.93,03-04-2024 22:00,31.38,45.13
2024,03-Apr 11pm,156254.84,03-04-2024 23:00,31.07,53.43
2024,04-Apr 12am,152116.83,04-04-2024 00:00,28.02,44.42
2024,04-Apr 1am,148358.89,04-04-2024 01:00,27.93,61.56
2024,04-Apr 2am,146061.51,04-04-2024 02:00,27.82,57.31
2024,04-Apr 3am,145020.07,04-04-2024 03:00,27.93,57.52
2024,04-Apr 4am,147191.64,04-04-2024 04:00,28.27,39.67
2024,04-Apr 5am,155317.25,04-04-2024 05:00,28.1,43.98
2024,04-Apr 6am,170094.76,04-04-2024 06:00,30.39,46.5
2024,04-Apr 7am,186786.02,04-04-2024 07:00,29.94,53.26
2024,04-Apr 8am,195262.49,04-04-2024 08:00,30.11,47.91
2024,04-Apr 9am,202378.08,04-04-2024 09:00,33.13,53.09
2024,04-Apr 10am,204727.5,04-04-2024 10:00,33.09,54.2
2024,04-Apr 11am,203355.55,04-04-2024 11:00,33.2,49.27
2024,04-Apr 12pm,197873.56,04-04-2024 12:00,35.74,38.65
2024,04-Apr 1pm,191643.23,04-04-2024 13:00,36.01,43.02
2024,04-Apr 2pm,190906.77,04-04-2024 14:00,35.6,40.29
2024,04-Apr 3pm,190780.13,04-04-2024 15:00,36.88,41.84
2024,04-Apr 4pm,189272.97,04-04-2024 16:00,36.99,41.23
2024,04-Apr 5pm,183675.16,04-04-2024 17:00,37.15,36.53
2024,04-Apr 6pm,182126.86,04-04-2024 18:00,34.45,53.45
2024,04-Apr 7pm,187534.24,04-04-2024 19:00,34.1,46.96
2024,04-Apr 8pm,178917.01,04-04-2024 20:00,34.24,54.32
2024,04-Apr 9pm,172883.19,04-04-2024 21:00,31.01,47.51
2024,04-Apr 10pm,168747.56,04-04-2024 22:00,31.13,52.34
2024,04-Apr 11pm,166062.08,04-04-2024 23:00,30.57,47.85
2024,05-Apr 12am,161430.36,05-04-2024 00:00,27.75,58.18
2024,05-Apr 1am,157651.12,05-04-2024 01:00,27.86,58.1
2024,05-Apr 2am,155347.87,05-04-2024 02:00,27.97,62.48
2024,05-Apr 3am,154539.06,05-04-2024 03:00,27.55,60.57
2024,05-Apr 4am,156041.02,05-04-2024 04:00,27.64,63.83
2024,05-Apr 5am,163497.33,05-04-2024 05:00,27.78,58.07
2024,05-Apr 6am,178008.86,05-04-2024 06:00,30.47,51.92
2024,05-Apr 7am,192980.02,05-04-2024 07:00,29.83,52.53
2024,05-Apr 8am,200774.69,05-04-2024 08:00,29.98,46.51
2024,05-Apr 9am,207594.18,05-04-2024 09:00,32.7,49.01
2024,05-Apr 10am,208639.5,05-04-2024 10:00,33.11,49.83
2024,05-Apr 11am,205394.04,05-04-2024 11:00,32.78,48.56
2024,05-Apr 12pm,199221.96,05-04-2024 12:00,35.71,38.22
2024,05-Apr 1pm,192106.72,05-04-2024 13:00,36.02,41.86
2024,05-Apr 2pm,192246.94,05-04-2024 14:00,35.51,37.16
2024,05-Apr 3pm,191859.16,05-04-2024 15:00,36.51,42.09
2024,05-Apr 4pm,190285.72,05-04-2024 16:00,36.72,44.35
2024,05-Apr 5pm,184881.52,05-04-2024 17:00,36.54,40.65
2024,05-Apr 6pm,184376.13,05-04-2024 18:00,33.61,51.11
2024,05-Apr 7pm,189147.46,05-04-2024 19:00,33.84,45.69
2024,05-Apr 8pm,180436.4,05-04-2024 20:00,34.3,53.64
2024,05-Apr 9pm,174490.98,05-04-2024 21:00,31.07,47.85
2024,05-Apr 10pm,169572.2,05-04-2024 22:00,31.01,51.15
2024,05-Apr 11pm,166597.53,05-04-2024 23:00,30.79,54.79
2024,06-Apr 12am,162993.66,06-04-2024 00:00,28.43,40.96
2024,06-Apr 1am,159820.62,06-04-2024 01:00,27.9,62.25
2024,06-Apr 2am,157215.91,06-04-2024 02:00,27.59,59.45
2024,06-Apr 3am,155495.93,06-04-2024 03:00,28.12,35.6
2024,06-Apr 4am,157062.65,06-04-2024 04:00,27.61,62.98
2024,06-Apr 5am,164093.46,06-04-2024 05:00,27.85,55.35
2024,06-Apr 6am,178950.92,06-04-2024 06:00,30.01,52.01
2024,06-Apr 7am,193564.81,06-04-2024 07:00,30.37,45.23
2024,06-Apr 8am,200787.99,06-04-2024 08:00,29.99,53.62
2024,06-Apr 9am,207196.46,06-04-2024 09:00,33.2,46.58
2024,06-Apr 10am,210456.37,06-04-2024 10:00,33.49,50.14
2024,06-Apr 11am,208149.26,06-04-2024 11:00,32.63,50.97
2024,06-Apr 12pm,202243.62,06-04-2024 12:00,35.77,39.58
2024,06-Apr 1pm,195128.59,06-04-2024 13:00,35.89,38.41
2024,06-Apr 2pm,195265.29,06-04-2024 14:00,35.92,39.68
2024,06-Apr 3pm,195377.91,06-04-2024 15:00,36.91,38.11
2024,06-Apr 4pm,193338.08,06-04-2024 16:00,37.41,39.38
2024,06-Apr 5pm,186696.19,06-04-2024 17:00,37.21,38.59
2024,06-Apr 6pm,185907.73,06-04-2024 18:00,34.11,50.66
2024,06-Apr 7pm,190207.85,06-04-2024 19:00,33.81,47.38
2024,06-Apr 8pm,181177.03,06-04-2024 20:00,34.32,54.89
2024,06-Apr 9pm,175079.69,06-04-2024 21:00,31.46,50.01
2024,06-Apr 10pm,171104.83,06-04-2024 22:00,31.32,46.94
2024,06-Apr 11pm,168806.43,06-04-2024 23:00,30.5,49.77
2024,07-Apr 12am,164755.36,07-04-2024 00:00,28.14,43.66
2024,07-Apr 1am,161199.75,07-04-2024 01:00,27.55,55.22
2024,07-Apr 2am,158747.69,07-04-2024 02:00,27.76,61.8
2024,07-Apr 3am,157803.93,07-04-2024 03:00,27.56,60.48
2024,07-Apr 4am,159578.38,07-04-2024 04:00,28.1,36.7
2024,07-Apr 5am,166937.21,07-04-2024 05:00,28.19,43.17
2024,07-Apr 6am,181027.16,07-04-2024 06:00,29.61,48.69
2024,07-Apr 7am,196251.52,07-04-2024 07:00,29.88,47.94
2024,07-Apr 8am,203303.81,07-04-2024 08:00,29.96,53.28
2024,07-Apr 9am,210109,07-04-2024 09:00,32.87,51.39
2024,07-Apr 10am,213142.66,07-04-2024 10:00,32.62,53.98
2024,07-Apr 11am,210662.55,07-04-2024 11:00,32.92,51.3
2024,07-Apr 12pm,204962.51,07-04-2024 12:00,36.25,42.41
2024,07-Apr 1pm,197438.65,07-04-2024 13:00,35.57,43.36
2024,07-Apr 2pm,197498.77,07-04-2024 14:00,35.58,35.55
2024,07-Apr 3pm,197561.89,07-04-2024 15:00,36.85,42.76
2024,07-Apr 4pm,196155.16,07-04-2024 16:00,37.44,41.14
2024,07-Apr 5pm,189699.06,07-04-2024 17:00,37.17,35.7
2024,07-Apr 6pm,187341.91,07-04-2024 18:00,34.18,50.09
2024,07-Apr 7pm,192064.82,07-04-2024 19:00,33.86,45.82
2024,07-Apr 8pm,183481.42,07-04-2024 20:00,34.09,52.36
2024,07-Apr 9pm,177928.31,07-04-2024 21:00,30.51,50.47
2024,07-Apr 10pm,174184.92,07-04-2024 22:00,31.14,54.54
2024,07-Apr 11pm,171871.43,07-04-2024 23:00,31.41,46.83
2024,08-Apr 12am,167869.3,08-04-2024 00:00,28.11,41.06
2024,08-Apr 1am,164054.69,08-04-2024 01:00,28.37,37.12
2024,08-Apr 2am,161522.6,08-04-2024 02:00,28.22,41.14
2024,08-Apr 3am,160558.82,08-04-2024 03:00,27.62,62.23
2024,08-Apr 4am,163017.41,08-04-2024 04:00,28.4,42.22
2024,08-Apr 5am,170897.8,08-04-2024 05:00,27.57,63.15
2024,08-Apr 6am,182793.71,08-04-2024 06:00,30.03,53.54
2024,08-Apr 7am,195206.5,08-04-2024 07:00,29.64,45.77
2024,08-Apr 8am,203017.44,08-04-2024 08:00,29.51,48.43
2024,08-Apr 9am,211840.54,08-04-2024 09:00,32.92,51.87
2024,08-Apr 10am,216468.46,08-04-2024 10:00,32.8,49.99
2024,08-Apr 11am,214963.7,08-04-2024 11:00,32.99,46.91
2024,08-Apr 12pm,208447.66,08-04-2024 12:00,36.08,40.53
2024,08-Apr 1pm,198910.34,08-04-2024 13:00,35.54,39.07
2024,08-Apr 2pm,196206.34,08-04-2024 14:00,35.62,38.9
2024,08-Apr 3pm,195819.33,08-04-2024 15:00,37.06,43.1
2024,08-Apr 4pm,192610.37,08-04-2024 16:00,36.84,39.08
2024,08-Apr 5pm,185424.43,08-04-2024 17:00,37.23,35.26
2024,08-Apr 6pm,183699.25,08-04-2024 18:00,34.15,45.58
2024,08-Apr 7pm,187122.61,08-04-2024 19:00,34.35,53.56
2024,08-Apr 8pm,178230.51,08-04-2024 20:00,34.19,54.61
2024,08-Apr 9pm,173261.65,08-04-2024 21:00,30.93,51.88
2024,08-Apr 10pm,170374.7,08-04-2024 22:00,31.17,48.64
2024,08-Apr 11pm,169119.9,08-04-2024 23:00,30.78,54.39
2024,09-Apr 12am,166006.45,09-04-2024 00:00,27.81,61.63
2024,09-Apr 1am,162581.76,09-04-2024 01:00,28.29,43.44
2024,09-Apr 2am,159497,09-04-2024 02:00,27.95,62.66
2024,09-Apr 3am,158455.48,09-04-2024 03:00,28.3,38.79
2024,09-Apr 4am,160371.35,09-04-2024 04:00,28.32,39.79
2024,09-Apr 5am,167820.36,09-04-2024 05:00,28.36,36.86
2024,09-Apr 6am,179754.05,09-04-2024 06:00,30.42,47.92
2024,09-Apr 7am,192421.54,09-04-2024 07:00,29.93,52.78
2024,09-Apr 8am,200615.46,09-04-2024 08:00,29.82,53.94
2024,09-Apr 9am,208204.12,09-04-2024 09:00,33.08,52.24
2024,09-Apr 10am,210165.65,09-04-2024 10:00,32.87,49.65
2024,09-Apr 11am,208322.72,09-04-2024 11:00,33.1,45.87
2024,09-Apr 12pm,202764.86,09-04-2024 12:00,36.21,35.57
2024,09-Apr 1pm,196025.59,09-04-2024 13:00,36.19,38.74
2024,09-Apr 2pm,195916.47,09-04-2024 14:00,35.87,39.64
2024,09-Apr 3pm,196923.7,09-04-2024 15:00,36.67,41.09
2024,09-Apr 4pm,194525.69,09-04-2024 16:00,36.93,35.06
2024,09-Apr 5pm,187761.39,09-04-2024 17:00,36.64,44.9
2024,09-Apr 6pm,185564.03,09-04-2024 18:00,34.39,48.64
2024,09-Apr 7pm,189980.77,09-04-2024 19:00,33.85,53.48
2024,09-Apr 8pm,182857.74,09-04-2024 20:00,33.65,50.35
2024,09-Apr 9pm,177479.26,09-04-2024 21:00,30.53,46.3
2024,09-Apr 10pm,174398.08,09-04-2024 22:00,31.15,52.98
2024,09-Apr 11pm,172803.98,09-04-2024 23:00,31.14,52.1
2024,10-Apr 12am,168645.92,10-04-2024 00:00,27.84,60.27
2024,10-Apr 1am,164572.01,10-04-2024 01:00,27.57,60.15
2024,10-Apr 2am,161701.58,10-04-2024 02:00,27.91,55.87
2024,10-Apr 3am,160308.34,10-04-2024 03:00,27.81,61.56
2024,10-Apr 4am,161570.65,10-04-2024 04:00,28.18,44.11
2024,10-Apr 5am,167694.07,10-04-2024 05:00,28.11,35.93
2024,10-Apr 6am,176903.49,10-04-2024 06:00,29.86,47.64
2024,10-Apr 7am,186700.75,10-04-2024 07:00,29.72,54.02
2024,10-Apr 8am,193954.59,10-04-2024 08:00,30.49,47.84
2024,10-Apr 9am,201139.49,10-04-2024 09:00,32.95,51.54
2024,10-Apr 10am,203692.21,10-04-2024 10:00,33.19,50.35
2024,10-Apr 11am,201690.49,10-04-2024 11:00,32.64,50.96
2024,10-Apr 12pm,197089.72,10-04-2024 12:00,35.99,39.16
2024,10-Apr 1pm,191541.96,10-04-2024 13:00,35.53,38
2024,10-Apr 2pm,189067.55,10-04-2024 14:00,36.01,35.49
2024,10-Apr 3pm,186629.93,10-04-2024 15:00,37.46,42.44
2024,10-Apr 4pm,183914.13,10-04-2024 16:00,36.88,42.46
2024,10-Apr 5pm,177235.07,10-04-2024 17:00,36.54,41.71
2024,10-Apr 6pm,176772.08,10-04-2024 18:00,33.53,51.44
2024,10-Apr 7pm,181596.59,10-04-2024 19:00,33.89,47.44
2024,10-Apr 8pm,174806.5,10-04-2024 20:00,33.66,45.22
2024,10-Apr 9pm,170959.92,10-04-2024 21:00,30.52,53.09
2024,10-Apr 10pm,168230.09,10-04-2024 22:00,31.26,49.91
2024,10-Apr 11pm,166830.25,10-04-2024 23:00,30.96,48.07
2024,11-Apr 12am,162952.35,11-04-2024 00:00,27.79,56.02
2024,11-Apr 1am,159599.14,11-04-2024 01:00,28.4,35.63
2024,11-Apr 2am,157429.48,11-04-2024 02:00,27.62,58.49
2024,11-Apr 3am,156500.04,11-04-2024 03:00,28.46,43.05
2024,11-Apr 4am,158359.07,11-04-2024 04:00,27.81,64.19
2024,11-Apr 5am,165705.15,11-04-2024 05:00,28.39,43.97
2024,11-Apr 6am,179361.57,11-04-2024 06:00,30.1,54.2
2024,11-Apr 7am,193906.6,11-04-2024 07:00,30.33,54.08
2024,11-Apr 8am,201665.22,11-04-2024 08:00,30.48,50.27
2024,11-Apr 9am,211110.51,11-04-2024 09:00,32.79,47.19
2024,11-Apr 10am,215542.93,11-04-2024 10:00,33.46,52.98
2024,11-Apr 11am,214470.2,11-04-2024 11:00,32.89,47.14
2024,11-Apr 12pm,210333.42,11-04-2024 12:00,35.89,37.67
2024,11-Apr 1pm,203550.69,11-04-2024 13:00,35.84,37.33
2024,11-Apr 2pm,202421.99,11-04-2024 14:00,36.04,40.15
2024,11-Apr 3pm,202455.36,11-04-2024 15:00,36.65,38.22
2024,11-Apr 4pm,201258.3,11-04-2024 16:00,37.05,36.54
2024,11-Apr 5pm,193850.63,11-04-2024 17:00,37.04,39.53
2024,11-Apr 6pm,192039.01,11-04-2024 18:00,34.26,53.74
2024,11-Apr 7pm,195048.87,11-04-2024 19:00,34.33,50.71
2024,11-Apr 8pm,186574.05,11-04-2024 20:00,33.94,53.78
2024,11-Apr 9pm,181934.88,11-04-2024 21:00,30.8,46.96
2024,11-Apr 10pm,179102.66,11-04-2024 22:00,30.76,46.67
2024,11-Apr 11pm,177882.37,11-04-2024 23:00,30.69,50.76
2024,12-Apr 12am,174000.32,12-04-2024 00:00,27.56,59.63
2024,12-Apr 1am,170004.95,12-04-2024 01:00,27.84,61.6
2024,12-Apr 2am,166984.61,12-04-2024 02:00,27.77,62.95
2024,12-Apr 3am,166920.17,12-04-2024 03:00,28.47,42.51
2024,12-Apr 4am,169729.01,12-04-2024 04:00,28.06,44.42
2024,12-Apr 5am,174774.43,12-04-2024 05:00,27.85,58.98
2024,12-Apr 6am,184961.08,12-04-2024 06:00,30.08,47.06
2024,12-Apr 7am,195984.26,12-04-2024 07:00,29.64,50.51
2024,12-Apr 8am,201958.93,12-04-2024 08:00,29.94,46.11
2024,12-Apr 9am,211306.78,12-04-2024 09:00,33.13,47.89
2024,12-Apr 10am,216500.7,12-04-2024 10:00,32.99,47.08
2024,12-Apr 11am,216015.75,12-04-2024 11:00,32.9,48.97
2024,12-Apr 12pm,211378.96,12-04-2024 12:00,36.49,36.11
2024,12-Apr 1pm,205034.07,12-04-2024 13:00,36.38,35.32
2024,12-Apr 2pm,204497.82,12-04-2024 14:00,36.12,41.57
2024,12-Apr 3pm,205096.78,12-04-2024 15:00,37.07,41.1
2024,12-Apr 4pm,203945.4,12-04-2024 16:00,37.12,42.08
2024,12-Apr 5pm,197279.16,12-04-2024 17:00,36.7,41.6
2024,12-Apr 6pm,194976.18,12-04-2024 18:00,33.9,46.14
2024,12-Apr 7pm,198130.36,12-04-2024 19:00,33.54,47.91
2024,12-Apr 8pm,190293.65,12-04-2024 20:00,33.98,46.3
2024,12-Apr 9pm,185308.06,12-04-2024 21:00,31.04,53.43
2024,12-Apr 10pm,182718.22,12-04-2024 22:00,30.73,52.47
2024,12-Apr 11pm,181929.1,12-04-2024 23:00,31.46,47.02
2024,13-Apr 12am,178142.77,13-04-2024 00:00,28.41,38.41
2024,13-Apr 1am,174244.46,13-04-2024 01:00,28.22,44.67
2024,13-Apr 2am,171137.2,13-04-2024 02:00,28.03,40.94
2024,13-Apr 3am,170540.21,13-04-2024 03:00,28.37,43.01
2024,13-Apr 4am,173233.04,13-04-2024 04:00,27.63,57.65
2024,13-Apr 5am,178068.46,13-04-2024 05:00,28.29,37.1
2024,13-Apr 6am,186880.86,13-04-2024 06:00,29.62,52.84
2024,13-Apr 7am,196404.25,13-04-2024 07:00,30.29,51.86
2024,13-Apr 8am,202598.14,13-04-2024 08:00,29.78,51.81
2024,13-Apr 9am,211978.55,13-04-2024 09:00,33.38,50.53
2024,13-Apr 10am,217909.04,13-04-2024 10:00,33.44,50.64
2024,13-Apr 11am,217385.09,13-04-2024 11:00,32.65,52.36
2024,13-Apr 12pm,213518.65,13-04-2024 12:00,35.96,37.7
2024,13-Apr 1pm,204835.8,13-04-2024 13:00,36.48,38.53
2024,13-Apr 2pm,204396.53,13-04-2024 14:00,35.98,43.72
2024,13-Apr 3pm,204902.94,13-04-2024 15:00,37.36,38.09
2024,13-Apr 4pm,202144.06,13-04-2024 16:00,37.09,40.46
2024,13-Apr 5pm,195384.54,13-04-2024 17:00,36.88,42.03
2024,13-Apr 6pm,192491.78,13-04-2024 18:00,33.79,55
2024,13-Apr 7pm,195823.58,13-04-2024 19:00,33.7,49.35
2024,13-Apr 8pm,188172.84,13-04-2024 20:00,34.26,49.28
2024,13-Apr 9pm,184181.66,13-04-2024 21:00,30.89,53.43
2024,13-Apr 10pm,182373.94,13-04-2024 22:00,31.01,53.06
2024,13-Apr 11pm,180612.66,13-04-2024 23:00,30.99,52.31
2024,14-Apr 12am,177096.22,14-04-2024 00:00,28.08,39.63
2024,14-Apr 1am,173284.43,14-04-2024 01:00,28.37,38.24
2024,14-Apr 2am,170210.23,14-04-2024 02:00,28.48,41.09
2024,14-Apr 3am,169756.46,14-04-2024 03:00,27.91,63.76
2024,14-Apr 4am,172376.6,14-04-2024 04:00,28.33,43.84
2024,14-Apr 5am,178117.95,14-04-2024 05:00,28.26,36.08
2024,14-Apr 6am,187492.01,14-04-2024 06:00,30.07,49.28
2024,14-Apr 7am,196583.41,14-04-2024 07:00,30.46,49.65
2024,14-Apr 8am,202490.69,14-04-2024 08:00,29.7,54.78
2024,14-Apr 9am,211684.26,14-04-2024 09:00,32.61,51.78
2024,14-Apr 10am,215844.1,14-04-2024 10:00,33.35,49.07
2024,14-Apr 11am,215159.91,14-04-2024 11:00,32.94,45.26
2024,14-Apr 12pm,211703.99,14-04-2024 12:00,36.35,40.65
2024,14-Apr 1pm,205595.98,14-04-2024 13:00,36.39,35.96
2024,14-Apr 2pm,206274.52,14-04-2024 14:00,35.56,43.34
2024,14-Apr 3pm,207161,14-04-2024 15:00,37.38,42.53
2024,14-Apr 4pm,204087.69,14-04-2024 16:00,36.95,39.61
2024,14-Apr 5pm,197188.98,14-04-2024 17:00,37.01,39.29
2024,14-Apr 6pm,194222.85,14-04-2024 18:00,34.13,53.97
2024,14-Apr 7pm,198659.35,14-04-2024 19:00,34.43,47.88
2024,14-Apr 8pm,192471.89,14-04-2024 20:00,33.52,47.49
2024,14-Apr 9pm,188719.1,14-04-2024 21:00,30.98,54.39
2024,14-Apr 10pm,186377.27,14-04-2024 22:00,31.19,53.09
2024,14-Apr 11pm,184458.79,14-04-2024 23:00,31.22,53.21
2024,15-Apr 12am,181423.4,15-04-2024 00:00,28.19,36.95
2024,15-Apr 1am,177328.18,15-04-2024 01:00,27.63,56.43
2024,15-Apr 2am,174038.83,15-04-2024 02:00,27.8,55.26
2024,15-Apr 3am,173080.53,15-04-2024 03:00,27.86,57.37
2024,15-Apr 4am,175209.67,15-04-2024 04:00,28.3,42.74
2024,15-Apr 5am,179879.11,15-04-2024 05:00,27.78,57.4
2024,15-Apr 6am,189670.07,15-04-2024 06:00,29.71,52.29
2024,15-Apr 7am,198854.43,15-04-2024 07:00,30.46,47.52
2024,15-Apr 8am,204131.07,15-04-2024 08:00,29.51,48.95
2024,15-Apr 9am,215850.91,15-04-2024 09:00,33.5,54.83
2024,15-Apr 10am,219432.24,15-04-2024 10:00,33.18,47.45
2024,15-Apr 11am,219268.1,15-04-2024 11:00,33.33,48.76
2024,15-Apr 12pm,214420.23,15-04-2024 12:00,35.79,38.01
2024,15-Apr 1pm,208088.07,15-04-2024 13:00,35.51,36.1
2024,15-Apr 2pm,207166.11,15-04-2024 14:00,36.24,39.9
2024,15-Apr 3pm,207555.71,15-04-2024 15:00,37.33,38.79
2024,15-Apr 4pm,202866.97,15-04-2024 16:00,37.24,41.95
2024,15-Apr 5pm,196726.57,15-04-2024 17:00,36.64,43.18
2024,15-Apr 6pm,194345.37,15-04-2024 18:00,34.25,50.44
2024,15-Apr 7pm,197580.33,15-04-2024 19:00,34.27,45.32
2024,15-Apr 8pm,191347.4,15-04-2024 20:00,34.16,51.19
2024,15-Apr 9pm,187126.1,15-04-2024 21:00,31.27,45.55
2024,15-Apr 10pm,185584.8,15-04-2024 22:00,31.35,51.16
2024,15-Apr 11pm,184486.53,15-04-2024 23:00,31.11,51.85
2024,16-Apr 12am,180618.56,16-04-2024 00:00,27.59,56.98
2024,16-Apr 1am,177308.97,16-04-2024 01:00,27.99,63.19
2024,16-Apr 2am,174613.64,16-04-2024 02:00,27.58,64.11
2024,16-Apr 3am,173511.45,16-04-2024 03:00,27.91,63.13
2024,16-Apr 4am,175643.54,16-04-2024 04:00,27.91,58.05
2024,16-Apr 5am,179506.37,16-04-2024 05:00,27.57,60.87
2024,16-Apr 6am,187506.97,16-04-2024 06:00,29.85,54.15
2024,16-Apr 7am,196204.79,16-04-2024 07:00,29.61,48.21
2024,16-Apr 8am,201380.07,16-04-2024 08:00,30.31,53.2
2024,16-Apr 9am,210157.22,16-04-2024 09:00,33.45,45.09
2024,16-Apr 10am,214904.96,16-04-2024 10:00,32.57,45.04
2024,16-Apr 11am,215067.19,16-04-2024 11:00,33.46,52.6
2024,16-Apr 12pm,212506.56,16-04-2024 12:00,36.02,42.61
2024,16-Apr 1pm,206973.33,16-04-2024 13:00,35.8,42.89
2024,16-Apr 2pm,207890.1,16-04-2024 14:00,35.58,44.3
2024,16-Apr 3pm,209357.38,16-04-2024 15:00,37,36.18
2024,16-Apr 4pm,203869.38,16-04-2024 16:00,37.29,37.32
2024,16-Apr 5pm,195384.38,16-04-2024 17:00,37.21,44.04
2024,16-Apr 6pm,191880.79,16-04-2024 18:00,33.55,46.77
2024,16-Apr 7pm,195127.92,16-04-2024 19:00,33.57,51.82
2024,16-Apr 8pm,187005.62,16-04-2024 20:00,33.9,50.3
2024,16-Apr 9pm,182751.45,16-04-2024 21:00,30.8,45.83
2024,16-Apr 10pm,180993.42,16-04-2024 22:00,30.73,47.85
2024,16-Apr 11pm,179054.26,16-04-2024 23:00,30.78,50.2
2024,17-Apr 12am,176201.71,17-04-2024 00:00,28.3,43.52
2024,17-Apr 1am,172377.37,17-04-2024 01:00,28.43,42.08
2024,17-Apr 2am,169162.81,17-04-2024 02:00,27.91,61.22
2024,17-Apr 3am,168260.57,17-04-2024 03:00,28.41,39.96
2024,17-Apr 4am,170341.66,17-04-2024 04:00,27.82,57.99
2024,17-Apr 5am,174385.44,17-04-2024 05:00,27.98,56.19
2024,17-Apr 6am,181267.26,17-04-2024 06:00,29.73,49.09
2024,17-Apr 7am,189166.09,17-04-2024 07:00,30.14,45.29
2024,17-Apr 8am,193669,17-04-2024 08:00,30.48,47.11
2024,17-Apr 9am,200743.01,17-04-2024 09:00,33.1,49.32
2024,17-Apr 10am,202846.06,17-04-2024 10:00,32.86,49.19
2024,17-Apr 11am,202130.01,17-04-2024 11:00,33.15,45.44
2024,17-Apr 12pm,199736.12,17-04-2024 12:00,35.62,40.89
2024,17-Apr 1pm,194843.45,17-04-2024 13:00,36.39,40.5
2024,17-Apr 2pm,193833.89,17-04-2024 14:00,36,35.78
2024,17-Apr 3pm,193083.28,17-04-2024 15:00,36.95,44.43
2024,17-Apr 4pm,190211.56,17-04-2024 16:00,37.09,35.99
2024,17-Apr 5pm,182788.36,17-04-2024 17:00,37.12,43.55
2024,17-Apr 6pm,179618.47,17-04-2024 18:00,33.57,45
2024,17-Apr 7pm,184482.25,17-04-2024 19:00,34.18,53.82
2024,17-Apr 8pm,178794.21,17-04-2024 20:00,33.74,45.2
2024,17-Apr 9pm,176519.77,17-04-2024 21:00,31.21,52.58
2024,17-Apr 10pm,175433.1,17-04-2024 22:00,31.32,48.62
2024,17-Apr 11pm,173938.41,17-04-2024 23:00,31.3,52.38
2024,18-Apr 12am,170299.1,18-04-2024 00:00,28.05,39.02
2024,18-Apr 1am,166466.52,18-04-2024 01:00,28.02,35.71
2024,18-Apr 2am,164568.3,18-04-2024 02:00,27.64,62.68
2024,18-Apr 3am,163927.81,18-04-2024 03:00,28.28,35.71
2024,18-Apr 4am,166602.91,18-04-2024 04:00,27.77,64.22
2024,18-Apr 5am,172544.01,18-04-2024 05:00,28,55.51
2024,18-Apr 6am,184146.71,18-04-2024 06:00,29.78,49.79
2024,18-Apr 7am,194639.8,18-04-2024 07:00,29.63,52.23
2024,18-Apr 8am,200083.05,18-04-2024 08:00,30.13,48.93
2024,18-Apr 9am,210040.24,18-04-2024 09:00,32.55,47.17
2024,18-Apr 10am,215362.8,18-04-2024 10:00,33.25,52.59
2024,18-Apr 11am,213906.76,18-04-2024 11:00,32.82,52.84
2024,18-Apr 12pm,213341.35,18-04-2024 12:00,35.5,44.23
2024,18-Apr 1pm,207108.96,18-04-2024 13:00,36.01,38.76
2024,18-Apr 2pm,207608.34,18-04-2024 14:00,35.55,40.06
2024,18-Apr 3pm,207394.12,18-04-2024 15:00,36.78,38.63
2024,18-Apr 4pm,203625.85,18-04-2024 16:00,37.21,37.57
2024,18-Apr 5pm,195142.59,18-04-2024 17:00,36.56,42.51
2024,18-Apr 6pm,190784.52,18-04-2024 18:00,34.34,48.4
2024,18-Apr 7pm,194847.7,18-04-2024 19:00,33.5,49.28
2024,18-Apr 8pm,187408.96,18-04-2024 20:00,33.75,49.04
2024,18-Apr 9pm,183214.76,18-04-2024 21:00,31.24,52.13
2024,18-Apr 10pm,181301.38,18-04-2024 22:00,30.82,54.18
2024,18-Apr 11pm,178902.75,18-04-2024 23:00,30.6,51.67
2024,19-Apr 12am,175925.18,19-04-2024 00:00,27.86,59.72
2024,19-Apr 1am,172467.9,19-04-2024 01:00,27.77,62.79
2024,19-Apr 2am,169303.92,19-04-2024 02:00,28.34,41.41
2024,19-Apr 3am,167778,19-04-2024 03:00,27.81,55.61
2024,19-Apr 4am,169773.7,19-04-2024 04:00,28.29,35.96
2024,19-Apr 5am,175175.79,19-04-2024 05:00,28.39,35.38
2024,19-Apr 6am,185209.46,19-04-2024 06:00,29.93,49.57
2024,19-Apr 7am,194366.66,19-04-2024 07:00,30.41,53.26
2024,19-Apr 8am,199099.6,19-04-2024 08:00,29.88,48.13
2024,19-Apr 9am,207651.01,19-04-2024 09:00,33.46,48.84
2024,19-Apr 10am,213270.06,19-04-2024 10:00,32.59,54.09
2024,19-Apr 11am,213195.88,19-04-2024 11:00,33.19,53.37
2024,19-Apr 12pm,209937.61,19-04-2024 12:00,35.99,41.65
2024,19-Apr 1pm,202888.49,19-04-2024 13:00,35.89,37.67
2024,19-Apr 2pm,203375.86,19-04-2024 14:00,36.13,36.17
2024,19-Apr 3pm,204412.79,19-04-2024 15:00,37.2,35.16
2024,19-Apr 4pm,201607.42,19-04-2024 16:00,36.5,36.07
2024,19-Apr 5pm,194000.82,19-04-2024 17:00,36.67,37.93
2024,19-Apr 6pm,188636.05,19-04-2024 18:00,34.21,50.52
2024,19-Apr 7pm,192744.03,19-04-2024 19:00,34.17,45.64
2024,19-Apr 8pm,186181.81,19-04-2024 20:00,34.47,46.36
2024,19-Apr 9pm,182526.7,19-04-2024 21:00,31.26,46.81
2024,19-Apr 10pm,180041.01,19-04-2024 22:00,31.45,51.32
2024,19-Apr 11pm,177279.87,19-04-2024 23:00,31.2,51.16
2024,20-Apr 12am,173432.23,20-04-2024 00:00,27.8,60.51
2024,20-Apr 1am,169345.09,20-04-2024 01:00,27.61,57.51
2024,20-Apr 2am,166238.51,20-04-2024 02:00,28.28,38.71
2024,20-Apr 3am,164390.75,20-04-2024 03:00,28.14,35.97
2024,20-Apr 4am,166194.67,20-04-2024 04:00,27.55,57.26
2024,20-Apr 5am,171800.07,20-04-2024 05:00,27.86,63.98
2024,20-Apr 6am,182521.84,20-04-2024 06:00,30.46,54.8
2024,20-Apr 7am,192158.35,20-04-2024 07:00,30,51.48
2024,20-Apr 8am,195850.9,20-04-2024 08:00,29.93,54.17
2024,20-Apr 9am,205442.82,20-04-2024 09:00,32.96,51.43
2024,20-Apr 10am,209705.35,20-04-2024 10:00,32.71,45.33
2024,20-Apr 11am,208563.59,20-04-2024 11:00,32.87,54.97
2024,20-Apr 12pm,204537.24,20-04-2024 12:00,35.87,35.99
2024,20-Apr 1pm,196134.31,20-04-2024 13:00,35.55,41.83
2024,20-Apr 2pm,196014.61,20-04-2024 14:00,36.27,37.53
2024,20-Apr 3pm,196155.93,20-04-2024 15:00,36.92,38.92
2024,20-Apr 4pm,194041.35,20-04-2024 16:00,37.32,41.46
2024,20-Apr 5pm,188681.34,20-04-2024 17:00,37.35,39.36
2024,20-Apr 6pm,184553.17,20-04-2024 18:00,33.71,47.51
2024,20-Apr 7pm,188550.43,20-04-2024 19:00,34.16,48.34
2024,20-Apr 8pm,181469.6,20-04-2024 20:00,33.97,48.42
2024,20-Apr 9pm,177546.71,20-04-2024 21:00,31.38,54.59
2024,20-Apr 10pm,176314.28,20-04-2024 22:00,30.72,52.99
2024,20-Apr 11pm,174154.92,20-04-2024 23:00,31.18,49.59
2024,21-Apr 12am,170634.74,21-04-2024 00:00,28.11,37
2024,21-Apr 1am,166688.56,21-04-2024 01:00,27.8,63.11
2024,21-Apr 2am,163491.21,21-04-2024 02:00,27.64,56.57
2024,21-Apr 3am,162219.26,21-04-2024 03:00,28.15,37.1
2024,21-Apr 4am,163895.32,21-04-2024 04:00,28.24,38.66
2024,21-Apr 5am,169320.27,21-04-2024 05:00,27.82,63.8
2024,21-Apr 6am,180469.87,21-04-2024 06:00,30.14,46.32
2024,21-Apr 7am,190213.88,21-04-2024 07:00,29.9,46.22
2024,21-Apr 8am,194285.49,21-04-2024 08:00,30.21,49.94
2024,21-Apr 9am,201622.63,21-04-2024 09:00,32.7,47.76
2024,21-Apr 10am,205771.28,21-04-2024 10:00,33.39,50.69
2024,21-Apr 11am,204397.34,21-04-2024 11:00,32.79,49.52
2024,21-Apr 12pm,201389.83,21-04-2024 12:00,35.87,39.35
2024,21-Apr 1pm,195497.44,21-04-2024 13:00,35.56,36.12
2024,21-Apr 2pm,196805.5,21-04-2024 14:00,35.61,36.41
2024,21-Apr 3pm,198183.32,21-04-2024 15:00,37.02,43.21
2024,21-Apr 4pm,197896.87,21-04-2024 16:00,36.77,43.86
2024,21-Apr 5pm,191774.11,21-04-2024 17:00,37.34,37.35
2024,21-Apr 6pm,189189.03,21-04-2024 18:00,33.51,46.13
2024,21-Apr 7pm,193527.93,21-04-2024 19:00,33.88,45.53
2024,21-Apr 8pm,186271.3,21-04-2024 20:00,33.84,51.08
2024,21-Apr 9pm,181840.19,21-04-2024 21:00,30.52,52.15
2024,21-Apr 10pm,179443.74,21-04-2024 22:00,30.62,48.73
2024,21-Apr 11pm,176926.74,21-04-2024 23:00,30.91,51.8
2024,22-Apr 12am,173565.56,22-04-2024 00:00,27.99,62.13
2024,22-Apr 1am,169960.34,22-04-2024 01:00,27.9,64.35
2024,22-Apr 2am,167324.58,22-04-2024 02:00,28.03,35.65
2024,22-Apr 3am,166420.92,22-04-2024 03:00,28.1,36.92
2024,22-Apr 4am,168495.44,22-04-2024 04:00,27.51,55.69
2024,22-Apr 5am,174168.6,22-04-2024 05:00,27.96,63.68
2024,22-Apr 6am,185893.77,22-04-2024 06:00,30.46,52.93
2024,22-Apr 7am,195252.46,22-04-2024 07:00,30.02,50.75
2024,22-Apr 8am,199303.24,22-04-2024 08:00,30.18,45.84
2024,22-Apr 9am,207803.77,22-04-2024 09:00,32.81,47.73
2024,22-Apr 10am,211830.55,22-04-2024 10:00,33.27,47.98
2024,22-Apr 11am,212219.34,22-04-2024 11:00,33.27,50.61
2024,22-Apr 12pm,208817.5,22-04-2024 12:00,36.02,37.58
2024,22-Apr 1pm,201077,22-04-2024 13:00,36.48,35.73
2024,22-Apr 2pm,201193.52,22-04-2024 14:00,35.63,42.31
2024,22-Apr 3pm,201964.73,22-04-2024 15:00,36.52,37.99
2024,22-Apr 4pm,200036.22,22-04-2024 16:00,37.27,39.52
2024,22-Apr 5pm,193911.37,22-04-2024 17:00,37.31,36.28
2024,22-Apr 6pm,190847.27,22-04-2024 18:00,33.62,53.03
2024,22-Apr 7pm,195468.52,22-04-2024 19:00,33.77,50.66
2024,22-Apr 8pm,188642.28,22-04-2024 20:00,33.52,54.02
2024,22-Apr 9pm,184601.9,22-04-2024 21:00,30.79,49.95
2024,22-Apr 10pm,182630.75,22-04-2024 22:00,31.27,54.41
2024,22-Apr 11pm,181354.66,22-04-2024 23:00,31.02,53.92
2024,23-Apr 12am,178280.37,23-04-2024 00:00,27.85,60.76
2024,23-Apr 1am,174774.29,23-04-2024 01:00,27.87,64.34
2024,23-Apr 2am,171389.4,23-04-2024 02:00,27.5,58.23
2024,23-Apr 3am,170255.28,23-04-2024 03:00,27.8,58.66
2024,23-Apr 4am,172107.14,23-04-2024 04:00,28.15,35.45
2024,23-Apr 5am,176973.21,23-04-2024 05:00,28.47,40.89
2024,23-Apr 6am,185981.17,23-04-2024 06:00,30.35,52.22
2024,23-Apr 7am,193352.05,23-04-2024 07:00,29.52,52.74
2024,23-Apr 8am,196321.38,23-04-2024 08:00,30.4,46.5
2024,23-Apr 9am,204744.24,23-04-2024 09:00,33.28,49.44
2024,23-Apr 10am,208974.34,23-04-2024 10:00,33.28,46.77
2024,23-Apr 11am,210159.13,23-04-2024 11:00,32.96,51.62
2024,23-Apr 12pm,207272.42,23-04-2024 12:00,35.9,36.58
2024,23-Apr 1pm,200619.47,23-04-2024 13:00,35.8,44.04
2024,23-Apr 2pm,201680.29,23-04-2024 14:00,35.57,37.31
2024,23-Apr 3pm,201915.22,23-04-2024 15:00,36.73,37.91
2024,23-Apr 4pm,200783.37,23-04-2024 16:00,36.75,43.51
2024,23-Apr 5pm,193780.96,23-04-2024 17:00,36.98,39.58
2024,23-Apr 6pm,189645.72,23-04-2024 18:00,34.25,45.24
2024,23-Apr 7pm,194921.12,23-04-2024 19:00,33.97,49.95
2024,23-Apr 8pm,188628.32,23-04-2024 20:00,33.56,45.85
2024,23-Apr 9pm,185122.38,23-04-2024 21:00,31.46,54.85
2024,23-Apr 10pm,184131.43,23-04-2024 22:00,31.44,50.88
2024,23-Apr 11pm,183139.83,23-04-2024 23:00,31.29,47.57
2024,24-Apr 12am,179617.65,24-04-2024 00:00,28.49,40.64
2024,24-Apr 1am,175736.91,24-04-2024 01:00,28.04,35.77
2024,24-Apr 2am,172940.54,24-04-2024 02:00,28.46,43
2024,24-Apr 3am,171553.46,24-04-2024 03:00,27.58,64.25
2024,24-Apr 4am,172812.38,24-04-2024 04:00,27.87,63.74
2024,24-Apr 5am,176565.32,24-04-2024 05:00,27.73,58.42
2024,24-Apr 6am,182365.74,24-04-2024 06:00,29.7,48.26
2024,24-Apr 7am,187399.3,24-04-2024 07:00,29.64,45.35
2024,24-Apr 8am,189883.82,24-04-2024 08:00,30.12,51.51
2024,24-Apr 9am,195977.81,24-04-2024 09:00,33.28,50.35
2024,24-Apr 10am,197932.56,24-04-2024 10:00,33.08,49.59
2024,24-Apr 11am,196688.17,24-04-2024 11:00,32.65,54.08
2024,24-Apr 12pm,192882.73,24-04-2024 12:00,36.31,36.68
2024,24-Apr 1pm,187879.68,24-04-2024 13:00,36.14,35.1
2024,24-Apr 2pm,186435.19,24-04-2024 14:00,35.89,35.73
2024,24-Apr 3pm,186518.14,24-04-2024 15:00,37.17,37.23
2024,24-Apr 4pm,183606.2,24-04-2024 16:00,36.76,35.33
2024,24-Apr 5pm,175520.7,24-04-2024 17:00,36.85,40.03
2024,24-Apr 6pm,171074.77,24-04-2024 18:00,34.42,48.14
2024,24-Apr 7pm,175708.72,24-04-2024 19:00,33.79,46.8
2024,24-Apr 8pm,172002.76,24-04-2024 20:00,33.97,52.5
2024,24-Apr 9pm,171255.14,24-04-2024 21:00,31.39,47.04
2024,24-Apr 10pm,171503.7,24-04-2024 22:00,31.21,51.88
2024,24-Apr 11pm,170940.59,24-04-2024 23:00,30.56,48.49
2024,25-Apr 12am,168553.17,25-04-2024 00:00,27.65,60.12
2024,25-Apr 1am,165386.06,25-04-2024 01:00,27.51,64.34
2024,25-Apr 2am,163107.39,25-04-2024 02:00,28.13,35.37
2024,25-Apr 3am,161639.99,25-04-2024 03:00,27.95,60
2024,25-Apr 4am,162606.61,25-04-2024 04:00,27.63,63.54
2024,25-Apr 5am,165603.71,25-04-2024 05:00,28.46,40.88
2024,25-Apr 6am,170195.67,25-04-2024 06:00,30.03,47.77
2024,25-Apr 7am,173916.7,25-04-2024 07:00,29.74,48.98
2024,25-Apr 8am,174726.08,25-04-2024 08:00,30,51.8
2024,25-Apr 9am,178459.42,25-04-2024 09:00,33.18,53.91
2024,25-Apr 10am,180207.22,25-04-2024 10:00,32.58,45.41
2024,25-Apr 11am,180424.06,25-04-2024 11:00,32.77,45.72
2024,25-Apr 12pm,179362.92,25-04-2024 12:00,36.31,38.25
2024,25-Apr 1pm,177078.33,25-04-2024 13:00,35.96,37.33
2024,25-Apr 2pm,175160.2,25-04-2024 14:00,36.05,37.65
2024,25-Apr 3pm,175113.61,25-04-2024 15:00,36.93,37.21
2024,25-Apr 4pm,171496.39,25-04-2024 16:00,36.54,36.96
2024,25-Apr 5pm,162922.27,25-04-2024 17:00,36.67,36.31
2024,25-Apr 6pm,157689.98,25-04-2024 18:00,33.95,54.34
2024,25-Apr 7pm,163477.33,25-04-2024 19:00,33.71,46.44
2024,25-Apr 8pm,160562,25-04-2024 20:00,33.55,47.04
2024,25-Apr 9pm,159542.02,25-04-2024 21:00,31.34,47.46
2024,25-Apr 10pm,160140.96,25-04-2024 22:00,31.48,54.33
2024,25-Apr 11pm,159359.66,25-04-2024 23:00,31.29,52.56
2024,26-Apr 12am,155859.72,26-04-2024 00:00,28.35,42.9
2024,26-Apr 1am,152954.17,26-04-2024 01:00,27.74,56.05
2024,26-Apr 2am,150271.3,26-04-2024 02:00,28.46,43.36
2024,26-Apr 3am,149761.77,26-04-2024 03:00,27.7,59.08
2024,26-Apr 4am,151901.42,26-04-2024 04:00,28.45,37.63
2024,26-Apr 5am,156485.77,26-04-2024 05:00,28.49,40.76
2024,26-Apr 6am,165158.37,26-04-2024 06:00,30.21,53.22
2024,26-Apr 7am,174117.07,26-04-2024 07:00,30.48,52.79
2024,26-Apr 8am,180336.58,26-04-2024 08:00,30.07,53.9
2024,26-Apr 9am,191526,26-04-2024 09:00,32.76,54.28
2024,26-Apr 10am,197750.43,26-04-2024 10:00,32.94,47.38
2024,26-Apr 11am,200333.67,26-04-2024 11:00,33.09,49.24
2024,26-Apr 12pm,199252.31,26-04-2024 12:00,35.57,35.15
2024,26-Apr 1pm,194638.03,26-04-2024 13:00,36.12,43.79
2024,26-Apr 2pm,194948.4,26-04-2024 14:00,36.48,36.55
2024,26-Apr 3pm,196168.22,26-04-2024 15:00,36.69,43.61
2024,26-Apr 4pm,193951.63,26-04-2024 16:00,37.29,38.29
2024,26-Apr 5pm,186815.63,26-04-2024 17:00,37.41,38.68
2024,26-Apr 6pm,182763.59,26-04-2024 18:00,34.44,45.39
2024,26-Apr 7pm,188911.11,26-04-2024 19:00,34.46,48.27
2024,26-Apr 8pm,183779.99,26-04-2024 20:00,34.02,53.88
2024,26-Apr 9pm,181886.43,26-04-2024 21:00,31.48,45.26
2024,26-Apr 10pm,182128.26,26-04-2024 22:00,31.26,49.06
2024,26-Apr 11pm,181618.08,26-04-2024 23:00,30.66,45.31
2024,27-Apr 12am,178498.67,27-04-2024 00:00,27.98,58.71
2024,27-Apr 1am,174464.07,27-04-2024 01:00,28.22,36.73
2024,27-Apr 2am,170762.86,27-04-2024 02:00,27.75,57.52
2024,27-Apr 3am,169730.23,27-04-2024 03:00,28.14,43.78
2024,27-Apr 4am,171150.82,27-04-2024 04:00,28.17,39.36
2024,27-Apr 5am,174893.72,27-04-2024 05:00,27.66,57.74
2024,27-Apr 6am,181599.26,27-04-2024 06:00,30.07,50.89
2024,27-Apr 7am,187849.57,27-04-2024 07:00,30.27,46.42
2024,27-Apr 8am,192252.73,27-04-2024 08:00,30,47.59
2024,27-Apr 9am,202167.51,27-04-2024 09:00,32.51,50.46
2024,27-Apr 10am,207989.52,27-04-2024 10:00,32.51,47.38
2024,27-Apr 11am,208851.31,27-04-2024 11:00,32.86,51.79
2024,27-Apr 12pm,206934.41,27-04-2024 12:00,36.43,39.91
2024,27-Apr 1pm,203510.89,27-04-2024 13:00,35.73,42.72
2024,27-Apr 2pm,204997.77,27-04-2024 14:00,36.13,44.48
2024,27-Apr 3pm,205731.58,27-04-2024 15:00,36.72,36.16
2024,27-Apr 4pm,202675.65,27-04-2024 16:00,36.82,38.35
2024,27-Apr 5pm,195781.34,27-04-2024 17:00,37.35,38.2
2024,27-Apr 6pm,191669.56,27-04-2024 18:00,34.23,46.51
2024,27-Apr 7pm,197286.94,27-04-2024 19:00,33.6,53.1
2024,27-Apr 8pm,193130.89,27-04-2024 20:00,33.93,52.6
2024,27-Apr 9pm,191408.7,27-04-2024 21:00,30.53,49.84
2024,27-Apr 10pm,191528.65,27-04-2024 22:00,30.98,50.38
2024,27-Apr 11pm,191130.84,27-04-2024 23:00,31.16,45.6
2024,28-Apr 12am,187667.1,28-04-2024 00:00,27.62,60.56
2024,28-Apr 1am,183762.2,28-04-2024 01:00,27.79,62.91
2024,28-Apr 2am,180239.86,28-04-2024 02:00,27.9,60.74
2024,28-Apr 3am,178736.05,28-04-2024 03:00,28.42,37.65
2024,28-Apr 4am,179802.4,28-04-2024 04:00,28.49,41.68
2024,28-Apr 5am,183537.89,28-04-2024 05:00,27.54,58.61
2024,28-Apr 6am,188630.24,28-04-2024 06:00,30.26,50.45
2024,28-Apr 7am,193214.91,28-04-2024 07:00,29.87,49.88
2024,28-Apr 8am,197051.96,28-04-2024 08:00,29.89,48.81
2024,28-Apr 9am,206838.78,28-04-2024 09:00,33.25,52.19
2024,28-Apr 10am,212171.92,28-04-2024 10:00,33.42,53.84
2024,28-Apr 11am,213257.62,28-04-2024 11:00,33.45,45.05
2024,28-Apr 12pm,211758.12,28-04-2024 12:00,36.08,44.34
2024,28-Apr 1pm,207591.02,28-04-2024 13:00,35.86,40.12
2024,28-Apr 2pm,210180.97,28-04-2024 14:00,36.29,42.01
2024,28-Apr 3pm,212331.02,28-04-2024 15:00,36.75,43.56
2024,28-Apr 4pm,208840.65,28-04-2024 16:00,37.06,39.67
2024,28-Apr 5pm,200961.94,28-04-2024 17:00,36.86,43.35
2024,28-Apr 6pm,196595.05,28-04-2024 18:00,34.16,46.78
2024,28-Apr 7pm,202189.31,28-04-2024 19:00,33.74,46.59
2024,28-Apr 8pm,197352.82,28-04-2024 20:00,33.69,51.57
2024,28-Apr 9pm,196079.05,28-04-2024 21:00,31.42,53.7
2024,28-Apr 10pm,196265.45,28-04-2024 22:00,30.6,53.92
2024,28-Apr 11pm,196034.36,28-04-2024 23:00,31.01,51.44
2024,29-Apr 12am,192703.13,29-04-2024 00:00,27.72,60.25
2024,29-Apr 1am,188524.6,29-04-2024 01:00,27.54,58.31
2024,29-Apr 2am,184813.78,29-04-2024 02:00,27.54,64.8
2024,29-Apr 3am,183156.73,29-04-2024 03:00,27.68,58.2
2024,29-Apr 4am,184067.21,29-04-2024 04:00,28.37,42.44
2024,29-Apr 5am,186731.95,29-04-2024 05:00,27.78,60.32
2024,29-Apr 6am,190657.57,29-04-2024 06:00,30.45,51.09
2024,29-Apr 7am,194602.48,29-04-2024 07:00,30.08,48.93
2024,29-Apr 8am,198785.96,29-04-2024 08:00,29.94,54.65
2024,29-Apr 9am,208572.83,29-04-2024 09:00,33.08,50.72
2024,29-Apr 10am,215277.81,29-04-2024 10:00,33.02,54.38
2024,29-Apr 11am,217558.97,29-04-2024 11:00,33.26,45.08
2024,29-Apr 12pm,216500.34,29-04-2024 12:00,35.78,40.73
2024,29-Apr 1pm,211300.21,29-04-2024 13:00,35.85,42.17
2024,29-Apr 2pm,214181.57,29-04-2024 14:00,36.39,42.45
2024,29-Apr 3pm,214704.11,29-04-2024 15:00,37.45,44.05
2024,29-Apr 4pm,210720.83,29-04-2024 16:00,37.39,35.04
2024,29-Apr 5pm,200010.98,29-04-2024 17:00,36.92,35
2024,29-Apr 6pm,194853.13,29-04-2024 18:00,34.28,49.72
2024,29-Apr 7pm,200752.13,29-04-2024 19:00,33.98,45.29
2024,29-Apr 8pm,195230.45,29-04-2024 20:00,34,54.75
2024,29-Apr 9pm,194260.23,29-04-2024 21:00,30.7,47.22
2024,29-Apr 10pm,195951,29-04-2024 22:00,31.09,49.73
2024,29-Apr 11pm,196094.24,29-04-2024 23:00,30.69,45.61
2024,30-Apr 12am,193071.31,30-04-2024 00:00,27.83,60.22
2024,30-Apr 1am,188603.22,30-04-2024 01:00,28.36,38.8
2024,30-Apr 2am,184105.95,30-04-2024 02:00,27.71,55.45
2024,30-Apr 3am,181046.24,30-04-2024 03:00,27.57,58.35
2024,30-Apr 4am,180777.03,30-04-2024 04:00,27.57,58.91
2024,30-Apr 5am,183197.44,30-04-2024 05:00,28.44,44.9
2024,30-Apr 6am,186041.32,30-04-2024 06:00,30.01,47.08
2024,30-Apr 7am,189142.59,30-04-2024 07:00,29.91,50.45
2024,30-Apr 8am,193170.93,30-04-2024 08:00,30.31,54.87
2024,30-Apr 9am,203312.52,30-04-2024 09:00,33.34,52.92
2024,30-Apr 10am,209485.25,30-04-2024 10:00,32.83,54.93
2024,30-Apr 11am,211640.92,30-04-2024 11:00,33.19,54.68
2024,30-Apr 12pm,209634.06,30-04-2024 12:00,36.27,39.9
2024,30-Apr 1pm,205798.3,30-04-2024 13:00,36.15,41.96
2024,30-Apr 2pm,208348.28,30-04-2024 14:00,35.65,36.1
2024,30-Apr 3pm,210021.42,30-04-2024 15:00,37.38,39.41
2024,30-Apr 4pm,207276.03,30-04-2024 16:00,37.04,43.09
2024,30-Apr 5pm,198463.59,30-04-2024 17:00,36.78,40.05
2024,30-Apr 6pm,194434.9,30-04-2024 18:00,33.93,52.03
2024,30-Apr 7pm,201094.24,30-04-2024 19:00,33.54,52.46
2024,30-Apr 8pm,196577.71,30-04-2024 20:00,33.63,47.53
2024,30-Apr 9pm,194782.12,30-04-2024 21:00,31.27,53.76
2024,30-Apr 10pm,194967.39,30-04-2024 22:00,30.5,49.6
2024,30-Apr 11pm,194194.45,30-04-2024 23:00,30.92,47.1
2024,01-May 12am,219228,01-05-2024 00:00,32.02,53.65
2024,01-May 1am,213112,01-05-2024 01:00,31.55,49.18
2024,01-May 2am,206899,01-05-2024 02:00,32.47,52.5
2024,01-May 3am,201104,01-05-2024 03:00,31.73,50.48
2024,01-May 4am,196732,01-05-2024 04:00,31.8,48.82
2024,01-May 5am,197209,01-05-2024 05:00,31.8,53.1
2024,01-May 6am,198091,01-05-2024 06:00,33.73,50.84
2024,01-May 7am,195620,01-05-2024 07:00,33.5,48.91
2024,01-May 8am,193616,01-05-2024 08:00,34.23,46.1
2024,01-May 9am,197798,01-05-2024 09:00,37.47,43.95
2024,01-May 10am,203661,01-05-2024 10:00,36.72,35.35
2024,01-May 11am,205438,01-05-2024 11:00,37.16,43.63
2024,01-May 12pm,203616,01-05-2024 12:00,40.24,38.6
2024,01-May 1pm,202116,01-05-2024 13:00,40.35,41.39
2024,01-May 2pm,200466,01-05-2024 14:00,39.92,44.22
2024,01-May 3pm,204400,01-05-2024 15:00,40.8,36.52
2024,01-May 4pm,204055,01-05-2024 16:00,40.83,40.67
2024,01-May 5pm,197206,01-05-2024 17:00,41.21,42.64
2024,01-May 6pm,189860,01-05-2024 18:00,38.32,42.58
2024,01-May 7pm,197684,01-05-2024 19:00,37.68,40.26
2024,01-May 8pm,204477,01-05-2024 20:00,37.87,41.25
2024,01-May 9pm,202137,01-05-2024 21:00,35.4,42.58
2024,01-May 10pm,206016,01-05-2024 22:00,35.31,43.41
2024,01-May 11pm,211357,01-05-2024 23:00,35.48,42.62
2024,02-May 12am,208346,02-05-2024 00:00,32.25,48.54
2024,02-May 1am,202933,02-05-2024 01:00,31.89,54.97
2024,02-May 2am,197072,02-05-2024 02:00,32.09,49.35
2024,02-May 3am,192391,02-05-2024 03:00,32.16,45.24
2024,02-May 4am,189005,02-05-2024 04:00,31.58,48.63
2024,02-May 5am,189543,02-05-2024 05:00,32.04,46.28
2024,02-May 6am,193439,02-05-2024 06:00,34.21,46.21
2024,02-May 7am,195972,02-05-2024 07:00,33.67,47.82
2024,02-May 8am,197551,02-05-2024 08:00,34.28,45.53
2024,02-May 9am,204221,02-05-2024 09:00,37.08,41.89
2024,02-May 10am,213398,02-05-2024 10:00,37.45,35.74
2024,02-May 11am,216336,02-05-2024 11:00,36.54,37.03
2024,02-May 12pm,215521,02-05-2024 12:00,39.77,35.93
2024,02-May 1pm,212803,02-05-2024 13:00,40.1,35.63
2024,02-May 2pm,213380,02-05-2024 14:00,39.8,37.68
2024,02-May 3pm,220652,02-05-2024 15:00,41.21,40.72
2024,02-May 4pm,219226,02-05-2024 16:00,41.26,44.65
2024,02-May 5pm,212689,02-05-2024 17:00,40.6,43.76
2024,02-May 6pm,203506,02-05-2024 18:00,38.01,43.76
2024,02-May 7pm,207842,02-05-2024 19:00,38.01,36.76
2024,02-May 8pm,211235,02-05-2024 20:00,37.87,37.65
2024,02-May 9pm,209047,02-05-2024 21:00,35.43,35.76
2024,02-May 10pm,213320,02-05-2024 22:00,35.33,42.78
2024,02-May 11pm,217235,02-05-2024 23:00,35.2,35.7
2024,03-May 12am,213011,03-05-2024 00:00,32.21,50.57
2024,03-May 1am,206662,03-05-2024 01:00,31.96,47.48
2024,03-May 2am,202345,03-05-2024 02:00,32.42,47.43
2024,03-May 3am,196745,03-05-2024 03:00,32.19,54.91
2024,03-May 4am,192330,03-05-2024 04:00,32.23,52.57
2024,03-May 5am,194244,03-05-2024 05:00,32.36,53.37
2024,03-May 6am,197217,03-05-2024 06:00,33.77,50.72
2024,03-May 7am,198845,03-05-2024 07:00,34.31,53.71
2024,03-May 8am,198485,03-05-2024 08:00,33.7,51.45
2024,03-May 9am,204509,03-05-2024 09:00,36.85,44.46
2024,03-May 10am,215829,03-05-2024 10:00,36.84,37.81
2024,03-May 11am,220148,03-05-2024 11:00,37.48,40.95
2024,03-May 12pm,220031,03-05-2024 12:00,40.36,41.9
2024,03-May 1pm,215541,03-05-2024 13:00,40.2,38.93
2024,03-May 2pm,216537,03-05-2024 14:00,40.23,43.8
2024,03-May 3pm,222471,03-05-2024 15:00,41.06,44.8
2024,03-May 4pm,220725,03-05-2024 16:00,41.45,39.94
2024,03-May 5pm,212586,03-05-2024 17:00,41,38.91
2024,03-May 6pm,204186,03-05-2024 18:00,37.88,39.72
2024,03-May 7pm,209453,03-05-2024 19:00,37.66,43.53
2024,03-May 8pm,213162,03-05-2024 20:00,38.29,41.45
2024,03-May 9pm,210796,03-05-2024 21:00,35.23,35.45
2024,03-May 10pm,214496,03-05-2024 22:00,34.88,50.42
2024,03-May 11pm,219447,03-05-2024 23:00,34.53,45.17
2024,04-May 12am,215052,04-05-2024 00:00,32.34,52.79
2024,04-May 1am,209384,04-05-2024 01:00,31.51,48.28
2024,04-May 2am,204721,04-05-2024 02:00,32.2,49.72
2024,04-May 3am,199925,04-05-2024 03:00,32.47,52.99
2024,04-May 4am,195921,04-05-2024 04:00,31.94,45.46
2024,04-May 5am,196557,04-05-2024 05:00,31.73,46.59
2024,04-May 6am,198058,04-05-2024 06:00,34.2,48.98
2024,04-May 7am,198024,04-05-2024 07:00,34.32,47.3
2024,04-May 8am,197400,04-05-2024 08:00,34.05,48.38
2024,04-May 9am,205216,04-05-2024 09:00,37.47,44.98
2024,04-May 10am,217422,04-05-2024 10:00,36.55,43.25
2024,04-May 11am,222856,04-05-2024 11:00,37,43.84
2024,04-May 12pm,223434,04-05-2024 12:00,40.22,44.37
2024,04-May 1pm,219612,04-05-2024 13:00,40.36,38.41
2024,04-May 2pm,220095,04-05-2024 14:00,39.68,37.97
2024,04-May 3pm,228336,04-05-2024 15:00,41.3,37.34
2024,04-May 4pm,225754,04-05-2024 16:00,41.05,43.3
2024,04-May 5pm,215950,04-05-2024 17:00,40.9,41.8
2024,04-May 6pm,205476,04-05-2024 18:00,37.63,37.36
2024,04-May 7pm,210291,04-05-2024 19:00,38.37,38.77
2024,04-May 8pm,214768,04-05-2024 20:00,37.66,40.07
2024,04-May 9pm,214098,04-05-2024 21:00,34.81,50.28
2024,04-May 10pm,218165,04-05-2024 22:00,34.79,53.89
2024,04-May 11pm,221118,04-05-2024 23:00,35.37,38.81
2024,05-May 12am,217146,05-05-2024 00:00,32.17,54.09
2024,05-May 1am,212551,05-05-2024 01:00,32.3,49.41
2024,05-May 2am,208055,05-05-2024 02:00,31.75,52.46
2024,05-May 3am,203301,05-05-2024 03:00,32.12,54.3
2024,05-May 4am,199058,05-05-2024 04:00,32.07,54.08
2024,05-May 5am,199315,05-05-2024 05:00,32.33,45.57
2024,05-May 6am,198936,05-05-2024 06:00,34.41,47.06
2024,05-May 7am,197811,05-05-2024 07:00,33.51,49.77
2024,05-May 8am,197067,05-05-2024 08:00,34.17,49.32
2024,05-May 9am,200707,05-05-2024 09:00,36.55,41.41
2024,05-May 10am,206009,05-05-2024 10:00,37.05,44.45
2024,05-May 11am,210077,05-05-2024 11:00,36.79,36.12
2024,05-May 12pm,208308,05-05-2024 12:00,39.81,39.52
2024,05-May 1pm,206515,05-05-2024 13:00,39.85,36.92
2024,05-May 2pm,209239,05-05-2024 14:00,40.12,43.94
2024,05-May 3pm,214300,05-05-2024 15:00,40.83,44.65
2024,05-May 4pm,210772,05-05-2024 16:00,41.23,39.79
2024,05-May 5pm,202541,05-05-2024 17:00,40.9,36.04
2024,05-May 6pm,192005,05-05-2024 18:00,37.57,42.85
2024,05-May 7pm,196919,05-05-2024 19:00,38.28,41.97
2024,05-May 8pm,203572,05-05-2024 20:00,37.79,38.55
2024,05-May 9pm,204173,05-05-2024 21:00,34.93,53.87
2024,05-May 10pm,211535,05-05-2024 22:00,35.19,44.76
2024,05-May 11pm,216529,05-05-2024 23:00,34.83,50.58
2024,06-May 12am,213712,06-05-2024 00:00,31.56,50.66
2024,06-May 1am,209233,06-05-2024 01:00,31.87,47.98
2024,06-May 2am,203475,06-05-2024 02:00,32.44,50.85
2024,06-May 3am,198291,06-05-2024 03:00,32.14,49.4
2024,06-May 4am,194546,06-05-2024 04:00,32.17,48.02
2024,06-May 5am,196069,06-05-2024 05:00,32.13,45.67
2024,06-May 6am,199299,06-05-2024 06:00,33.7,47.53
2024,06-May 7am,199679,06-05-2024 07:00,33.92,46.98
2024,06-May 8am,200648,06-05-2024 08:00,34.25,50.42
2024,06-May 9am,209281,06-05-2024 09:00,36.6,41.02
2024,06-May 10am,217036,06-05-2024 10:00,36.78,41.09
2024,06-May 11am,226251,06-05-2024 11:00,36.78,38.88
2024,06-May 12pm,226505,06-05-2024 12:00,39.93,39.21
2024,06-May 1pm,225414,06-05-2024 13:00,40.48,43.34
2024,06-May 2pm,226555,06-05-2024 14:00,39.57,39.76
2024,06-May 3pm,230828,06-05-2024 15:00,41.02,44.88
2024,06-May 4pm,229538,06-05-2024 16:00,40.68,39.4
2024,06-May 5pm,219659,06-05-2024 17:00,41.47,41.5
2024,06-May 6pm,208009,06-05-2024 18:00,37.61,35.5
2024,06-May 7pm,210508,06-05-2024 19:00,37.9,41.53
2024,06-May 8pm,213498,06-05-2024 20:00,38.24,43.51
2024,06-May 9pm,211246,06-05-2024 21:00,35.2,44.42
2024,06-May 10pm,216095,06-05-2024 22:00,34.92,54.97
2024,06-May 11pm,219135,06-05-2024 23:00,34.85,47.82
2024,07-May 12am,214234,07-05-2024 00:00,31.9,50.75
2024,07-May 1am,208531,07-05-2024 01:00,31.76,49.51
2024,07-May 2am,201575,07-05-2024 02:00,31.71,50.64
2024,07-May 3am,196885,07-05-2024 03:00,31.98,46.57
2024,07-May 4am,193377,07-05-2024 04:00,31.77,53.56
2024,07-May 5am,194901,07-05-2024 05:00,31.79,54.1
2024,07-May 6am,196245,07-05-2024 06:00,34.16,49.5
2024,07-May 7am,196194,07-05-2024 07:00,34.47,47.8
2024,07-May 8am,193400,07-05-2024 08:00,34.1,46.41
2024,07-May 9am,198875,07-05-2024 09:00,36.58,41.84
2024,07-May 10am,209068,07-05-2024 10:00,36.58,38.12
2024,07-May 11am,214336,07-05-2024 11:00,37.45,44.1
2024,07-May 12pm,216293,07-05-2024 12:00,39.8,41.71
2024,07-May 1pm,216499,07-05-2024 13:00,39.59,41.46
2024,07-May 2pm,217828,07-05-2024 14:00,40.1,40.59
2024,07-May 3pm,223427,07-05-2024 15:00,41.12,35.46
2024,07-May 4pm,218727,07-05-2024 16:00,41.15,44.32
2024,07-May 5pm,206688,07-05-2024 17:00,40.77,41.28
2024,07-May 6pm,193541,07-05-2024 18:00,37.52,44.94
2024,07-May 7pm,196398,07-05-2024 19:00,38.47,40.37
2024,07-May 8pm,201841,07-05-2024 20:00,37.75,42.1
2024,07-May 9pm,201529,07-05-2024 21:00,35.18,35.56
2024,07-May 10pm,203937,07-05-2024 22:00,35.21,41.32
2024,07-May 11pm,208832,07-05-2024 23:00,35.11,42.65
2024,08-May 12am,204378,08-05-2024 00:00,31.81,52.79
2024,08-May 1am,197407,08-05-2024 01:00,31.77,52.7
2024,08-May 2am,191496,08-05-2024 02:00,32.1,47.26
2024,08-May 3am,187327,08-05-2024 03:00,32.37,54.75
2024,08-May 4am,183549,08-05-2024 04:00,32.45,54.95
2024,08-May 5am,185343,08-05-2024 05:00,31.61,45.76
2024,08-May 6am,188251,08-05-2024 06:00,33.65,54.36
2024,08-May 7am,189271,08-05-2024 07:00,34.44,47.89
2024,08-May 8am,189738,08-05-2024 08:00,34.24,51.89
2024,08-May 9am,195322,08-05-2024 09:00,37.38,38.38
2024,08-May 10am,204961,08-05-2024 10:00,36.7,44.68
2024,08-May 11am,209548,08-05-2024 11:00,37.09,36.02
2024,08-May 12pm,211499,08-05-2024 12:00,40.2,39.98
2024,08-May 1pm,212035,08-05-2024 13:00,40.18,39.28
2024,08-May 2pm,215592,08-05-2024 14:00,39.91,38.26
2024,08-May 3pm,221883,08-05-2024 15:00,40.52,41.46
2024,08-May 4pm,221019,08-05-2024 16:00,41.08,36.31
2024,08-May 5pm,212959,08-05-2024 17:00,40.75,42.17
2024,08-May 6pm,201286,08-05-2024 18:00,37.95,44.81
2024,08-May 7pm,206017,08-05-2024 19:00,38.46,43.05
2024,08-May 8pm,211786,08-05-2024 20:00,37.9,43.6
2024,08-May 9pm,211108,08-05-2024 21:00,35.34,38.6
2024,08-May 10pm,214887,08-05-2024 22:00,34.69,48.25
2024,08-May 11pm,218278,08-05-2024 23:00,35.17,40.17
2024,09-May 12am,213404,09-05-2024 00:00,32.48,45.46
2024,09-May 1am,206920,09-05-2024 01:00,31.6,54.45
2024,09-May 2am,200966,09-05-2024 02:00,31.51,46.44
2024,09-May 3am,196322,09-05-2024 03:00,31.93,54.03
2024,09-May 4am,192393,09-05-2024 04:00,31.59,45.84
2024,09-May 5am,193227,09-05-2024 05:00,32.25,53.23
2024,09-May 6am,194179,09-05-2024 06:00,34.41,46.52
2024,09-May 7am,195037,09-05-2024 07:00,33.93,45.38
2024,09-May 8am,195489,09-05-2024 08:00,33.76,52.19
2024,09-May 9am,200721,09-05-2024 09:00,36.93,37.8
2024,09-May 10am,209749,09-05-2024 10:00,37.22,42.14
2024,09-May 11am,214061,09-05-2024 11:00,36.51,40.55
2024,09-May 12pm,214749,09-05-2024 12:00,40.09,36.09
2024,09-May 1pm,210917,09-05-2024 13:00,40.11,44.32
2024,09-May 2pm,212871,09-05-2024 14:00,40.14,39.52
2024,09-May 3pm,217621,09-05-2024 15:00,40.74,42.34
2024,09-May 4pm,212978,09-05-2024 16:00,41.21,40.01
2024,09-May 5pm,202950,09-05-2024 17:00,40.59,41.04
2024,09-May 6pm,195799,09-05-2024 18:00,37.7,38.03
2024,09-May 7pm,201427,09-05-2024 19:00,38.38,37
2024,09-May 8pm,206847,09-05-2024 20:00,38.24,40.43
2024,09-May 9pm,206514,09-05-2024 21:00,34.51,49.4
2024,09-May 10pm,210786,09-05-2024 22:00,34.75,48.9
2024,09-May 11pm,214075,09-05-2024 23:00,34.71,51.73
2024,10-May 12am,209967,10-05-2024 00:00,31.77,51.91
2024,10-May 1am,203426,10-05-2024 01:00,31.75,45.46
2024,10-May 2am,197425,10-05-2024 02:00,31.56,48.39
2024,10-May 3am,192214,10-05-2024 03:00,31.96,49.12
2024,10-May 4am,188257,10-05-2024 04:00,32.23,45.97
2024,10-May 5am,190511,10-05-2024 05:00,32.11,47.36
2024,10-May 6am,192771,10-05-2024 06:00,34.17,45.52
2024,10-May 7am,193810,10-05-2024 07:00,33.58,54.96
2024,10-May 8am,195302,10-05-2024 08:00,34.45,52.37
2024,10-May 9am,203080,10-05-2024 09:00,37.34,35.87
2024,10-May 10am,211943,10-05-2024 10:00,37.31,35.2
2024,10-May 11am,218403,10-05-2024 11:00,37.32,42.19
2024,10-May 12pm,218526,10-05-2024 12:00,40.43,39.39
2024,10-May 1pm,216962,10-05-2024 13:00,40.04,42.87
2024,10-May 2pm,218511,10-05-2024 14:00,39.7,44.23
2024,10-May 3pm,221700,10-05-2024 15:00,41.12,40.99
2024,10-May 4pm,216687,10-05-2024 16:00,41.24,36.87
2024,10-May 5pm,203980,10-05-2024 17:00,41.24,42.82
2024,10-May 6pm,193702,10-05-2024 18:00,38.02,44.56
2024,10-May 7pm,198100,10-05-2024 19:00,37.57,40.8
2024,10-May 8pm,204033,10-05-2024 20:00,37.87,41.82
2024,10-May 9pm,203879,10-05-2024 21:00,35.42,38.37
2024,10-May 10pm,204092,10-05-2024 22:00,35.08,38.82
2024,10-May 11pm,197048,10-05-2024 23:00,35.04,42.35
2024,11-May 12am,193316,11-05-2024 00:00,31.77,54.28
2024,11-May 1am,190544,11-05-2024 01:00,31.87,51.29
2024,11-May 2am,188465,11-05-2024 02:00,32.4,52.9
2024,11-May 3am,184227,11-05-2024 03:00,32.17,46.72
2024,11-May 4am,180936,11-05-2024 04:00,32.29,47.12
2024,11-May 5am,180490,11-05-2024 05:00,31.95,50.32
2024,11-May 6am,181256,11-05-2024 06:00,34.13,46.77
2024,11-May 7am,181079,11-05-2024 07:00,33.75,51.35
2024,11-May 8am,182349,11-05-2024 08:00,34.21,47.92
2024,11-May 9am,189806,11-05-2024 09:00,36.93,42.92
2024,11-May 10am,199837,11-05-2024 10:00,36.94,43.08
2024,11-May 11am,205226,11-05-2024 11:00,37.15,39.64
2024,11-May 12pm,208778,11-05-2024 12:00,40.44,36.81
2024,11-May 1pm,208580,11-05-2024 13:00,39.56,41.47
2024,11-May 2pm,211429,11-05-2024 14:00,40.32,44.93
2024,11-May 3pm,214822,11-05-2024 15:00,40.79,41.23
2024,11-May 4pm,211938,11-05-2024 16:00,40.94,35.36
2024,11-May 5pm,203589,11-05-2024 17:00,40.52,35.17
2024,11-May 6pm,193580,11-05-2024 18:00,37.8,38.2
2024,11-May 7pm,198422,11-05-2024 19:00,38,36.96
2024,11-May 8pm,202423,11-05-2024 20:00,37.56,43.13
2024,11-May 9pm,201670,11-05-2024 21:00,34.99,53.45
2024,11-May 10pm,205210,11-05-2024 22:00,35.43,37.59
2024,11-May 11pm,208490,11-05-2024 23:00,34.61,48.26
2024,12-May 12am,203689,12-05-2024 00:00,32.26,47.36
2024,12-May 1am,199006,12-05-2024 01:00,31.91,54.08
2024,12-May 2am,194264,12-05-2024 02:00,32.16,50.03
2024,12-May 3am,188549,12-05-2024 03:00,31.76,51.56
2024,12-May 4am,184403,12-05-2024 04:00,31.66,49.15
2024,12-May 5am,183758,12-05-2024 05:00,31.66,51.31
2024,12-May 6am,184116,12-05-2024 06:00,33.57,48.86
2024,12-May 7am,182973,12-05-2024 07:00,33.69,48.4
2024,12-May 8am,183156,12-05-2024 08:00,34.16,51.34
2024,12-May 9am,186690,12-05-2024 09:00,37.38,40.91
2024,12-May 10am,192593,12-05-2024 10:00,37.31,37.94
2024,12-May 11am,197414,12-05-2024 11:00,37.19,36.49
2024,12-May 12pm,199322,12-05-2024 12:00,39.61,38.69
2024,12-May 1pm,199406,12-05-2024 13:00,39.79,39.15
2024,12-May 2pm,201133,12-05-2024 14:00,39.81,41.29
2024,12-May 3pm,203675,12-05-2024 15:00,40.75,44.15
2024,12-May 4pm,198303,12-05-2024 16:00,41.02,35.36
2024,12-May 5pm,188469,12-05-2024 17:00,41.04,37.44
2024,12-May 6pm,179919,12-05-2024 18:00,37.86,36.94
2024,12-May 7pm,187504,12-05-2024 19:00,37.85,40.02
2024,12-May 8pm,196323,12-05-2024 20:00,38.33,39.3
2024,12-May 9pm,197026,12-05-2024 21:00,35.29,42.29
2024,12-May 10pm,200980,12-05-2024 22:00,34.81,47.42
2024,12-May 11pm,205543,12-05-2024 23:00,35.41,40.94
2024,13-May 12am,200610,13-05-2024 00:00,32.45,53.84
2024,13-May 1am,196409,13-05-2024 01:00,31.83,54.11
2024,13-May 2am,189656,13-05-2024 02:00,31.85,54.59
2024,13-May 3am,183812,13-05-2024 03:00,32.01,52.73
2024,13-May 4am,179575,13-05-2024 04:00,32.44,54.06
2024,13-May 5am,180495,13-05-2024 05:00,32.38,47.35
2024,13-May 6am,182442,13-05-2024 06:00,33.6,46.98
2024,13-May 7am,183318,13-05-2024 07:00,33.89,45.06
2024,13-May 8am,184205,13-05-2024 08:00,34.05,52.07
2024,13-May 9am,191517,13-05-2024 09:00,37,44.37
2024,13-May 10am,201092,13-05-2024 10:00,36.69,36.87
2024,13-May 11am,207335,13-05-2024 11:00,37.36,41.37
2024,13-May 12pm,209685,13-05-2024 12:00,40.18,42.46
2024,13-May 1pm,209788,13-05-2024 13:00,40.34,44.28
2024,13-May 2pm,210781,13-05-2024 14:00,40.36,41.47
2024,13-May 3pm,215537,13-05-2024 15:00,41.25,44.7
2024,13-May 4pm,209905,13-05-2024 16:00,40.94,38.45
2024,13-May 5pm,201353,13-05-2024 17:00,41.11,38.5
2024,13-May 6pm,194605,13-05-2024 18:00,37.66,40.43
2024,13-May 7pm,200551,13-05-2024 19:00,38.17,38.84
2024,13-May 8pm,205715,13-05-2024 20:00,37.68,35.01
2024,13-May 9pm,207022,13-05-2024 21:00,35.19,42.32
2024,13-May 10pm,210306,13-05-2024 22:00,34.73,52.52
2024,13-May 11pm,206378,13-05-2024 23:00,34.62,52.47
2024,14-May 12am,202829,14-05-2024 00:00,31.67,48.45
2024,14-May 1am,196669,14-05-2024 01:00,31.5,50.22
2024,14-May 2am,190288,14-05-2024 02:00,32.22,48.6
2024,14-May 3am,185923,14-05-2024 03:00,32.23,45.16
2024,14-May 4am,182225,14-05-2024 04:00,32.01,50.62
2024,14-May 5am,182424,14-05-2024 05:00,31.66,46.24
2024,14-May 6am,184017,14-05-2024 06:00,33.58,45.8
2024,14-May 7am,184085,14-05-2024 07:00,33.52,52.55
2024,14-May 8am,186697,14-05-2024 08:00,33.67,45.1
2024,14-May 9am,195183,14-05-2024 09:00,37.39,44.59
2024,14-May 10am,204985,14-05-2024 10:00,36.74,40.15
2024,14-May 11am,210410,14-05-2024 11:00,36.85,44.83
2024,14-May 12pm,212869,14-05-2024 12:00,39.61,35.58
2024,14-May 1pm,210970,14-05-2024 13:00,39.72,40.84
2024,14-May 2pm,213148,14-05-2024 14:00,40.02,38.49
2024,14-May 3pm,217477,14-05-2024 15:00,41.11,43.43
2024,14-May 4pm,214580,14-05-2024 16:00,40.75,38.61
2024,14-May 5pm,203628,14-05-2024 17:00,40.56,37.6
2024,14-May 6pm,194693,14-05-2024 18:00,37.89,43.58
2024,14-May 7pm,201574,14-05-2024 19:00,37.73,38.75
2024,14-May 8pm,206270,14-05-2024 20:00,37.72,35.17
2024,14-May 9pm,206417,14-05-2024 21:00,35.46,38.9
2024,14-May 10pm,209766,14-05-2024 22:00,35.12,41.55
2024,14-May 11pm,211513,14-05-2024 23:00,35.06,37.54
2024,15-May 12am,207084,15-05-2024 00:00,31.92,49.32
2024,15-May 1am,203468,15-05-2024 01:00,31.93,45.57
2024,15-May 2am,197767,15-05-2024 02:00,32.04,50.88
2024,15-May 3am,192575,15-05-2024 03:00,32.2,52.56
2024,15-May 4am,187893,15-05-2024 04:00,32.2,49.13
2024,15-May 5am,188015,15-05-2024 05:00,31.67,49.2
2024,15-May 6am,189303,15-05-2024 06:00,34,45.88
2024,15-May 7am,190818,15-05-2024 07:00,33.91,47.02
2024,15-May 8am,191259,15-05-2024 08:00,34.37,46.55
2024,15-May 9am,199981,15-05-2024 09:00,37.13,39.82
2024,15-May 10am,209588,15-05-2024 10:00,37.03,40.29
2024,15-May 11am,214472,15-05-2024 11:00,36.62,44.49
2024,15-May 12pm,215399,15-05-2024 12:00,40.11,35.73
2024,15-May 1pm,214877,15-05-2024 13:00,39.62,41
2024,15-May 2pm,217083,15-05-2024 14:00,39.84,40.26
2024,15-May 3pm,224189,15-05-2024 15:00,40.64,40.16
2024,15-May 4pm,221091,15-05-2024 16:00,41.19,43.73
2024,15-May 5pm,211578,15-05-2024 17:00,40.71,37.06
2024,15-May 6pm,202310,15-05-2024 18:00,37.89,35.41
2024,15-May 7pm,207228,15-05-2024 19:00,38.4,41.72
2024,15-May 8pm,211770,15-05-2024 20:00,37.7,38.45
2024,15-May 9pm,212358,15-05-2024 21:00,35.01,35.18
2024,15-May 10pm,215625,15-05-2024 22:00,34.92,47.51
2024,15-May 11pm,216973,15-05-2024 23:00,34.52,48.09
2024,16-May 12am,212835,16-05-2024 00:00,32.29,51.17
2024,16-May 1am,208203,16-05-2024 01:00,31.57,46.73
2024,16-May 2am,204104,16-05-2024 02:00,31.97,49.13
2024,16-May 3am,199058,16-05-2024 03:00,32.06,49.82
2024,16-May 4am,194276,16-05-2024 04:00,32.13,49.59
2024,16-May 5am,193877,16-05-2024 05:00,32.19,54.74
2024,16-May 6am,193212,16-05-2024 06:00,33.75,45.46
2024,16-May 7am,192592,16-05-2024 07:00,33.51,54.51
2024,16-May 8am,194265,16-05-2024 08:00,34.22,50.82
2024,16-May 9am,201666,16-05-2024 09:00,37.04,42.96
2024,16-May 10am,212973,16-05-2024 10:00,37.34,39.3
2024,16-May 11am,218728,16-05-2024 11:00,37.32,39.54
2024,16-May 12pm,219440,16-05-2024 12:00,40.34,43.79
2024,16-May 1pm,219260,16-05-2024 13:00,39.99,43.96
2024,16-May 2pm,221531,16-05-2024 14:00,39.83,37.39
2024,16-May 3pm,224744,16-05-2024 15:00,41.29,36.99
2024,16-May 4pm,217897,16-05-2024 16:00,40.95,39.96
2024,16-May 5pm,207491,16-05-2024 17:00,40.68,44
2024,16-May 6pm,197989,16-05-2024 18:00,38.35,38.22
2024,16-May 7pm,203558,16-05-2024 19:00,38.38,41.52
2024,16-May 8pm,209248,16-05-2024 20:00,37.97,42.08
2024,16-May 9pm,209778,16-05-2024 21:00,34.58,52.79
2024,16-May 10pm,214486,16-05-2024 22:00,34.89,50.64
2024,16-May 11pm,216132,16-05-2024 23:00,35.3,39.02
2024,17-May 12am,211735,17-05-2024 00:00,32.4,54.67
2024,17-May 1am,208030,17-05-2024 01:00,31.7,51.11
2024,17-May 2am,202639,17-05-2024 02:00,31.57,52.29
2024,17-May 3am,197615,17-05-2024 03:00,32.38,48.45
2024,17-May 4am,193420,17-05-2024 04:00,31.89,51.7
2024,17-May 5am,193992,17-05-2024 05:00,32.04,47.58
2024,17-May 6am,193882,17-05-2024 06:00,34.47,47.45
2024,17-May 7am,194211,17-05-2024 07:00,33.57,52.15
2024,17-May 8am,196352,17-05-2024 08:00,34.15,50.21
2024,17-May 9am,204585,17-05-2024 09:00,36.57,41.83
2024,17-May 10am,213855,17-05-2024 10:00,36.88,37.69
2024,17-May 11am,219066,17-05-2024 11:00,37.3,40.99
2024,17-May 12pm,219889,17-05-2024 12:00,39.93,39.44
2024,17-May 1pm,220194,17-05-2024 13:00,40.5,40.97
2024,17-May 2pm,220559,17-05-2024 14:00,40.06,37.91
2024,17-May 3pm,218961,17-05-2024 15:00,40.82,42.15
2024,17-May 4pm,213135,17-05-2024 16:00,40.72,43.06
2024,17-May 5pm,210542,17-05-2024 17:00,40.85,37.6
2024,17-May 6pm,203258,17-05-2024 18:00,37.87,38.01
2024,17-May 7pm,208790,17-05-2024 19:00,37.57,41.61
2024,17-May 8pm,213216,17-05-2024 20:00,37.87,41.96
2024,17-May 9pm,217343,17-05-2024 21:00,34.96,52.04
2024,17-May 10pm,216393,17-05-2024 22:00,35.22,41.83
2024,17-May 11pm,216727,17-05-2024 23:00,35.16,38.93
2024,18-May 12am,214314,18-05-2024 00:00,32.21,48.95
2024,18-May 1am,210005,18-05-2024 01:00,31.51,47.55
2024,18-May 2am,206333,18-05-2024 02:00,31.72,46.57
2024,18-May 3am,200994,18-05-2024 03:00,32.16,51.93
2024,18-May 4am,197306,18-05-2024 04:00,31.98,45.93
2024,18-May 5am,196748,18-05-2024 05:00,31.51,54.38
2024,18-May 6am,195619,18-05-2024 06:00,34.3,53.27
2024,18-May 7am,194679,18-05-2024 07:00,34.27,53.58
2024,18-May 8am,196411,18-05-2024 08:00,34.05,54.07
2024,18-May 9am,202486,18-05-2024 09:00,36.57,39.09
2024,18-May 10am,212147,18-05-2024 10:00,37.27,43.47
2024,18-May 11am,217257,18-05-2024 11:00,37.08,36.58
2024,18-May 12pm,218648,18-05-2024 12:00,40.28,35.22
2024,18-May 1pm,219977,18-05-2024 13:00,40.25,42.85
2024,18-May 2pm,222315,18-05-2024 14:00,40.3,35.75
2024,18-May 3pm,227789,18-05-2024 15:00,41.02,44.89
2024,18-May 4pm,223474,18-05-2024 16:00,40.64,41.75
2024,18-May 5pm,212923,18-05-2024 17:00,41.17,42.53
2024,18-May 6pm,202763,18-05-2024 18:00,38.12,37.46
2024,18-May 7pm,208940,18-05-2024 19:00,38.24,41.74
2024,18-May 8pm,214623,18-05-2024 20:00,37.67,35.43
2024,18-May 9pm,215046,18-05-2024 21:00,34.69,53.38
2024,18-May 10pm,217192,18-05-2024 22:00,35.39,36.7
2024,18-May 11pm,219862,18-05-2024 23:00,35.25,41.97
2024,19-May 12am,217626,19-05-2024 00:00,32.41,47.24
2024,19-May 1am,211401,19-05-2024 01:00,32.26,45.68
2024,19-May 2am,205698,19-05-2024 02:00,32.1,49.81
2024,19-May 3am,200938,19-05-2024 03:00,32.15,46.69
2024,19-May 4am,196989,19-05-2024 04:00,32.39,52.29
2024,19-May 5am,195479,19-05-2024 05:00,32.08,47.38
2024,19-May 6am,193696,19-05-2024 06:00,34.13,48.42
2024,19-May 7am,189700,19-05-2024 07:00,33.66,50.67
2024,19-May 8am,190540,19-05-2024 08:00,33.97,47.85
2024,19-May 9am,195226,19-05-2024 09:00,37.22,38.78
2024,19-May 10am,200872,19-05-2024 10:00,36.77,43.16
2024,19-May 11am,205486,19-05-2024 11:00,36.7,36.79
2024,19-May 12pm,208470,19-05-2024 12:00,39.81,35.82
2024,19-May 1pm,209967,19-05-2024 13:00,39.74,38.28
2024,19-May 2pm,211707,19-05-2024 14:00,39.71,39.24
2024,19-May 3pm,212887,19-05-2024 15:00,40.92,40.43
2024,19-May 4pm,206709,19-05-2024 16:00,41.41,38.72
2024,19-May 5pm,195673,19-05-2024 17:00,41.01,42.9
2024,19-May 6pm,185735,19-05-2024 18:00,37.69,35.39
2024,19-May 7pm,191457,19-05-2024 19:00,37.58,39.32
2024,19-May 8pm,200059,19-05-2024 20:00,38.2,38.82
2024,19-May 9pm,203632,19-05-2024 21:00,34.88,51.48
2024,19-May 10pm,208723,19-05-2024 22:00,35.32,44.66
2024,19-May 11pm,212418,19-05-2024 23:00,35.16,40.1
2024,20-May 12am,209514,20-05-2024 00:00,32.3,54.87
2024,20-May 1am,203955,20-05-2024 01:00,31.77,48.02
2024,20-May 2am,198785,20-05-2024 02:00,32.19,45.31
2024,20-May 3am,194480,20-05-2024 03:00,31.76,46.66
2024,20-May 4am,190229,20-05-2024 04:00,32.44,48.95
2024,20-May 5am,190179,20-05-2024 05:00,32.14,48.16
2024,20-May 6am,190921,20-05-2024 06:00,33.82,45.97
2024,20-May 7am,190840,20-05-2024 07:00,33.77,49.33
2024,20-May 8am,193615,20-05-2024 08:00,33.69,48.38
2024,20-May 9am,201058,20-05-2024 09:00,37.19,36.23
2024,20-May 10am,210457,20-05-2024 10:00,36.72,37.96
2024,20-May 11am,216428,20-05-2024 11:00,37.1,43.86
2024,20-May 12pm,219534,20-05-2024 12:00,39.76,38.02
2024,20-May 1pm,220181,20-05-2024 13:00,40.16,42.14
2024,20-May 2pm,222446,20-05-2024 14:00,40.31,41.12
2024,20-May 3pm,227087,20-05-2024 15:00,41.28,39.27
2024,20-May 4pm,220653,20-05-2024 16:00,41.26,37.39
2024,20-May 5pm,210721,20-05-2024 17:00,40.69,38.69
2024,20-May 6pm,199149,20-05-2024 18:00,37.59,40.92
2024,20-May 7pm,201646,20-05-2024 19:00,38.2,38.51
2024,20-May 8pm,208431,20-05-2024 20:00,37.87,37.15
2024,20-May 9pm,210013,20-05-2024 21:00,34.93,46.16
2024,20-May 10pm,212916,20-05-2024 22:00,34.53,53.8
2024,20-May 11pm,215167,20-05-2024 23:00,34.76,49.4
2024,21-May 12am,211705,21-05-2024 00:00,31.53,51.25
2024,21-May 1am,206125,21-05-2024 01:00,32.38,49.9
2024,21-May 2am,201060,21-05-2024 02:00,31.74,53.73
2024,21-May 3am,195820,21-05-2024 03:00,32.06,50.47
2024,21-May 4am,191157,21-05-2024 04:00,31.54,49.81
2024,21-May 5am,190827,21-05-2024 05:00,32.17,54.25
2024,21-May 6am,189898,21-05-2024 06:00,33.82,52.2
2024,21-May 7am,190656,21-05-2024 07:00,34.4,46.12
2024,21-May 8am,193496,21-05-2024 08:00,34.39,46.78
2024,21-May 9am,200711,21-05-2024 09:00,36.83,42.87
2024,21-May 10am,211254,21-05-2024 10:00,37.4,43.36
2024,21-May 11am,218519,21-05-2024 11:00,37.5,40.45
2024,21-May 12pm,221669,21-05-2024 12:00,40.33,40.54
2024,21-May 1pm,224116,21-05-2024 13:00,40.34,41.32
2024,21-May 2pm,227920,21-05-2024 14:00,39.75,39.39
2024,21-May 3pm,232153,21-05-2024 15:00,41.08,41.8
2024,21-May 4pm,227085,21-05-2024 16:00,40.57,36.08
2024,21-May 5pm,217903,21-05-2024 17:00,40.59,44.61
2024,21-May 6pm,206242,21-05-2024 18:00,38.5,42.5
2024,21-May 7pm,209385,21-05-2024 19:00,37.83,41.31
2024,21-May 8pm,215131,21-05-2024 20:00,38.25,38.16
2024,21-May 9pm,217174,21-05-2024 21:00,35.31,36.61
2024,21-May 10pm,219178,21-05-2024 22:00,35.36,39.09
2024,21-May 11pm,220371,21-05-2024 23:00,35.5,41.62
2024,22-May 12am,216826,22-05-2024 00:00,31.74,51.34
2024,22-May 1am,213657,22-05-2024 01:00,31.54,48.83
2024,22-May 2am,208976,22-05-2024 02:00,31.91,51.13
2024,22-May 3am,203919,22-05-2024 03:00,31.63,53.14
2024,22-May 4am,200532,22-05-2024 04:00,31.52,45.26
2024,22-May 5am,199733,22-05-2024 05:00,31.86,49.51
2024,22-May 6am,197506,22-05-2024 06:00,34.28,52.59
2024,22-May 7am,197994,22-05-2024 07:00,34.07,50.46
2024,22-May 8am,199613,22-05-2024 08:00,33.81,51.51
2024,22-May 9am,206202,22-05-2024 09:00,37.15,40.17
2024,22-May 10am,215510,22-05-2024 10:00,36.73,44.92
2024,22-May 11am,223082,22-05-2024 11:00,36.51,35.55
2024,22-May 12pm,226145,22-05-2024 12:00,40.26,39.91
2024,22-May 1pm,226500,22-05-2024 13:00,40.12,35.91
2024,22-May 2pm,229555,22-05-2024 14:00,40.26,36.6
2024,22-May 3pm,233146,22-05-2024 15:00,40.54,38.83
2024,22-May 4pm,226553,22-05-2024 16:00,41.34,36.56
2024,22-May 5pm,216958,22-05-2024 17:00,41.12,44.64
2024,22-May 6pm,205524,22-05-2024 18:00,38.06,44.47
2024,22-May 7pm,209247,22-05-2024 19:00,38.12,38.36
2024,22-May 8pm,216665,22-05-2024 20:00,38.36,41.4
2024,22-May 9pm,217293,22-05-2024 21:00,35.09,40.34
2024,22-May 10pm,219396,22-05-2024 22:00,35.08,43.16
2024,22-May 11pm,220787,22-05-2024 23:00,35.49,41.27
2024,23-May 12am,219404,23-05-2024 00:00,32.26,45
2024,23-May 1am,214680,23-05-2024 01:00,31.94,52.63
2024,23-May 2am,209657,23-05-2024 02:00,32.21,52.47
2024,23-May 3am,203772,23-05-2024 03:00,31.89,50.1
2024,23-May 4am,199537,23-05-2024 04:00,31.73,54.03
2024,23-May 5am,198680,23-05-2024 05:00,32.1,54.08
2024,23-May 6am,198048,23-05-2024 06:00,34.43,50.24
2024,23-May 7am,197431,23-05-2024 07:00,34.43,51.08
2024,23-May 8am,199398,23-05-2024 08:00,33.84,54.97
2024,23-May 9am,206736,23-05-2024 09:00,37.03,37.99
2024,23-May 10am,215012,23-05-2024 10:00,36.71,38.25
2024,23-May 11am,220832,23-05-2024 11:00,37.5,36.83
2024,23-May 12pm,223510,23-05-2024 12:00,40.48,43.96
2024,23-May 1pm,226037,23-05-2024 13:00,40.15,42.44
2024,23-May 2pm,229697,23-05-2024 14:00,40.3,36.06
2024,23-May 3pm,235044,23-05-2024 15:00,41.22,44.82
2024,23-May 4pm,229109,23-05-2024 16:00,41.09,42.31
2024,23-May 5pm,220464,23-05-2024 17:00,40.55,43.51
2024,23-May 6pm,208249,23-05-2024 18:00,37.95,35.48
2024,23-May 7pm,212022,23-05-2024 19:00,38.17,40.05
2024,23-May 8pm,217524,23-05-2024 20:00,38.18,41.99
2024,23-May 9pm,217466,23-05-2024 21:00,34.87,50.43
2024,23-May 10pm,219940,23-05-2024 22:00,35.44,41.67
2024,23-May 11pm,221393,23-05-2024 23:00,34.67,53.18
2024,24-May 12am,219625,24-05-2024 00:00,32,48.74
2024,24-May 1am,216600,24-05-2024 01:00,32.19,53.49
2024,24-May 2am,212887,24-05-2024 02:00,32.2,46.63
2024,24-May 3am,207829,24-05-2024 03:00,32.15,47.71
2024,24-May 4am,204318,24-05-2024 04:00,31.78,45.43
2024,24-May 5am,204100,24-05-2024 05:00,31.66,48.64
2024,24-May 6am,202539,24-05-2024 06:00,34.14,48.8
2024,24-May 7am,201669,24-05-2024 07:00,34.1,53.05
2024,24-May 8am,202896,24-05-2024 08:00,33.68,51.53
2024,24-May 9am,212668,24-05-2024 09:00,37.21,39.37
2024,24-May 10am,222034,24-05-2024 10:00,36.96,41.52
2024,24-May 11am,228420,24-05-2024 11:00,37.17,35.53
2024,24-May 12pm,231771,24-05-2024 12:00,40.34,36.8
2024,24-May 1pm,231467,24-05-2024 13:00,39.67,41.27
2024,24-May 2pm,234564,24-05-2024 14:00,39.52,41.41
2024,24-May 3pm,238566,24-05-2024 15:00,41.28,42.74
2024,24-May 4pm,232901,24-05-2024 16:00,41.11,39.03
2024,24-May 5pm,222293,24-05-2024 17:00,41.2,42.23
2024,24-May 6pm,212617,24-05-2024 18:00,38.34,41.84
2024,24-May 7pm,214605,24-05-2024 19:00,38.3,44.63
2024,24-May 8pm,219231,24-05-2024 20:00,38.46,37.15
2024,24-May 9pm,218306,24-05-2024 21:00,35.04,40.52
2024,24-May 10pm,218303,24-05-2024 22:00,34.99,51.02
2024,24-May 11pm,221203,24-05-2024 23:00,34.9,54.99
2024,25-May 12am,222011,25-05-2024 00:00,31.65,47.01
2024,25-May 1am,217709,25-05-2024 01:00,32.07,50.23
2024,25-May 2am,212937,25-05-2024 02:00,31.78,48.46
2024,25-May 3am,208194,25-05-2024 03:00,32.42,50.26
2024,25-May 4am,204723,25-05-2024 04:00,32.08,47.32
2024,25-May 5am,203445,25-05-2024 05:00,32.09,45.48
2024,25-May 6am,202186,25-05-2024 06:00,33.85,50.73
2024,25-May 7am,200950,25-05-2024 07:00,33.55,48.36
2024,25-May 8am,201827,25-05-2024 08:00,33.53,46.82
2024,25-May 9am,208322,25-05-2024 09:00,36.92,38.24
2024,25-May 10am,215957,25-05-2024 10:00,36.58,35.49
2024,25-May 11am,220982,25-05-2024 11:00,37.11,44.5
2024,25-May 12pm,223438,25-05-2024 12:00,40.38,40.81
2024,25-May 1pm,223427,25-05-2024 13:00,40.38,43.15
2024,25-May 2pm,226757,25-05-2024 14:00,40.16,39.23
2024,25-May 3pm,232368,25-05-2024 15:00,40.71,44.03
2024,25-May 4pm,228709,25-05-2024 16:00,41.36,39.83
2024,25-May 5pm,218449,25-05-2024 17:00,41.39,40.74
2024,25-May 6pm,207372,25-05-2024 18:00,37.7,39.92
2024,25-May 7pm,210559,25-05-2024 19:00,38.24,42.33
2024,25-May 8pm,217741,25-05-2024 20:00,37.79,40.67
2024,25-May 9pm,220450,25-05-2024 21:00,35.3,37.72
2024,25-May 10pm,222140,25-05-2024 22:00,35.5,36.46
2024,25-May 11pm,223820,25-05-2024 23:00,34.53,51.06
2024,26-May 12am,220815,26-05-2024 00:00,32.4,49.89
2024,26-May 1am,217848,26-05-2024 01:00,32.12,45.96
2024,26-May 2am,213005,26-05-2024 02:00,32.47,48.96
2024,26-May 3am,207910,26-05-2024 03:00,31.97,50.15
2024,26-May 4am,203490,26-05-2024 04:00,32.35,53.27
2024,26-May 5am,202705,26-05-2024 05:00,31.56,45.76
2024,26-May 6am,199738,26-05-2024 06:00,33.84,48.48
2024,26-May 7am,195323,26-05-2024 07:00,33.57,53.23
2024,26-May 8am,195226,26-05-2024 08:00,34.48,51.48
2024,26-May 9am,198500,26-05-2024 09:00,37.32,37.9
2024,26-May 10am,202951,26-05-2024 10:00,37.35,43.45
2024,26-May 11am,207381,26-05-2024 11:00,37.44,39.93
2024,26-May 12pm,210020,26-05-2024 12:00,39.59,39.98
2024,26-May 1pm,211607,26-05-2024 13:00,39.89,44.77
2024,26-May 2pm,213344,26-05-2024 14:00,39.57,44.47
2024,26-May 3pm,216148,26-05-2024 15:00,40.71,38.59
2024,26-May 4pm,210017,26-05-2024 16:00,40.73,36.41
2024,26-May 5pm,200205,26-05-2024 17:00,40.97,38.26
2024,26-May 6pm,189122,26-05-2024 18:00,37.77,35.3
2024,26-May 7pm,191989,26-05-2024 19:00,37.6,35.21
2024,26-May 8pm,202573,26-05-2024 20:00,37.67,38.96
2024,26-May 9pm,208635,26-05-2024 21:00,34.65,54.41
2024,26-May 10pm,213088,26-05-2024 22:00,35.47,43.71
2024,26-May 11pm,215278,26-05-2024 23:00,35.26,40.11
2024,27-May 12am,211889,27-05-2024 00:00,32.47,50.65
2024,27-May 1am,206252,27-05-2024 01:00,31.94,45.06
2024,27-May 2am,200965,27-05-2024 02:00,31.78,47.16
2024,27-May 3am,195794,27-05-2024 03:00,32.3,45.25
2024,27-May 4am,192772,27-05-2024 04:00,31.83,52.55
2024,27-May 5am,193255,27-05-2024 05:00,31.8,46.46
2024,27-May 6am,193063,27-05-2024 06:00,33.73,53.69
2024,27-May 7am,193674,27-05-2024 07:00,33.63,51.43
2024,27-May 8am,196058,27-05-2024 08:00,33.76,47.29
2024,27-May 9am,202647,27-05-2024 09:00,36.86,36.58
2024,27-May 10am,209155,27-05-2024 10:00,37.17,41.28
2024,27-May 11am,213808,27-05-2024 11:00,36.56,44.01
2024,27-May 12pm,216059,27-05-2024 12:00,39.71,42.18
2024,27-May 1pm,216755,27-05-2024 13:00,40.31,38.49
2024,27-May 2pm,217440,27-05-2024 14:00,39.65,40.87
2024,27-May 3pm,220845,27-05-2024 15:00,40.84,38.11
2024,27-May 4pm,227168,27-05-2024 16:00,41.36,44.99
2024,27-May 5pm,219266,27-05-2024 17:00,40.65,42.49
2024,27-May 6pm,208999,27-05-2024 18:00,37.58,41.14
2024,27-May 7pm,210365,27-05-2024 19:00,37.98,39.23
2024,27-May 8pm,217055,27-05-2024 20:00,37.8,41.18
2024,27-May 9pm,218178,27-05-2024 21:00,35.06,38.42
2024,27-May 10pm,219470,27-05-2024 22:00,35.3,35.29
2024,27-May 11pm,221787,27-05-2024 23:00,34.64,48.95
2024,28-May 12am,219757,28-05-2024 00:00,32.08,54.3
2024,28-May 1am,214305,28-05-2024 01:00,32.01,51.26
2024,28-May 2am,209077,28-05-2024 02:00,31.64,45.84
2024,28-May 3am,204305,28-05-2024 03:00,32.12,53.85
2024,28-May 4am,201021,28-05-2024 04:00,31.77,47.69
2024,28-May 5am,201514,28-05-2024 05:00,31.99,47.44
2024,28-May 6am,199118,28-05-2024 06:00,33.58,47.97
2024,28-May 7am,199548,28-05-2024 07:00,33.96,50.77
2024,28-May 8am,200710,28-05-2024 08:00,33.81,50.45
2024,28-May 9am,207200,28-05-2024 09:00,37.32,39.91
2024,28-May 10am,216129,28-05-2024 10:00,36.56,42.18
2024,28-May 11am,221319,28-05-2024 11:00,36.92,38.17
2024,28-May 12pm,224887,28-05-2024 12:00,39.96,42.82
2024,28-May 1pm,226196,28-05-2024 13:00,40.23,36.75
2024,28-May 2pm,229654,28-05-2024 14:00,40.07,42.83
2024,28-May 3pm,236434,28-05-2024 15:00,41.17,41.64
2024,28-May 4pm,234747,28-05-2024 16:00,41.28,41.83
2024,28-May 5pm,225031,28-05-2024 17:00,41.36,39.82
2024,28-May 6pm,212809,28-05-2024 18:00,37.81,41.67
2024,28-May 7pm,214448,28-05-2024 19:00,38.04,35.8
2024,28-May 8pm,222853,28-05-2024 20:00,38.34,43.52
2024,28-May 9pm,225133,28-05-2024 21:00,35.49,35.56
2024,28-May 10pm,227542,28-05-2024 22:00,35.39,36.49
2024,28-May 11pm,229400,28-05-2024 23:00,34.87,50.77
2024,29-May 12am,227055,29-05-2024 00:00,31.7,52.39
2024,29-May 1am,221711,29-05-2024 01:00,31.99,45.76
2024,29-May 2am,216873,29-05-2024 02:00,32.24,54.21
2024,29-May 3am,211786,29-05-2024 03:00,31.99,54.74
2024,29-May 4am,208587,29-05-2024 04:00,31.98,51.06
2024,29-May 5am,207874,29-05-2024 05:00,32.34,49.81
2024,29-May 6am,206183,29-05-2024 06:00,33.86,52.41
2024,29-May 7am,205039,29-05-2024 07:00,34.36,48.28
2024,29-May 8am,205727,29-05-2024 08:00,33.91,49.93
2024,29-May 9am,213506,29-05-2024 09:00,36.83,44.16
2024,29-May 10am,224333,29-05-2024 10:00,36.95,44.56
2024,29-May 11am,229396,29-05-2024 11:00,37.26,44.27
2024,29-May 12pm,234650,29-05-2024 12:00,39.63,37.62
2024,29-May 1pm,235337,29-05-2024 13:00,39.7,37.32
2024,29-May 2pm,238676,29-05-2024 14:00,40.45,37.98
2024,29-May 3pm,244664,29-05-2024 15:00,40.68,39.41
2024,29-May 4pm,239728,29-05-2024 16:00,41.07,38.14
2024,29-May 5pm,228291,29-05-2024 17:00,41.08,38.74
2024,29-May 6pm,212822,29-05-2024 18:00,37.99,41.21
2024,29-May 7pm,213258,29-05-2024 19:00,38.14,42.63
2024,29-May 8pm,223438,29-05-2024 20:00,37.73,42.36
2024,29-May 9pm,225635,29-05-2024 21:00,35.05,43.14
2024,29-May 10pm,229375,29-05-2024 22:00,34.87,45.32
2024,29-May 11pm,232834,29-05-2024 23:00,35.16,35.48
2024,30-May 12am,230298,30-05-2024 00:00,31.64,52.89
2024,30-May 1am,226125,30-05-2024 01:00,32.07,50.33
2024,30-May 2am,220761,30-05-2024 02:00,31.69,50.78
2024,30-May 3am,216357,30-05-2024 03:00,31.78,45.53
2024,30-May 4am,213306,30-05-2024 04:00,31.72,47.55
2024,30-May 5am,213143,30-05-2024 05:00,31.68,51.38
2024,30-May 6am,211234,30-05-2024 06:00,34.33,53.59
2024,30-May 7am,209854,30-05-2024 07:00,33.79,54.17
2024,30-May 8am,211530,30-05-2024 08:00,34.43,50
2024,30-May 9am,220143,30-05-2024 09:00,37.47,40.45
2024,30-May 10am,231220,30-05-2024 10:00,37.07,43.33
2024,30-May 11am,238210,30-05-2024 11:00,36.64,40.38
2024,30-May 12pm,240924,30-05-2024 12:00,39.87,40.17
2024,30-May 1pm,242270,30-05-2024 13:00,40.3,44.05
2024,30-May 2pm,244616,30-05-2024 14:00,39.87,42.9
2024,30-May 3pm,248734,30-05-2024 15:00,40.59,44.09
2024,30-May 4pm,242148,30-05-2024 16:00,41.06,37.18
2024,30-May 5pm,232548,30-05-2024 17:00,41.35,40.24
2024,30-May 6pm,218754,30-05-2024 18:00,38.3,43.42
2024,30-May 7pm,218072,30-05-2024 19:00,37.68,36.11
2024,30-May 8pm,222797,30-05-2024 20:00,38.17,42.95
2024,30-May 9pm,223828,30-05-2024 21:00,34.72,46.83
2024,30-May 10pm,227605,30-05-2024 22:00,34.72,53.08
2024,30-May 11pm,230310,30-05-2024 23:00,35.37,41.12
2024,31-May 12am,226250,31-05-2024 00:00,31.75,46.93
2024,31-May 1am,220261,31-05-2024 01:00,31.76,49.73
2024,31-May 2am,215436,31-05-2024 02:00,31.5,51.82
2024,31-May 3am,211160,31-05-2024 03:00,32.37,51.34
2024,31-May 4am,208053,31-05-2024 04:00,32.29,49.27
2024,31-May 5am,208048,31-05-2024 05:00,32.13,53.99
2024,31-May 6am,206789,31-05-2024 06:00,34.25,50.19
2024,31-May 7am,206661,31-05-2024 07:00,33.65,50.06
2024,31-May 8am,207914,31-05-2024 08:00,33.96,45.62
2024,31-May 9am,215600,31-05-2024 09:00,36.85,44.22
2024,31-May 10am,227469,31-05-2024 10:00,36.59,36.77
2024,31-May 11am,234450,31-05-2024 11:00,36.99,40.28
2024,31-May 12pm,238725,31-05-2024 12:00,40.42,43.04
2024,31-May 1pm,239949,31-05-2024 13:00,39.54,37.15
2024,31-May 2pm,243305,31-05-2024 14:00,39.79,40.27
2024,31-May 3pm,248141,31-05-2024 15:00,40.71,37.41
2024,31-May 4pm,242696,31-05-2024 16:00,40.74,42.6
2024,31-May 5pm,232803,31-05-2024 17:00,41.41,40.64
2024,31-May 6pm,221335,31-05-2024 18:00,37.97,43.56
2024,31-May 7pm,218284,31-05-2024 19:00,37.97,43.95
2024,31-May 8pm,225348,31-05-2024 20:00,38.26,41.49
2024,31-May 9pm,225582,31-05-2024 21:00,34.65,52.25
2024,31-May 10pm,228280,31-05-2024 22:00,34.99,50.49
2024,31-May 11pm,231045,31-05-2024 23:00,34.93,48.84
2024,01-Jun 12am,228888,01-06-2024 00:00,30.1,51.48
2024,01-Jun 1am,225333,01-06-2024 01:00,30.5,54.08
2024,01-Jun 2am,220149,01-06-2024 02:00,30.27,49.17
2024,01-Jun 3am,215230,01-06-2024 03:00,29.9,48.14
2024,01-Jun 4am,211582,01-06-2024 04:00,30.33,48.88
2024,01-Jun 5am,211172,01-06-2024 05:00,29.67,49.35
2024,01-Jun 6am,209616,01-06-2024 06:00,31.53,45.74
2024,01-Jun 7am,207540,01-06-2024 07:00,31.7,49.98
2024,01-Jun 8am,206895,01-06-2024 08:00,31.84,49.94
2024,01-Jun 9am,212719,01-06-2024 09:00,35.01,40.88
2024,01-Jun 10am,224084,01-06-2024 10:00,35.12,38.63
2024,01-Jun 11am,231628,01-06-2024 11:00,35.41,41.13
2024,01-Jun 12pm,236196,01-06-2024 12:00,38.01,43.78
2024,01-Jun 1pm,237780,01-06-2024 13:00,38,44.55
2024,01-Jun 2pm,240608,01-06-2024 14:00,37.55,40.84
2024,01-Jun 3pm,241152,01-06-2024 15:00,38.53,35.43
2024,01-Jun 4pm,230350,01-06-2024 16:00,39.05,44.69
2024,01-Jun 5pm,214663,01-06-2024 17:00,38.94,42.06
2024,01-Jun 6pm,200649,01-06-2024 18:00,36.34,38.36
2024,01-Jun 7pm,199984,01-06-2024 19:00,35.66,36.47
2024,01-Jun 8pm,205859,01-06-2024 20:00,35.52,36.43
2024,01-Jun 9pm,209587,01-06-2024 21:00,32.95,46.68
2024,01-Jun 10pm,214698,01-06-2024 22:00,32.74,45.46
2024,01-Jun 11pm,219560,01-06-2024 23:00,32.55,54.02
2024,02-Jun 12am,218141,02-06-2024 00:00,30.22,50.41
2024,02-Jun 1am,213269,02-06-2024 01:00,29.61,52
2024,02-Jun 2am,207693,02-06-2024 02:00,30.11,53.28
2024,02-Jun 3am,203420,02-06-2024 03:00,29.78,52.92
2024,02-Jun 4am,198803,02-06-2024 04:00,29.67,53.83
2024,02-Jun 5am,198059,02-06-2024 05:00,29.88,54.67
2024,02-Jun 6am,196409,02-06-2024 06:00,32.3,49.39
2024,02-Jun 7am,193419,02-06-2024 07:00,31.89,54.5
2024,02-Jun 8am,191724,02-06-2024 08:00,32.25,52.23
2024,02-Jun 9am,195730,02-06-2024 09:00,34.63,45.71
2024,02-Jun 10am,202867,02-06-2024 10:00,35.27,41.82
2024,02-Jun 11am,208108,02-06-2024 11:00,34.74,51.87
2024,02-Jun 12pm,214017,02-06-2024 12:00,38.18,44.06
2024,02-Jun 1pm,216446,02-06-2024 13:00,38.07,38.73
2024,02-Jun 2pm,220686,02-06-2024 14:00,38.43,40.85
2024,02-Jun 3pm,223695,02-06-2024 15:00,38.89,35.12
2024,02-Jun 4pm,217494,02-06-2024 16:00,38.57,38.32
2024,02-Jun 5pm,205068,02-06-2024 17:00,38.52,35.62
2024,02-Jun 6pm,191151,02-06-2024 18:00,36.33,40.22
2024,02-Jun 7pm,192957,02-06-2024 19:00,36.02,43.17
2024,02-Jun 8pm,202253,02-06-2024 20:00,36.28,37.06
2024,02-Jun 9pm,206536,02-06-2024 21:00,32.73,50.27
2024,02-Jun 10pm,211114,02-06-2024 22:00,32.85,47.04
2024,02-Jun 11pm,212435,02-06-2024 23:00,32.53,46.21
2024,03-Jun 12am,210561,03-06-2024 00:00,30.46,50.11
2024,03-Jun 1am,206372,03-06-2024 01:00,30.17,45.79
2024,03-Jun 2am,201494,03-06-2024 02:00,30.43,50.87
2024,03-Jun 3am,196659,03-06-2024 03:00,29.77,45.31
2024,03-Jun 4am,193450,03-06-2024 04:00,30.11,46.07
2024,03-Jun 5am,192999,03-06-2024 05:00,30.18,50.5
2024,03-Jun 6am,192699,03-06-2024 06:00,31.82,50.91
2024,03-Jun 7am,193701,03-06-2024 07:00,32.35,45.29
2024,03-Jun 8am,195743,03-06-2024 08:00,32.45,50.73
2024,03-Jun 9am,203976,03-06-2024 09:00,35.38,43.39
2024,03-Jun 10am,215341,03-06-2024 10:00,35.24,42.22
2024,03-Jun 11am,224788,03-06-2024 11:00,34.78,46.31
2024,03-Jun 12pm,232510,03-06-2024 12:00,37.78,40.92
2024,03-Jun 1pm,231489,03-06-2024 13:00,38.46,41.72
2024,03-Jun 2pm,232645,03-06-2024 14:00,37.51,35.37
2024,03-Jun 3pm,234264,03-06-2024 15:00,39.22,43.55
2024,03-Jun 4pm,228073,03-06-2024 16:00,39.21,44.06
2024,03-Jun 5pm,221885,03-06-2024 17:00,39.12,43.5
2024,03-Jun 6pm,208794,03-06-2024 18:00,36.49,43.25
2024,03-Jun 7pm,209798,03-06-2024 19:00,35.81,42.45
2024,03-Jun 8pm,213002,03-06-2024 20:00,35.84,41.33
2024,03-Jun 9pm,212701,03-06-2024 21:00,32.58,51.79
2024,03-Jun 10pm,215007,03-06-2024 22:00,32.94,53.06
2024,03-Jun 11pm,217284,03-06-2024 23:00,32.76,51.62
2024,04-Jun 12am,214664,04-06-2024 00:00,29.84,48.28
2024,04-Jun 1am,212584,04-06-2024 01:00,30.33,48.76
2024,04-Jun 2am,206082,04-06-2024 02:00,30.44,53.97
2024,04-Jun 3am,199722,04-06-2024 03:00,29.69,45.17
2024,04-Jun 4am,195934,04-06-2024 04:00,29.87,51.99
2024,04-Jun 5am,196596,04-06-2024 05:00,30.43,54.55
2024,04-Jun 6am,197509,04-06-2024 06:00,31.56,52.06
2024,04-Jun 7am,198110,04-06-2024 07:00,31.59,54.94
2024,04-Jun 8am,200910,04-06-2024 08:00,31.66,51.88
2024,04-Jun 9am,210904,04-06-2024 09:00,35.1,35.34
2024,04-Jun 10am,222159,04-06-2024 10:00,34.65,53.27
2024,04-Jun 11am,230811,04-06-2024 11:00,35.47,37.85
2024,04-Jun 12pm,234577,04-06-2024 12:00,37.95,39.46
2024,04-Jun 1pm,236113,04-06-2024 13:00,38,38.12
2024,04-Jun 2pm,237390,04-06-2024 14:00,37.75,37.69
2024,04-Jun 3pm,239112,04-06-2024 15:00,38.97,39.31
2024,04-Jun 4pm,231184,04-06-2024 16:00,39.16,38.79
2024,04-Jun 5pm,221057,04-06-2024 17:00,39.25,41.33
2024,04-Jun 6pm,204865,04-06-2024 18:00,36.25,43.13
2024,04-Jun 7pm,207042,04-06-2024 19:00,36.08,37.97
2024,04-Jun 8pm,213894,04-06-2024 20:00,36.4,37.14
2024,04-Jun 9pm,216031,04-06-2024 21:00,33.32,51.67
2024,04-Jun 10pm,221483,04-06-2024 22:00,33.26,51.7
2024,04-Jun 11pm,223847,04-06-2024 23:00,32.56,54.01
2024,05-Jun 12am,219780,05-06-2024 00:00,29.51,45.16
2024,05-Jun 1am,214440,05-06-2024 01:00,29.71,53.53
2024,05-Jun 2am,208481,05-06-2024 02:00,30.16,50.21
2024,05-Jun 3am,203539,05-06-2024 03:00,29.91,51.21
2024,05-Jun 4am,200355,05-06-2024 04:00,29.9,45.91
2024,05-Jun 5am,200146,05-06-2024 05:00,30.38,49.33
2024,05-Jun 6am,198912,05-06-2024 06:00,32.4,47.27
2024,05-Jun 7am,199646,05-06-2024 07:00,32.41,47.54
2024,05-Jun 8am,201430,05-06-2024 08:00,31.81,50.04
2024,05-Jun 9am,206448,05-06-2024 09:00,35.19,43.12
2024,05-Jun 10am,216852,05-06-2024 10:00,34.77,52.44
2024,05-Jun 11am,224798,05-06-2024 11:00,34.69,50.91
2024,05-Jun 12pm,229251,05-06-2024 12:00,37.68,40.39
2024,05-Jun 1pm,231703,05-06-2024 13:00,37.84,39.27
2024,05-Jun 2pm,234097,05-06-2024 14:00,37.93,44.73
2024,05-Jun 3pm,236680,05-06-2024 15:00,39.33,40.6
2024,05-Jun 4pm,230270,05-06-2024 16:00,38.62,37.54
2024,05-Jun 5pm,221066,05-06-2024 17:00,39.23,37.3
2024,05-Jun 6pm,206177,05-06-2024 18:00,36.03,41.11
2024,05-Jun 7pm,205699,05-06-2024 19:00,35.79,40.23
2024,05-Jun 8pm,209742,05-06-2024 20:00,35.99,35.08
2024,05-Jun 9pm,208157,05-06-2024 21:00,32.8,53.3
2024,05-Jun 10pm,204915,05-06-2024 22:00,33.1,52.04
2024,05-Jun 11pm,206923,05-06-2024 23:00,32.93,51.62
2024,06-Jun 12am,203837,06-06-2024 00:00,29.66,45.69
2024,06-Jun 1am,197623,06-06-2024 01:00,29.62,48.62
2024,06-Jun 2am,193446,06-06-2024 02:00,30.05,54.35
2024,06-Jun 3am,187506,06-06-2024 03:00,30.4,53.63
2024,06-Jun 4am,182769,06-06-2024 04:00,29.84,47.86
2024,06-Jun 5am,181830,06-06-2024 05:00,30.23,46.57
2024,06-Jun 6am,181709,06-06-2024 06:00,32.16,49.49
2024,06-Jun 7am,182071,06-06-2024 07:00,32.43,48.56
2024,06-Jun 8am,184507,06-06-2024 08:00,32.32,51.82
2024,06-Jun 9am,190188,06-06-2024 09:00,35.07,44.66
2024,06-Jun 10am,200828,06-06-2024 10:00,35.16,38.63
2024,06-Jun 11am,208001,06-06-2024 11:00,35.4,35.62
2024,06-Jun 12pm,213787,06-06-2024 12:00,37.9,43.98
2024,06-Jun 1pm,217943,06-06-2024 13:00,37.83,35.38
2024,06-Jun 2pm,223228,06-06-2024 14:00,37.51,44.53
2024,06-Jun 3pm,229177,06-06-2024 15:00,39.33,41.65
2024,06-Jun 4pm,225614,06-06-2024 16:00,39.3,44.42
2024,06-Jun 5pm,216738,06-06-2024 17:00,38.6,37
2024,06-Jun 6pm,205414,06-06-2024 18:00,36.08,35.41
2024,06-Jun 7pm,204552,06-06-2024 19:00,35.96,39.88
2024,06-Jun 8pm,209280,06-06-2024 20:00,35.62,39.51
2024,06-Jun 9pm,209474,06-06-2024 21:00,33.48,48.31
2024,06-Jun 10pm,212244,06-06-2024 22:00,32.71,54.58
2024,06-Jun 11pm,209446,06-06-2024 23:00,32.57,53.23
2024,07-Jun 12am,205354,07-06-2024 00:00,30.09,51.62
2024,07-Jun 1am,203188,07-06-2024 01:00,30.24,46.63
2024,07-Jun 2am,199305,07-06-2024 02:00,29.53,52.34
2024,07-Jun 3am,194504,07-06-2024 03:00,30.16,52.27
2024,07-Jun 4am,189766,07-06-2024 04:00,30.03,49.25
2024,07-Jun 5am,189134,07-06-2024 05:00,29.6,54.25
2024,07-Jun 6am,188990,07-06-2024 06:00,31.67,46.67
2024,07-Jun 7am,190449,07-06-2024 07:00,32.07,47.67
2024,07-Jun 8am,192089,07-06-2024 08:00,31.8,45.63
2024,07-Jun 9am,199986,07-06-2024 09:00,35.44,42.95
2024,07-Jun 10am,209168,07-06-2024 10:00,35.32,41.22
2024,07-Jun 11am,216231,07-06-2024 11:00,35.48,38.15
2024,07-Jun 12pm,220095,07-06-2024 12:00,37.76,36.64
2024,07-Jun 1pm,222545,07-06-2024 13:00,38.47,35.4
2024,07-Jun 2pm,225251,07-06-2024 14:00,37.93,36.67
2024,07-Jun 3pm,229749,07-06-2024 15:00,38.85,39.53
2024,07-Jun 4pm,224518,07-06-2024 16:00,38.55,37.47
2024,07-Jun 5pm,215961,07-06-2024 17:00,38.55,37.59
2024,07-Jun 6pm,203921,07-06-2024 18:00,36.19,43.76
2024,07-Jun 7pm,206038,07-06-2024 19:00,35.96,40.15
2024,07-Jun 8pm,210902,07-06-2024 20:00,35.73,42.29
2024,07-Jun 9pm,213504,07-06-2024 21:00,33.11,45.36
2024,07-Jun 10pm,216095,07-06-2024 22:00,32.75,48.65
2024,07-Jun 11pm,218011,07-06-2024 23:00,33.08,49.79
2024,08-Jun 12am,214690,08-06-2024 00:00,29.86,46.86
2024,08-Jun 1am,209440,08-06-2024 01:00,30.32,46.2
2024,08-Jun 2am,203234,08-06-2024 02:00,30.32,53.7
2024,08-Jun 3am,196804,08-06-2024 03:00,29.98,54.39
2024,08-Jun 4am,192043,08-06-2024 04:00,29.85,45.79
2024,08-Jun 5am,190480,08-06-2024 05:00,29.86,48.49
2024,08-Jun 6am,188386,08-06-2024 06:00,32.31,54.58
2024,08-Jun 7am,190033,08-06-2024 07:00,31.83,45.83
2024,08-Jun 8am,191085,08-06-2024 08:00,31.71,51.44
2024,08-Jun 9am,196076,08-06-2024 09:00,34.58,54.72
2024,08-Jun 10am,203768,08-06-2024 10:00,34.97,54.78
2024,08-Jun 11am,208589,08-06-2024 11:00,34.98,49.71
2024,08-Jun 12pm,211843,08-06-2024 12:00,38.34,36.63
2024,08-Jun 1pm,213720,08-06-2024 13:00,37.72,37.02
2024,08-Jun 2pm,217528,08-06-2024 14:00,37.88,43.9
2024,08-Jun 3pm,223799,08-06-2024 15:00,39.31,44.12
2024,08-Jun 4pm,221537,08-06-2024 16:00,39.32,41.08
2024,08-Jun 5pm,213134,08-06-2024 17:00,38.88,42.66
2024,08-Jun 6pm,203360,08-06-2024 18:00,35.96,42.4
2024,08-Jun 7pm,206277,08-06-2024 19:00,35.8,41.62
2024,08-Jun 8pm,211945,08-06-2024 20:00,36.43,43.27
2024,08-Jun 9pm,213932,08-06-2024 21:00,32.62,51.85
2024,08-Jun 10pm,215893,08-06-2024 22:00,33.43,50.34
2024,08-Jun 11pm,218363,08-06-2024 23:00,33.18,47.37
2024,09-Jun 12am,216171,09-06-2024 00:00,30.03,52.44
2024,09-Jun 1am,209962,09-06-2024 01:00,29.53,49.73
2024,09-Jun 2am,204470,09-06-2024 02:00,29.98,47.95
2024,09-Jun 3am,198796,09-06-2024 03:00,29.91,53.02
2024,09-Jun 4am,194583,09-06-2024 04:00,29.66,51.97
2024,09-Jun 5am,192834,09-06-2024 05:00,30.16,54.37
2024,09-Jun 6am,193009,09-06-2024 06:00,32.47,46.65
2024,09-Jun 7am,191106,09-06-2024 07:00,32.06,51.49
2024,09-Jun 8am,189648,09-06-2024 08:00,32.21,47.44
2024,09-Jun 9am,191180,09-06-2024 09:00,34.57,54.04
2024,09-Jun 10am,195684,09-06-2024 10:00,34.92,45.99
2024,09-Jun 11am,199822,09-06-2024 11:00,34.62,51.56
2024,09-Jun 12pm,203665,09-06-2024 12:00,38.11,42.91
2024,09-Jun 1pm,205660,09-06-2024 13:00,38.44,38.55
2024,09-Jun 2pm,208461,09-06-2024 14:00,38.16,44.54
2024,09-Jun 3pm,211460,09-06-2024 15:00,38.58,43.51
2024,09-Jun 4pm,207383,09-06-2024 16:00,38.85,37.95
2024,09-Jun 5pm,196546,09-06-2024 17:00,39.05,35.08
2024,09-Jun 6pm,185774,09-06-2024 18:00,35.9,37.97
2024,09-Jun 7pm,191545,09-06-2024 19:00,36.33,37.81
2024,09-Jun 8pm,201199,09-06-2024 20:00,36.31,43.9
2024,09-Jun 9pm,204231,09-06-2024 21:00,33.11,54.67
2024,09-Jun 10pm,208446,09-06-2024 22:00,32.87,45.7
2024,09-Jun 11pm,210741,09-06-2024 23:00,32.76,49.71
2024,10-Jun 12am,206198,10-06-2024 00:00,29.61,50.48
2024,10-Jun 1am,201104,10-06-2024 01:00,29.85,45.93
2024,10-Jun 2am,195704,10-06-2024 02:00,29.91,48.77
2024,10-Jun 3am,190381,10-06-2024 03:00,30.18,48.17
2024,10-Jun 4am,187047,10-06-2024 04:00,30.16,50.36
2024,10-Jun 5am,187752,10-06-2024 05:00,29.57,51.61
2024,10-Jun 6am,189490,10-06-2024 06:00,31.9,52.03
2024,10-Jun 7am,193635,10-06-2024 07:00,31.68,46.37
2024,10-Jun 8am,196121,10-06-2024 08:00,31.66,53.13
2024,10-Jun 9am,203021,10-06-2024 09:00,35.33,41.79
2024,10-Jun 10am,210807,10-06-2024 10:00,34.54,53.89
2024,10-Jun 11am,216684,10-06-2024 11:00,34.92,49.49
2024,10-Jun 12pm,220956,10-06-2024 12:00,37.67,43.94
2024,10-Jun 1pm,221399,10-06-2024 13:00,38.38,43.66
2024,10-Jun 2pm,222628,10-06-2024 14:00,38.06,39.38
2024,10-Jun 3pm,227161,10-06-2024 15:00,38.73,38.81
2024,10-Jun 4pm,223766,10-06-2024 16:00,39,44.33
2024,10-Jun 5pm,216047,10-06-2024 17:00,39.23,42.15
2024,10-Jun 6pm,204426,10-06-2024 18:00,36.46,44.28
2024,10-Jun 7pm,207995,10-06-2024 19:00,35.72,42.97
2024,10-Jun 8pm,214937,10-06-2024 20:00,36.39,41.09
2024,10-Jun 9pm,216487,10-06-2024 21:00,33.43,46.16
2024,10-Jun 10pm,218552,10-06-2024 22:00,33.42,47.91
2024,10-Jun 11pm,220265,10-06-2024 23:00,33.14,54.69
2024,11-Jun 12am,215939,11-06-2024 00:00,30.13,48.19
2024,11-Jun 1am,210690,11-06-2024 01:00,29.9,45.93
2024,11-Jun 2am,205677,11-06-2024 02:00,30.25,52.08
2024,11-Jun 3am,200867,11-06-2024 03:00,30.03,52.34
2024,11-Jun 4am,196714,11-06-2024 04:00,30.18,47.85
2024,11-Jun 5am,196953,11-06-2024 05:00,29.93,47.98
2024,11-Jun 6am,197122,11-06-2024 06:00,32.23,49.69
2024,11-Jun 7am,199751,11-06-2024 07:00,32.32,45.22
2024,11-Jun 8am,200864,11-06-2024 08:00,31.65,52.89
2024,11-Jun 9am,205989,11-06-2024 09:00,35.33,38.17
2024,11-Jun 10am,216304,11-06-2024 10:00,35.04,43.54
2024,11-Jun 11am,221424,11-06-2024 11:00,35.34,43.03
2024,11-Jun 12pm,224446,11-06-2024 12:00,37.93,41.61
2024,11-Jun 1pm,224457,11-06-2024 13:00,37.88,38.25
2024,11-Jun 2pm,226197,11-06-2024 14:00,38.42,40.16
2024,11-Jun 3pm,229324,11-06-2024 15:00,38.75,39.45
2024,11-Jun 4pm,226033,11-06-2024 16:00,39.34,38.39
2024,11-Jun 5pm,217625,11-06-2024 17:00,38.98,43.48
2024,11-Jun 6pm,207860,11-06-2024 18:00,36.01,39.84
2024,11-Jun 7pm,209916,11-06-2024 19:00,35.81,43.33
2024,11-Jun 8pm,216673,11-06-2024 20:00,36.07,36.05
2024,11-Jun 9pm,217765,11-06-2024 21:00,32.83,46.41
2024,11-Jun 10pm,220446,11-06-2024 22:00,32.54,54.77
2024,11-Jun 11pm,222131,11-06-2024 23:00,32.77,50.88
2024,12-Jun 12am,218628,12-06-2024 00:00,29.51,50.1
2024,12-Jun 1am,213235,12-06-2024 01:00,30.48,50.23
2024,12-Jun 2am,207996,12-06-2024 02:00,30.47,47.15
2024,12-Jun 3am,202595,12-06-2024 03:00,29.9,52.19
2024,12-Jun 4am,199205,12-06-2024 04:00,30.23,45.85
2024,12-Jun 5am,199926,12-06-2024 05:00,29.85,50.73
2024,12-Jun 6am,199361,12-06-2024 06:00,32.17,50.71
2024,12-Jun 7am,201503,12-06-2024 07:00,32.31,54.14
2024,12-Jun 8am,202269,12-06-2024 08:00,32.45,50.26
2024,12-Jun 9am,207690,12-06-2024 09:00,34.9,46.37
2024,12-Jun 10am,217227,12-06-2024 10:00,35.28,40.73
2024,12-Jun 11am,222238,12-06-2024 11:00,34.77,45.91
2024,12-Jun 12pm,225485,12-06-2024 12:00,38.49,37.04
2024,12-Jun 1pm,226033,12-06-2024 13:00,37.53,35.31
2024,12-Jun 2pm,227191,12-06-2024 14:00,38.1,40.13
2024,12-Jun 3pm,232118,12-06-2024 15:00,39.16,35.85
2024,12-Jun 4pm,228393,12-06-2024 16:00,39.19,39.69
2024,12-Jun 5pm,220311,12-06-2024 17:00,38.62,44.33
2024,12-Jun 6pm,207582,12-06-2024 18:00,36.44,42.2
2024,12-Jun 7pm,209367,12-06-2024 19:00,35.68,35.77
2024,12-Jun 8pm,215406,12-06-2024 20:00,36.12,37.24
2024,12-Jun 9pm,218271,12-06-2024 21:00,32.72,51.74
2024,12-Jun 10pm,220452,12-06-2024 22:00,32.81,53.95
2024,12-Jun 11pm,221712,12-06-2024 23:00,33.05,45.33
2024,13-Jun 12am,218834,13-06-2024 00:00,29.92,53.12
2024,13-Jun 1am,213244,13-06-2024 01:00,29.66,50.62
2024,13-Jun 2am,206866,13-06-2024 02:00,29.67,50.46
2024,13-Jun 3am,203319,13-06-2024 03:00,29.92,54.58
2024,13-Jun 4am,199115,13-06-2024 04:00,30.26,52.48
2024,13-Jun 5am,200101,13-06-2024 05:00,30.4,53.5
2024,13-Jun 6am,200316,13-06-2024 06:00,31.58,48.54
2024,13-Jun 7am,203523,13-06-2024 07:00,31.89,50.54
2024,13-Jun 8am,202247,13-06-2024 08:00,31.6,51.15
2024,13-Jun 9am,206872,13-06-2024 09:00,34.52,48.22
2024,13-Jun 10am,216571,13-06-2024 10:00,35.16,40.7
2024,13-Jun 11am,222114,13-06-2024 11:00,35.1,37.37
2024,13-Jun 12pm,225906,13-06-2024 12:00,37.66,36.43
2024,13-Jun 1pm,228166,13-06-2024 13:00,37.73,38.74
2024,13-Jun 2pm,230297,13-06-2024 14:00,37.52,42.39
2024,13-Jun 3pm,233178,13-06-2024 15:00,39.33,44.16
2024,13-Jun 4pm,228440,13-06-2024 16:00,39.47,39.58
2024,13-Jun 5pm,217735,13-06-2024 17:00,38.64,41.43
2024,13-Jun 6pm,208217,13-06-2024 18:00,35.73,36.03
2024,13-Jun 7pm,208963,13-06-2024 19:00,36.37,44.04
2024,13-Jun 8pm,215156,13-06-2024 20:00,36.43,40.69
2024,13-Jun 9pm,218195,13-06-2024 21:00,32.92,52.8
2024,13-Jun 10pm,221390,13-06-2024 22:00,32.55,52.94
2024,13-Jun 11pm,224164,13-06-2024 23:00,32.54,47.56
2024,14-Jun 12am,220693,14-06-2024 00:00,30.07,50.29
2024,14-Jun 1am,214626,14-06-2024 01:00,29.89,54.6
2024,14-Jun 2am,209172,14-06-2024 02:00,29.53,45.9
2024,14-Jun 3am,204172,14-06-2024 03:00,30.08,51.83
2024,14-Jun 4am,200911,14-06-2024 04:00,29.51,54.62
2024,14-Jun 5am,203097,14-06-2024 05:00,30.29,48.01
2024,14-Jun 6am,203882,14-06-2024 06:00,31.81,53.61
2024,14-Jun 7am,206228,14-06-2024 07:00,31.54,54.34
2024,14-Jun 8am,206134,14-06-2024 08:00,32.09,52.47
2024,14-Jun 9am,210371,14-06-2024 09:00,34.9,47.31
2024,14-Jun 10am,218780,14-06-2024 10:00,35.47,38.34
2024,14-Jun 11am,224724,14-06-2024 11:00,35.04,35.36
2024,14-Jun 12pm,227417,14-06-2024 12:00,37.78,43.31
2024,14-Jun 1pm,228556,14-06-2024 13:00,38.21,43.5
2024,14-Jun 2pm,229381,14-06-2024 14:00,37.77,41.33
2024,14-Jun 3pm,231632,14-06-2024 15:00,39.4,38.53
2024,14-Jun 4pm,227001,14-06-2024 16:00,38.87,35.77
2024,14-Jun 5pm,217804,14-06-2024 17:00,39.05,42.53
2024,14-Jun 6pm,208215,14-06-2024 18:00,35.55,42.27
2024,14-Jun 7pm,208048,14-06-2024 19:00,35.93,44.13
2024,14-Jun 8pm,215352,14-06-2024 20:00,36.33,42.31
2024,14-Jun 9pm,218542,14-06-2024 21:00,33.31,53.29
2024,14-Jun 10pm,220734,14-06-2024 22:00,32.72,52.46
2024,14-Jun 11pm,221596,14-06-2024 23:00,32.73,51.31
2024,15-Jun 12am,220450,15-06-2024 00:00,30.32,49.27
2024,15-Jun 1am,216672,15-06-2024 01:00,30.43,54.02
2024,15-Jun 2am,211382,15-06-2024 02:00,29.6,51.51
2024,15-Jun 3am,207284,15-06-2024 03:00,29.95,48.98
2024,15-Jun 4am,204771,15-06-2024 04:00,29.84,45.83
2024,15-Jun 5am,205541,15-06-2024 05:00,30.37,47.91
2024,15-Jun 6am,204348,15-06-2024 06:00,31.58,50.44
2024,15-Jun 7am,206407,15-06-2024 07:00,31.71,47.76
2024,15-Jun 8am,206847,15-06-2024 08:00,32.25,47.21
2024,15-Jun 9am,210733,15-06-2024 09:00,34.55,50.27
2024,15-Jun 10am,217934,15-06-2024 10:00,34.99,46.7
2024,15-Jun 11am,223195,15-06-2024 11:00,34.94,53
2024,15-Jun 12pm,227664,15-06-2024 12:00,37.83,39.84
2024,15-Jun 1pm,229049,15-06-2024 13:00,37.89,40.74
2024,15-Jun 2pm,231518,15-06-2024 14:00,38.03,36.47
2024,15-Jun 3pm,237393,15-06-2024 15:00,38.66,38.25
2024,15-Jun 4pm,233945,15-06-2024 16:00,39.07,39.1
2024,15-Jun 5pm,224452,15-06-2024 17:00,39.31,43.08
2024,15-Jun 6pm,211999,15-06-2024 18:00,36.26,42.7
2024,15-Jun 7pm,213738,15-06-2024 19:00,35.65,37.23
2024,15-Jun 8pm,218891,15-06-2024 20:00,35.65,41.16
2024,15-Jun 9pm,218774,15-06-2024 21:00,32.77,47.43
2024,15-Jun 10pm,220067,15-06-2024 22:00,32.86,54.88
2024,15-Jun 11pm,220828,15-06-2024 23:00,32.91,54.52
2024,16-Jun 12am,220017,16-06-2024 00:00,30.18,50.63
2024,16-Jun 1am,217159,16-06-2024 01:00,29.56,51.99
2024,16-Jun 2am,213560,16-06-2024 02:00,29.53,53.01
2024,16-Jun 3am,209395,16-06-2024 03:00,29.89,52.21
2024,16-Jun 4am,207209,16-06-2024 04:00,30.2,52
2024,16-Jun 5am,206630,16-06-2024 05:00,29.69,54.59
2024,16-Jun 6am,205431,16-06-2024 06:00,32.14,50.96
2024,16-Jun 7am,205042,16-06-2024 07:00,31.76,51.36
2024,16-Jun 8am,204303,16-06-2024 08:00,32.39,53.49
2024,16-Jun 9am,206374,16-06-2024 09:00,35.4,41.7
2024,16-Jun 10am,211760,16-06-2024 10:00,34.8,52.33
2024,16-Jun 11am,215761,16-06-2024 11:00,34.73,47.34
2024,16-Jun 12pm,218835,16-06-2024 12:00,37.91,38.71
2024,16-Jun 1pm,221581,16-06-2024 13:00,37.74,36.47
2024,16-Jun 2pm,225112,16-06-2024 14:00,38.17,40.06
2024,16-Jun 3pm,229338,16-06-2024 15:00,39.33,39.56
2024,16-Jun 4pm,225016,16-06-2024 16:00,39.17,44.97
2024,16-Jun 5pm,213836,16-06-2024 17:00,39.32,41.11
2024,16-Jun 6pm,200886,16-06-2024 18:00,35.9,42.86
2024,16-Jun 7pm,201705,16-06-2024 19:00,35.66,38.34
2024,16-Jun 8pm,211184,16-06-2024 20:00,36.24,43.32
2024,16-Jun 9pm,213508,16-06-2024 21:00,32.86,51.15
2024,16-Jun 10pm,217387,16-06-2024 22:00,33.17,51.97
2024,16-Jun 11pm,218454,16-06-2024 23:00,32.77,47.94
2024,17-Jun 12am,217257,17-06-2024 00:00,29.58,50.49
2024,17-Jun 1am,214318,17-06-2024 01:00,30.49,51.34
2024,17-Jun 2am,210173,17-06-2024 02:00,29.66,50.89
2024,17-Jun 3am,207243,17-06-2024 03:00,30.49,54.15
2024,17-Jun 4am,204927,17-06-2024 04:00,30.48,53.98
2024,17-Jun 5am,204673,17-06-2024 05:00,30.29,54.71
2024,17-Jun 6am,203759,17-06-2024 06:00,32.16,51.67
2024,17-Jun 7am,206868,17-06-2024 07:00,32.08,54.72
2024,17-Jun 8am,209048,17-06-2024 08:00,32.37,53.32
2024,17-Jun 9am,215455,17-06-2024 09:00,34.79,47.71
2024,17-Jun 10am,224392,17-06-2024 10:00,34.97,49.27
2024,17-Jun 11am,231599,17-06-2024 11:00,35.12,37.38
2024,17-Jun 12pm,235121,17-06-2024 12:00,37.91,35.04
2024,17-Jun 1pm,236411,17-06-2024 13:00,37.93,36.88
2024,17-Jun 2pm,225941,17-06-2024 14:00,37.83,35.04
2024,17-Jun 3pm,238092,17-06-2024 15:00,39.06,42.2
2024,17-Jun 4pm,234611,17-06-2024 16:00,39.35,39.26
2024,17-Jun 5pm,223140,17-06-2024 17:00,38.7,38.13
2024,17-Jun 6pm,215320,17-06-2024 18:00,36.43,42.62
2024,17-Jun 7pm,214826,17-06-2024 19:00,36.19,43.32
2024,17-Jun 8pm,220258,17-06-2024 20:00,36.32,44.75
2024,17-Jun 9pm,222692,17-06-2024 21:00,33.06,51.42
2024,17-Jun 10pm,224987,17-06-2024 22:00,33.28,49.62
2024,17-Jun 11pm,225625,17-06-2024 23:00,32.52,48.05
2024,18-Jun 12am,223100,18-06-2024 00:00,30.32,47.22
2024,18-Jun 1am,218954,18-06-2024 01:00,29.54,47.13
2024,18-Jun 2am,214938,18-06-2024 02:00,30.39,49.09
2024,18-Jun 3am,211420,18-06-2024 03:00,30.49,54.92
2024,18-Jun 4am,208066,18-06-2024 04:00,29.79,45.01
2024,18-Jun 5am,207899,18-06-2024 05:00,29.71,46.97
2024,18-Jun 6am,208373,18-06-2024 06:00,32.27,46.88
2024,18-Jun 7am,212396,18-06-2024 07:00,31.75,52.17
2024,18-Jun 8am,214335,18-06-2024 08:00,32.37,48.52
2024,18-Jun 9am,218380,18-06-2024 09:00,34.6,49.57
2024,18-Jun 10am,225888,18-06-2024 10:00,34.63,46.49
2024,18-Jun 11am,227466,18-06-2024 11:00,35.48,39.05
2024,18-Jun 12pm,229766,18-06-2024 12:00,38.17,36.03
2024,18-Jun 1pm,231147,18-06-2024 13:00,38.35,40.33
2024,18-Jun 2pm,233251,18-06-2024 14:00,37.82,35.98
2024,18-Jun 3pm,237873,18-06-2024 15:00,39.18,42.91
2024,18-Jun 4pm,234666,18-06-2024 16:00,39.09,40.67
2024,18-Jun 5pm,225891,18-06-2024 17:00,39.1,42.24
2024,18-Jun 6pm,215032,18-06-2024 18:00,36.18,39.19
2024,18-Jun 7pm,214018,18-06-2024 19:00,36.08,38.81
2024,18-Jun 8pm,217893,18-06-2024 20:00,35.93,35.98
2024,18-Jun 9pm,218355,18-06-2024 21:00,32.78,50.24
2024,18-Jun 10pm,219794,18-06-2024 22:00,33.27,50.15
2024,18-Jun 11pm,222140,18-06-2024 23:00,32.73,49.68
2024,19-Jun 12am,217622,19-06-2024 00:00,30.19,52.41
2024,19-Jun 1am,214027,19-06-2024 01:00,29.73,53.33
2024,19-Jun 2am,209813,19-06-2024 02:00,30.13,52.51
2024,19-Jun 3am,207298,19-06-2024 03:00,30.25,46.44
2024,19-Jun 4am,205164,19-06-2024 04:00,29.72,51.22
2024,19-Jun 5am,204037,19-06-2024 05:00,29.56,45.8
2024,19-Jun 6am,207554,19-06-2024 06:00,31.63,51.95
2024,19-Jun 7am,210160,19-06-2024 07:00,32.11,48.82
2024,19-Jun 8am,211180,19-06-2024 08:00,32.35,46.32
2024,19-Jun 9am,215074,19-06-2024 09:00,34.54,53.62
2024,19-Jun 10am,222246,19-06-2024 10:00,35.23,41.14
2024,19-Jun 11am,226455,19-06-2024 11:00,34.84,48.55
2024,19-Jun 12pm,229351,19-06-2024 12:00,37.98,35.31
2024,19-Jun 1pm,229919,19-06-2024 13:00,38.43,40.37
2024,19-Jun 2pm,233425,19-06-2024 14:00,37.83,44.23
2024,19-Jun 3pm,237268,19-06-2024 15:00,38.97,40.96
2024,19-Jun 4pm,233715,19-06-2024 16:00,38.51,44.72
2024,19-Jun 5pm,224438,19-06-2024 17:00,38.58,36.36
2024,19-Jun 6pm,212937,19-06-2024 18:00,35.76,40.68
2024,19-Jun 7pm,212111,19-06-2024 19:00,35.53,42.98
2024,19-Jun 8pm,215787,19-06-2024 20:00,36.13,40.26
2024,19-Jun 9pm,212339,19-06-2024 21:00,32.93,45.91
2024,19-Jun 10pm,215508,19-06-2024 22:00,33.05,50.83
2024,19-Jun 11pm,211716,19-06-2024 23:00,32.67,51.12
2024,20-Jun 12am,208425,20-06-2024 00:00,29.8,52.29
2024,20-Jun 1am,203882,20-06-2024 01:00,30.16,52.61
2024,20-Jun 2am,199222,20-06-2024 02:00,30.47,52.71
2024,20-Jun 3am,194456,20-06-2024 03:00,29.55,51.63
2024,20-Jun 4am,189578,20-06-2024 04:00,30.39,47.16
2024,20-Jun 5am,188425,20-06-2024 05:00,30.08,49.04
2024,20-Jun 6am,189758,20-06-2024 06:00,32.06,52.76
2024,20-Jun 7am,193595,20-06-2024 07:00,32,54.53
2024,20-Jun 8am,196139,20-06-2024 08:00,31.57,45.79
2024,20-Jun 9am,201910,20-06-2024 09:00,34.59,50.36
2024,20-Jun 10am,212673,20-06-2024 10:00,35.1,38.13
2024,20-Jun 11am,218343,20-06-2024 11:00,34.84,47.25
2024,20-Jun 12pm,223022,20-06-2024 12:00,38.42,40.06
2024,20-Jun 1pm,223692,20-06-2024 13:00,37.91,41.06
2024,20-Jun 2pm,223776,20-06-2024 14:00,37.64,35.1
2024,20-Jun 3pm,228309,20-06-2024 15:00,39.21,42.8
2024,20-Jun 4pm,224558,20-06-2024 16:00,38.79,43.2
2024,20-Jun 5pm,215597,20-06-2024 17:00,39.03,44.66
2024,20-Jun 6pm,205153,20-06-2024 18:00,36.2,36.81
2024,20-Jun 7pm,207931,20-06-2024 19:00,36.4,40.95
2024,20-Jun 8pm,215113,20-06-2024 20:00,36.29,39.27
2024,20-Jun 9pm,214246,20-06-2024 21:00,33.18,48.35
2024,20-Jun 10pm,214825,20-06-2024 22:00,33.18,50.66
2024,20-Jun 11pm,215967,20-06-2024 23:00,33.45,52.82
2024,21-Jun 12am,213788,21-06-2024 00:00,29.8,45.23
2024,21-Jun 1am,207989,21-06-2024 01:00,29.5,54.69
2024,21-Jun 2am,202010,21-06-2024 02:00,29.77,53.1
2024,21-Jun 3am,197373,21-06-2024 03:00,29.72,52.51
2024,21-Jun 4am,194134,21-06-2024 04:00,30.16,52.6
2024,21-Jun 5am,195098,21-06-2024 05:00,30.13,48.89
2024,21-Jun 6am,197928,21-06-2024 06:00,32.09,52.52
2024,21-Jun 7am,201776,21-06-2024 07:00,31.52,48.87
2024,21-Jun 8am,202964,21-06-2024 08:00,32.23,53.99
2024,21-Jun 9am,209352,21-06-2024 09:00,34.82,46.77
2024,21-Jun 10am,218414,21-06-2024 10:00,35.17,37.92
2024,21-Jun 11am,222085,21-06-2024 11:00,35.06,40.51
2024,21-Jun 12pm,223923,21-06-2024 12:00,37.84,38.19
2024,21-Jun 1pm,223776,21-06-2024 13:00,37.63,39.24
2024,21-Jun 2pm,223420,21-06-2024 14:00,37.59,39.92
2024,21-Jun 3pm,226227,21-06-2024 15:00,39.33,43.56
2024,21-Jun 4pm,221530,21-06-2024 16:00,39.42,40.23
2024,21-Jun 5pm,214584,21-06-2024 17:00,39.15,38.62
2024,21-Jun 6pm,204139,21-06-2024 18:00,35.6,37.48
2024,21-Jun 7pm,207961,21-06-2024 19:00,35.9,39.09
2024,21-Jun 8pm,212569,21-06-2024 20:00,36.23,40.16
2024,21-Jun 9pm,214113,21-06-2024 21:00,33.28,52.46
2024,21-Jun 10pm,214822,21-06-2024 22:00,32.62,46.21
2024,21-Jun 11pm,215326,21-06-2024 23:00,32.5,47.22
2024,22-Jun 12am,211676,22-06-2024 00:00,30.21,48.8
2024,22-Jun 1am,207299,22-06-2024 01:00,29.86,48.6
2024,22-Jun 2am,202105,22-06-2024 02:00,29.75,48.92
2024,22-Jun 3am,197763,22-06-2024 03:00,29.51,52.94
2024,22-Jun 4am,194941,22-06-2024 04:00,30.04,48.24
2024,22-Jun 5am,196044,22-06-2024 05:00,30.35,50.02
2024,22-Jun 6am,197592,22-06-2024 06:00,32.46,51.24
2024,22-Jun 7am,199427,22-06-2024 07:00,32.07,47.32
2024,22-Jun 8am,200698,22-06-2024 08:00,32.01,52.19
2024,22-Jun 9am,206813,22-06-2024 09:00,34.59,50.47
2024,22-Jun 10am,215600,22-06-2024 10:00,35.05,39.47
2024,22-Jun 11am,219377,22-06-2024 11:00,34.88,53.1
2024,22-Jun 12pm,220551,22-06-2024 12:00,38.11,37.43
2024,22-Jun 1pm,221786,22-06-2024 13:00,37.89,43.83
2024,22-Jun 2pm,220952,22-06-2024 14:00,37.74,40.61
2024,22-Jun 3pm,225024,22-06-2024 15:00,38.59,41.09
2024,22-Jun 4pm,220121,22-06-2024 16:00,38.81,43.75
2024,22-Jun 5pm,212352,22-06-2024 17:00,38.6,43.18
2024,22-Jun 6pm,203788,22-06-2024 18:00,35.68,41.02
2024,22-Jun 7pm,206584,22-06-2024 19:00,36.49,42.53
2024,22-Jun 8pm,214204,22-06-2024 20:00,35.94,39.33
2024,22-Jun 9pm,215663,22-06-2024 21:00,33.03,50.47
2024,22-Jun 10pm,216150,22-06-2024 22:00,33.37,45.62
2024,22-Jun 11pm,217723,22-06-2024 23:00,33.5,45.9
2024,23-Jun 12am,213488,23-06-2024 00:00,30.08,53.29
2024,23-Jun 1am,209544,23-06-2024 01:00,30.31,45.6
2024,23-Jun 2am,203686,23-06-2024 02:00,29.83,46.69
2024,23-Jun 3am,199165,23-06-2024 03:00,29.81,52.96
2024,23-Jun 4am,195923,23-06-2024 04:00,29.9,45.01
2024,23-Jun 5am,196305,23-06-2024 05:00,30.17,47.82
2024,23-Jun 6am,196516,23-06-2024 06:00,32.18,50.84
2024,23-Jun 7am,196836,23-06-2024 07:00,31.82,50.95
2024,23-Jun 8am,196877,23-06-2024 08:00,31.63,52.77
2024,23-Jun 9am,200295,23-06-2024 09:00,35.13,40.06
2024,23-Jun 10am,206049,23-06-2024 10:00,34.63,50.09
2024,23-Jun 11am,209390,23-06-2024 11:00,35.08,42.25
2024,23-Jun 12pm,212466,23-06-2024 12:00,38.19,39.99
2024,23-Jun 1pm,213318,23-06-2024 13:00,38.2,41.08
2024,23-Jun 2pm,213523,23-06-2024 14:00,38.25,43.98
2024,23-Jun 3pm,215065,23-06-2024 15:00,39.37,39.01
2024,23-Jun 4pm,207508,23-06-2024 16:00,39,38.85
2024,23-Jun 5pm,198183,23-06-2024 17:00,39.23,35.04
2024,23-Jun 6pm,191516,23-06-2024 18:00,36.12,41.13
2024,23-Jun 7pm,196017,23-06-2024 19:00,35.69,35.3
2024,23-Jun 8pm,205291,23-06-2024 20:00,35.53,40.04
2024,23-Jun 9pm,207705,23-06-2024 21:00,32.78,53.04
2024,23-Jun 10pm,209784,23-06-2024 22:00,32.94,50.5
2024,23-Jun 11pm,210882,23-06-2024 23:00,33.12,47.7
2024,24-Jun 12am,207234,24-06-2024 00:00,30.35,52.86
2024,24-Jun 1am,202635,24-06-2024 01:00,29.7,47.7
2024,24-Jun 2am,198883,24-06-2024 02:00,29.63,52.33
2024,24-Jun 3am,196443,24-06-2024 03:00,30.46,51.1
2024,24-Jun 4am,193837,24-06-2024 04:00,29.61,46.7
2024,24-Jun 5am,196063,24-06-2024 05:00,29.98,54.05
2024,24-Jun 6am,199260,24-06-2024 06:00,32.09,47.01
2024,24-Jun 7am,202740,24-06-2024 07:00,32.04,54.9
2024,24-Jun 8am,204135,24-06-2024 08:00,31.59,45.07
2024,24-Jun 9am,209591,24-06-2024 09:00,34.56,47.63
2024,24-Jun 10am,218543,24-06-2024 10:00,34.61,47
2024,24-Jun 11am,221856,24-06-2024 11:00,35.09,35.14
2024,24-Jun 12pm,222733,24-06-2024 12:00,38.04,42.32
2024,24-Jun 1pm,221849,24-06-2024 13:00,37.73,41.93
2024,24-Jun 2pm,222379,24-06-2024 14:00,38.14,42.92
2024,24-Jun 3pm,224037,24-06-2024 15:00,39.32,37.57
2024,24-Jun 4pm,220544,24-06-2024 16:00,38.54,39.44
2024,24-Jun 5pm,212119,24-06-2024 17:00,39,41.59
2024,24-Jun 6pm,205566,24-06-2024 18:00,36.19,39.4
2024,24-Jun 7pm,209616,24-06-2024 19:00,35.75,41.97
2024,24-Jun 8pm,218131,24-06-2024 20:00,35.81,41.34
2024,24-Jun 9pm,219304,24-06-2024 21:00,33.11,46.15
2024,24-Jun 10pm,220830,24-06-2024 22:00,33.4,52.81
2024,24-Jun 11pm,220630,24-06-2024 23:00,33.31,52.21
2024,25-Jun 12am,216357,25-06-2024 00:00,30.08,51.56
2024,25-Jun 1am,211110,25-06-2024 01:00,30.23,46.55
2024,25-Jun 2am,206715,25-06-2024 02:00,29.86,47.68
2024,25-Jun 3am,203254,25-06-2024 03:00,30.14,48.93
2024,25-Jun 4am,200339,25-06-2024 04:00,29.97,47.8
2024,25-Jun 5am,201138,25-06-2024 05:00,29.69,47.28
2024,25-Jun 6am,203238,25-06-2024 06:00,32.2,53.05
2024,25-Jun 7am,206074,25-06-2024 07:00,32.06,51.38
2024,25-Jun 8am,205804,25-06-2024 08:00,31.86,50.65
2024,25-Jun 9am,210851,25-06-2024 09:00,35.41,37.26
2024,25-Jun 10am,219058,25-06-2024 10:00,34.52,54.18
2024,25-Jun 11am,223706,25-06-2024 11:00,34.82,46.91
2024,25-Jun 12pm,225833,25-06-2024 12:00,37.56,42.95
2024,25-Jun 1pm,226213,25-06-2024 13:00,38.27,44.67
2024,25-Jun 2pm,226393,25-06-2024 14:00,38.2,42.27
2024,25-Jun 3pm,229397,25-06-2024 15:00,38.83,44.93
2024,25-Jun 4pm,225996,25-06-2024 16:00,39.18,41.51
2024,25-Jun 5pm,218102,25-06-2024 17:00,38.9,37.17
2024,25-Jun 6pm,209818,25-06-2024 18:00,36.26,37.04
2024,25-Jun 7pm,213190,25-06-2024 19:00,35.95,38.25
2024,25-Jun 8pm,219912,25-06-2024 20:00,35.91,35.07
2024,25-Jun 9pm,221737,25-06-2024 21:00,33.43,51.82
2024,25-Jun 10pm,222825,25-06-2024 22:00,32.75,47.69
2024,25-Jun 11pm,221499,25-06-2024 23:00,32.62,53.15
2024,26-Jun 12am,218574,26-06-2024 00:00,30.08,48.59
2024,26-Jun 1am,212621,26-06-2024 01:00,30.47,49.8
2024,26-Jun 2am,209132,26-06-2024 02:00,29.88,54.66
2024,26-Jun 3am,204839,26-06-2024 03:00,29.56,47.42
2024,26-Jun 4am,202603,26-06-2024 04:00,29.84,52.21
2024,26-Jun 5am,202827,26-06-2024 05:00,30.01,52.55
2024,26-Jun 6am,204555,26-06-2024 06:00,31.66,47.21
2024,26-Jun 7am,205708,26-06-2024 07:00,32.16,50.01
2024,26-Jun 8am,204173,26-06-2024 08:00,32.5,48.5
2024,26-Jun 9am,208651,26-06-2024 09:00,34.95,52.72
2024,26-Jun 10am,215934,26-06-2024 10:00,34.85,51.22
2024,26-Jun 11am,219654,26-06-2024 11:00,34.9,49.76
2024,26-Jun 12pm,220092,26-06-2024 12:00,37.62,42.79
2024,26-Jun 1pm,219394,26-06-2024 13:00,38.38,37.35
2024,26-Jun 2pm,219209,26-06-2024 14:00,37.91,42.54
2024,26-Jun 3pm,222839,26-06-2024 15:00,38.89,43.65
2024,26-Jun 4pm,218392,26-06-2024 16:00,39.16,43.79
2024,26-Jun 5pm,211323,26-06-2024 17:00,38.94,42.84
2024,26-Jun 6pm,203532,26-06-2024 18:00,36.15,39.08
2024,26-Jun 7pm,208303,26-06-2024 19:00,35.56,44.82
2024,26-Jun 8pm,213722,26-06-2024 20:00,36.31,38.8
2024,26-Jun 9pm,215131,26-06-2024 21:00,33.44,51.39
2024,26-Jun 10pm,217200,26-06-2024 22:00,33.15,46.61
2024,26-Jun 11pm,217726,26-06-2024 23:00,33.45,54.8
2024,27-Jun 12am,213379,27-06-2024 00:00,29.65,52.04
2024,27-Jun 1am,209360,27-06-2024 01:00,29.98,52.53
2024,27-Jun 2am,203601,27-06-2024 02:00,30.1,45.66
2024,27-Jun 3am,198429,27-06-2024 03:00,30.08,52.63
2024,27-Jun 4am,194436,27-06-2024 04:00,29.9,52.75
2024,27-Jun 5am,192971,27-06-2024 05:00,29.84,51.72
2024,27-Jun 6am,193195,27-06-2024 06:00,31.63,47.92
2024,27-Jun 7am,194775,27-06-2024 07:00,31.89,49.9
2024,27-Jun 8am,193523,27-06-2024 08:00,31.66,46.1
2024,27-Jun 9am,196026,27-06-2024 09:00,35.23,39.72
2024,27-Jun 10am,202877,27-06-2024 10:00,34.71,47.44
2024,27-Jun 11am,207743,27-06-2024 11:00,34.56,48.49
2024,27-Jun 12pm,209786,27-06-2024 12:00,38.05,36.63
2024,27-Jun 1pm,209181,27-06-2024 13:00,38.1,37.3
2024,27-Jun 2pm,209461,27-06-2024 14:00,38.37,35.77
2024,27-Jun 3pm,214502,27-06-2024 15:00,39.08,44.2
2024,27-Jun 4pm,212127,27-06-2024 16:00,38.85,40.3
2024,27-Jun 5pm,205894,27-06-2024 17:00,39.3,38.97
2024,27-Jun 6pm,200521,27-06-2024 18:00,36.04,40.35
2024,27-Jun 7pm,204505,27-06-2024 19:00,35.58,41.28
2024,27-Jun 8pm,210472,27-06-2024 20:00,36.07,44.22
2024,27-Jun 9pm,213281,27-06-2024 21:00,33.41,46.79
2024,27-Jun 10pm,213904,27-06-2024 22:00,32.9,47.96
2024,27-Jun 11pm,212778,27-06-2024 23:00,32.8,54.76
2024,28-Jun 12am,209004,28-06-2024 00:00,29.64,48.71
2024,28-Jun 1am,205215,28-06-2024 01:00,29.65,45.23
2024,28-Jun 2am,198952,28-06-2024 02:00,29.93,46.48
2024,28-Jun 3am,192303,28-06-2024 03:00,30.1,45.26
2024,28-Jun 4am,187068,28-06-2024 04:00,29.58,54.9
2024,28-Jun 5am,186495,28-06-2024 05:00,30.44,47.79
2024,28-Jun 6am,187748,28-06-2024 06:00,32.26,54.24
2024,28-Jun 7am,191818,28-06-2024 07:00,32.09,54.96
2024,28-Jun 8am,192386,28-06-2024 08:00,32.33,51
2024,28-Jun 9am,197552,28-06-2024 09:00,34.58,45.33
2024,28-Jun 10am,206450,28-06-2024 10:00,34.98,45.82
2024,28-Jun 11am,210067,28-06-2024 11:00,35.13,39.82
2024,28-Jun 12pm,212887,28-06-2024 12:00,38.33,39.06
2024,28-Jun 1pm,210126,28-06-2024 13:00,38.28,41.06
2024,28-Jun 2pm,211055,28-06-2024 14:00,37.78,39.39
2024,28-Jun 3pm,214087,28-06-2024 15:00,39.44,44.34
2024,28-Jun 4pm,212163,28-06-2024 16:00,38.62,40.35
2024,28-Jun 5pm,206252,28-06-2024 17:00,39.38,41.94
2024,28-Jun 6pm,199526,28-06-2024 18:00,36.47,43.96
2024,28-Jun 7pm,203655,28-06-2024 19:00,35.68,36.47
2024,28-Jun 8pm,210776,28-06-2024 20:00,36.22,37.3
2024,28-Jun 9pm,212678,28-06-2024 21:00,32.54,46.07
2024,28-Jun 10pm,212991,28-06-2024 22:00,32.91,46.4
2024,28-Jun 11pm,213371,28-06-2024 23:00,33.02,50.13
2024,29-Jun 12am,207651,29-06-2024 00:00,30.08,48.21
2024,29-Jun 1am,203389,29-06-2024 01:00,30.44,49.23
2024,29-Jun 2am,197843,29-06-2024 02:00,30.17,54.82
2024,29-Jun 3am,192828,29-06-2024 03:00,29.98,46.57
2024,29-Jun 4am,190167,29-06-2024 04:00,30.31,50.41
2024,29-Jun 5am,190500,29-06-2024 05:00,30.45,45.99
2024,29-Jun 6am,193304,29-06-2024 06:00,31.52,48.18
2024,29-Jun 7am,196370,29-06-2024 07:00,32.48,50.28
2024,29-Jun 8am,196361,29-06-2024 08:00,31.59,54.47
2024,29-Jun 9am,200916,29-06-2024 09:00,35.31,38.91
2024,29-Jun 10am,207223,29-06-2024 10:00,34.78,45.65
2024,29-Jun 11am,208612,29-06-2024 11:00,34.63,48.88
2024,29-Jun 12pm,209498,29-06-2024 12:00,37.94,36.46
2024,29-Jun 1pm,208339,29-06-2024 13:00,38.14,37.3
2024,29-Jun 2pm,205752,29-06-2024 14:00,37.88,41.18
2024,29-Jun 3pm,209511,29-06-2024 15:00,38.55,35.67
2024,29-Jun 4pm,207544,29-06-2024 16:00,39.1,39.65
2024,29-Jun 5pm,201723,29-06-2024 17:00,39.4,41.09
2024,29-Jun 6pm,195915,29-06-2024 18:00,35.88,39.22
2024,29-Jun 7pm,200868,29-06-2024 19:00,35.72,35.19
2024,29-Jun 8pm,207862,29-06-2024 20:00,35.94,44.86
2024,29-Jun 9pm,209100,29-06-2024 21:00,32.55,48.67
2024,29-Jun 10pm,209974,29-06-2024 22:00,33.32,52.79
2024,29-Jun 11pm,210064,29-06-2024 23:00,33.33,48.26
2024,30-Jun 12am,205159,30-06-2024 00:00,30.09,49.75
2024,30-Jun 1am,199535,30-06-2024 01:00,29.85,48.88
2024,30-Jun 2am,193610,30-06-2024 02:00,30.3,48.43
2024,30-Jun 3am,188515,30-06-2024 03:00,30.05,45.22
2024,30-Jun 4am,184792,30-06-2024 04:00,30.33,48.6
2024,30-Jun 5am,184003,30-06-2024 05:00,30.13,53.89
2024,30-Jun 6am,184159,30-06-2024 06:00,32.28,51.9
2024,30-Jun 7am,185029,30-06-2024 07:00,32.1,46.45
2024,30-Jun 8am,182783,30-06-2024 08:00,31.91,50.91
2024,30-Jun 9am,186088,30-06-2024 09:00,35.46,43.92
2024,30-Jun 10am,190926,30-06-2024 10:00,35.04,42
2024,30-Jun 11am,193971,30-06-2024 11:00,35.11,36.49
2024,30-Jun 12pm,194694,30-06-2024 12:00,37.72,43.68
2024,30-Jun 1pm,194861,30-06-2024 13:00,38.13,38.02
2024,30-Jun 2pm,195030,30-06-2024 14:00,38.07,39.54
2024,30-Jun 3pm,195262,30-06-2024 15:00,38.68,40.26
2024,30-Jun 4pm,191569,30-06-2024 16:00,38.56,43.51
2024,30-Jun 5pm,184523,30-06-2024 17:00,39.1,44.32
2024,30-Jun 6pm,179874,30-06-2024 18:00,36.26,44.3
2024,30-Jun 7pm,185628,30-06-2024 19:00,36.02,35.08
2024,30-Jun 8pm,194603,30-06-2024 20:00,35.73,44.22
2024,30-Jun 9pm,195984,30-06-2024 21:00,33.17,45.54
2024,30-Jun 10pm,198403,30-06-2024 22:00,32.58,47.66
2024,30-Jun 11pm,197889,30-06-2024 23:00,32.94,50.15
2024,01-Jul 12am,193332,01-07-2024 00:00,25.66,59.8
2024,01-Jul 1am,188385,01-07-2024 01:00,25.68,61.05
2024,01-Jul 2am,183896,01-07-2024 02:00,25.7,59.79
2024,01-Jul 3am,179694,01-07-2024 03:00,25.89,64.34
2024,01-Jul 4am,175742,01-07-2024 04:00,25.55,57.41
2024,01-Jul 5am,176210,01-07-2024 05:00,25.9,57.74
2024,01-Jul 6am,180455,01-07-2024 06:00,28.01,44.21
2024,01-Jul 7am,185640,01-07-2024 07:00,27.98,55.77
2024,01-Jul 8am,186843,01-07-2024 08:00,27.88,61.1
2024,01-Jul 9am,192098,01-07-2024 09:00,31.34,51.82
2024,01-Jul 10am,199597,01-07-2024 10:00,30.65,50.06
2024,01-Jul 11am,201077,01-07-2024 11:00,31.01,51.94
2024,01-Jul 12pm,202010,01-07-2024 12:00,33.56,46.73
2024,01-Jul 1pm,199330,01-07-2024 13:00,33.57,53.53
2024,01-Jul 2pm,198753,01-07-2024 14:00,34.07,46.4
2024,01-Jul 3pm,201050,01-07-2024 15:00,35.07,39.01
2024,01-Jul 4pm,200044,01-07-2024 16:00,35.38,35.75
2024,01-Jul 5pm,195988,01-07-2024 17:00,35.06,40.45
2024,01-Jul 6pm,191558,01-07-2024 18:00,32.46,51.7
2024,01-Jul 7pm,198594,01-07-2024 19:00,31.55,54.41
2024,01-Jul 8pm,204069,01-07-2024 20:00,31.6,52.39
2024,01-Jul 9pm,205386,01-07-2024 21:00,28.54,40.41
2024,01-Jul 10pm,205278,01-07-2024 22:00,28.69,44.33
2024,01-Jul 11pm,203935,01-07-2024 23:00,29.04,49.78
2024,02-Jul 12am,198758,02-07-2024 00:00,26.15,60.61
2024,02-Jul 1am,192486,02-07-2024 01:00,25.55,60.96
2024,02-Jul 2am,186314,02-07-2024 02:00,26.45,59.1
2024,02-Jul 3am,181720,02-07-2024 03:00,26.34,63.38
2024,02-Jul 4am,177787,02-07-2024 04:00,25.8,56.85
2024,02-Jul 5am,177216,02-07-2024 05:00,25.58,60.55
2024,02-Jul 6am,180506,02-07-2024 06:00,27.67,62.22
2024,02-Jul 7am,186391,02-07-2024 07:00,27.63,64.04
2024,02-Jul 8am,187243,02-07-2024 08:00,27.62,63.84
2024,02-Jul 9am,190787,02-07-2024 09:00,31.02,50.09
2024,02-Jul 10am,194879,02-07-2024 10:00,30.75,51.43
2024,02-Jul 11am,197828,02-07-2024 11:00,30.86,48.94
2024,02-Jul 12pm,198481,02-07-2024 12:00,34.49,49.68
2024,02-Jul 1pm,196966,02-07-2024 13:00,34.18,54.06
2024,02-Jul 2pm,198587,02-07-2024 14:00,34.45,54.31
2024,02-Jul 3pm,200310,02-07-2024 15:00,34.64,53.95
2024,02-Jul 4pm,199528,02-07-2024 16:00,34.88,46.38
2024,02-Jul 5pm,196641,02-07-2024 17:00,35.05,43.5
2024,02-Jul 6pm,194071,02-07-2024 18:00,31.58,54.48
2024,02-Jul 7pm,201028,02-07-2024 19:00,31.5,48.61
2024,02-Jul 8pm,207005,02-07-2024 20:00,32.17,50.19
2024,02-Jul 9pm,208421,02-07-2024 21:00,29.14,52.79
2024,02-Jul 10pm,207510,02-07-2024 22:00,28.91,40.62
2024,02-Jul 11pm,206147,02-07-2024 23:00,28.99,44.93
2024,03-Jul 12am,198582,03-07-2024 00:00,25.92,59.56
2024,03-Jul 1am,193025,03-07-2024 01:00,25.52,62.14
2024,03-Jul 2am,186649,03-07-2024 02:00,25.84,62.93
2024,03-Jul 3am,181896,03-07-2024 03:00,25.68,59.94
2024,03-Jul 4am,179248,03-07-2024 04:00,25.6,63.57
2024,03-Jul 5am,179202,03-07-2024 05:00,26.46,60.46
2024,03-Jul 6am,183499,03-07-2024 06:00,28.1,39.12
2024,03-Jul 7am,189101,03-07-2024 07:00,28.23,36.08
2024,03-Jul 8am,190157,03-07-2024 08:00,27.82,58.93
2024,03-Jul 9am,194424,03-07-2024 09:00,30.89,52.34
2024,03-Jul 10am,200373,03-07-2024 10:00,30.74,54.21
2024,03-Jul 11am,201603,03-07-2024 11:00,30.6,47.52
2024,03-Jul 12pm,202134,03-07-2024 12:00,33.68,48.55
2024,03-Jul 1pm,201034,03-07-2024 13:00,34.3,46.54
2024,03-Jul 2pm,200310,03-07-2024 14:00,34.18,51.91
2024,03-Jul 3pm,201795,03-07-2024 15:00,35.05,44.6
2024,03-Jul 4pm,199376,03-07-2024 16:00,34.98,51.41
2024,03-Jul 5pm,195405,03-07-2024 17:00,35.42,41.17
2024,03-Jul 6pm,191742,03-07-2024 18:00,31.57,50.53
2024,03-Jul 7pm,198196,03-07-2024 19:00,31.78,45.88
2024,03-Jul 8pm,204420,03-07-2024 20:00,31.85,52.3
2024,03-Jul 9pm,203535,03-07-2024 21:00,29.28,51.02
2024,03-Jul 10pm,202533,03-07-2024 22:00,29.49,51.61
2024,03-Jul 11pm,202636,03-07-2024 23:00,28.74,43.99
2024,04-Jul 12am,197466,04-07-2024 00:00,26.37,62.84
2024,04-Jul 1am,190936,04-07-2024 01:00,26.33,62.81
2024,04-Jul 2am,184931,04-07-2024 02:00,25.72,64.27
2024,04-Jul 3am,179505,04-07-2024 03:00,25.9,64.9
2024,04-Jul 4am,176823,04-07-2024 04:00,25.91,60.81
2024,04-Jul 5am,175575,04-07-2024 05:00,26.48,56.09
2024,04-Jul 6am,178387,04-07-2024 06:00,27.68,59.59
2024,04-Jul 7am,184062,04-07-2024 07:00,28.3,42.88
2024,04-Jul 8am,183252,04-07-2024 08:00,27.83,55.28
2024,04-Jul 9am,188039,04-07-2024 09:00,31.23,45.57
2024,04-Jul 10am,195427,04-07-2024 10:00,30.92,45.67
2024,04-Jul 11am,199190,04-07-2024 11:00,31.08,52.31
2024,04-Jul 12pm,200471,04-07-2024 12:00,34.33,50.01
2024,04-Jul 1pm,198127,04-07-2024 13:00,34.3,48.69
2024,04-Jul 2pm,198141,04-07-2024 14:00,34.37,46.06
2024,04-Jul 3pm,201749,04-07-2024 15:00,34.56,52.32
2024,04-Jul 4pm,200673,04-07-2024 16:00,35.19,38.21
2024,04-Jul 5pm,196476,04-07-2024 17:00,34.64,47.65
2024,04-Jul 6pm,192205,04-07-2024 18:00,31.92,51.52
2024,04-Jul 7pm,197764,04-07-2024 19:00,32.05,50.59
2024,04-Jul 8pm,205388,04-07-2024 20:00,31.9,48.62
2024,04-Jul 9pm,205056,04-07-2024 21:00,29.02,51.41
2024,04-Jul 10pm,205034,04-07-2024 22:00,29.5,47.71
2024,04-Jul 11pm,203180,04-07-2024 23:00,28.64,42.95
2024,05-Jul 12am,198702,05-07-2024 00:00,26.18,57.29
2024,05-Jul 1am,192775,05-07-2024 01:00,25.9,56.59
2024,05-Jul 2am,187883,05-07-2024 02:00,25.63,62.82
2024,05-Jul 3am,182448,05-07-2024 03:00,25.66,62.08
2024,05-Jul 4am,180169,05-07-2024 04:00,26.45,56.83
2024,05-Jul 5am,181046,05-07-2024 05:00,26.38,56.16
2024,05-Jul 6am,185202,05-07-2024 06:00,28.41,43.38
2024,05-Jul 7am,190827,05-07-2024 07:00,28.49,42.77
2024,05-Jul 8am,192150,05-07-2024 08:00,27.71,58.27
2024,05-Jul 9am,197249,05-07-2024 09:00,30.86,51.58
2024,05-Jul 10am,205257,05-07-2024 10:00,31.17,46.24
2024,05-Jul 11am,206112,05-07-2024 11:00,30.98,50.07
2024,05-Jul 12pm,205959,05-07-2024 12:00,33.92,45.19
2024,05-Jul 1pm,202141,05-07-2024 13:00,33.86,48.92
2024,05-Jul 2pm,200935,05-07-2024 14:00,34.09,45.75
2024,05-Jul 3pm,202077,05-07-2024 15:00,35.08,39.75
2024,05-Jul 4pm,199029,05-07-2024 16:00,34.66,49.22
2024,05-Jul 5pm,193966,05-07-2024 17:00,34.97,49.44
2024,05-Jul 6pm,188658,05-07-2024 18:00,32.05,45.45
2024,05-Jul 7pm,193491,05-07-2024 19:00,32.07,48.62
2024,05-Jul 8pm,198040,05-07-2024 20:00,31.71,52.56
2024,05-Jul 9pm,197906,05-07-2024 21:00,29.24,48.69
2024,05-Jul 10pm,197859,05-07-2024 22:00,28.53,42.15
2024,05-Jul 11pm,195629,05-07-2024 23:00,28.85,38.69
2024,06-Jul 12am,190178,06-07-2024 00:00,26.28,59.23
2024,06-Jul 1am,184210,06-07-2024 01:00,26.06,60.64
2024,06-Jul 2am,178984,06-07-2024 02:00,25.76,64.51
2024,06-Jul 3am,174898,06-07-2024 03:00,26.19,56.09
2024,06-Jul 4am,172212,06-07-2024 04:00,26.07,55.33
2024,06-Jul 5am,173142,06-07-2024 05:00,26.3,61.08
2024,06-Jul 6am,175728,06-07-2024 06:00,28.24,44.49
2024,06-Jul 7am,180557,06-07-2024 07:00,28.11,44.9
2024,06-Jul 8am,180931,06-07-2024 08:00,27.99,59.84
2024,06-Jul 9am,185895,06-07-2024 09:00,30.63,49.68
2024,06-Jul 10am,189848,06-07-2024 10:00,30.76,51.45
2024,06-Jul 11am,192223,06-07-2024 11:00,30.92,50.56
2024,06-Jul 12pm,191828,06-07-2024 12:00,34.1,51.34
2024,06-Jul 1pm,190911,06-07-2024 13:00,34.01,53.74
2024,06-Jul 2pm,189985,06-07-2024 14:00,33.79,52.46
2024,06-Jul 3pm,194227,06-07-2024 15:00,34.51,49.97
2024,06-Jul 4pm,191947,06-07-2024 16:00,35,49.62
2024,06-Jul 5pm,187884,06-07-2024 17:00,34.79,51.4
2024,06-Jul 6pm,185435,06-07-2024 18:00,32.23,49.56
2024,06-Jul 7pm,190297,06-07-2024 19:00,31.52,49.58
2024,06-Jul 8pm,196761,06-07-2024 20:00,32.08,45.16
2024,06-Jul 9pm,197103,06-07-2024 21:00,29.44,46.74
2024,06-Jul 10pm,195038,06-07-2024 22:00,28.67,39.89
2024,06-Jul 11pm,194489,06-07-2024 23:00,28.97,43.23
2024,07-Jul 12am,188543,07-07-2024 00:00,25.59,57.79
2024,07-Jul 1am,183721,07-07-2024 01:00,26.13,60.23
2024,07-Jul 2am,177649,07-07-2024 02:00,26.05,58.45
2024,07-Jul 3am,173269,07-07-2024 03:00,25.91,56.05
2024,07-Jul 4am,170632,07-07-2024 04:00,26.02,64.58
2024,07-Jul 5am,170790,07-07-2024 05:00,26.4,63.55
2024,07-Jul 6am,172406,07-07-2024 06:00,27.7,55.78
2024,07-Jul 7am,173363,07-07-2024 07:00,27.52,62.2
2024,07-Jul 8am,176456,07-07-2024 08:00,28.36,38.48
2024,07-Jul 9am,181079,07-07-2024 09:00,31.08,54.95
2024,07-Jul 10am,184838,07-07-2024 10:00,31.39,48.02
2024,07-Jul 11am,186129,07-07-2024 11:00,31.1,47.39
2024,07-Jul 12pm,188119,07-07-2024 12:00,34.31,50.68
2024,07-Jul 1pm,187611,07-07-2024 13:00,33.93,53.35
2024,07-Jul 2pm,186253,07-07-2024 14:00,34.25,46.93
2024,07-Jul 3pm,188131,07-07-2024 15:00,35.41,42.09
2024,07-Jul 4pm,186007,07-07-2024 16:00,35.07,35.61
2024,07-Jul 5pm,180933,07-07-2024 17:00,34.68,54.19
2024,07-Jul 6pm,176013,07-07-2024 18:00,31.77,45.81
2024,07-Jul 7pm,181160,07-07-2024 19:00,31.7,54.14
2024,07-Jul 8pm,190194,07-07-2024 20:00,31.75,49.91
2024,07-Jul 9pm,193664,07-07-2024 21:00,28.81,39.48
2024,07-Jul 10pm,195645,07-07-2024 22:00,29.06,54.73
2024,07-Jul 11pm,195623,07-07-2024 23:00,29.09,54.9
2024,08-Jul 12am,191537,08-07-2024 00:00,25.93,61.5
2024,08-Jul 1am,185887,08-07-2024 01:00,26.12,56.27
2024,08-Jul 2am,180444,08-07-2024 02:00,25.58,60.06
2024,08-Jul 3am,176971,08-07-2024 03:00,25.59,60.29
2024,08-Jul 4am,174799,08-07-2024 04:00,25.67,60.14
2024,08-Jul 5am,176543,08-07-2024 05:00,26.02,60.69
2024,08-Jul 6am,181003,08-07-2024 06:00,27.71,55.19
2024,08-Jul 7am,188346,08-07-2024 07:00,27.78,62.11
2024,08-Jul 8am,190140,08-07-2024 08:00,27.9,62.12
2024,08-Jul 9am,196479,08-07-2024 09:00,31.31,46.15
2024,08-Jul 10am,205456,08-07-2024 10:00,30.51,50.7
2024,08-Jul 11am,207179,08-07-2024 11:00,31.15,50.68
2024,08-Jul 12pm,209025,08-07-2024 12:00,34.17,51.82
2024,08-Jul 1pm,204706,08-07-2024 13:00,34.3,45.85
2024,08-Jul 2pm,203910,08-07-2024 14:00,34.43,51.27
2024,08-Jul 3pm,206320,08-07-2024 15:00,34.52,47.81
2024,08-Jul 4pm,203648,08-07-2024 16:00,34.65,50.07
2024,08-Jul 5pm,201608,08-07-2024 17:00,35.39,42.73
2024,08-Jul 6pm,195877,08-07-2024 18:00,31.96,52.06
2024,08-Jul 7pm,201377,08-07-2024 19:00,32.06,46.19
2024,08-Jul 8pm,205721,08-07-2024 20:00,32.16,50.91
2024,08-Jul 9pm,204757,08-07-2024 21:00,29.18,54.69
2024,08-Jul 10pm,204760,08-07-2024 22:00,29.43,46.57
2024,08-Jul 11pm,203733,08-07-2024 23:00,29.5,53.53
2024,09-Jul 12am,199810,09-07-2024 00:00,26.22,62.03
2024,09-Jul 1am,196266,09-07-2024 01:00,25.79,62.74
2024,09-Jul 2am,191568,09-07-2024 02:00,26.38,57.82
2024,09-Jul 3am,187883,09-07-2024 03:00,25.55,57.88
2024,09-Jul 4am,185762,09-07-2024 04:00,25.73,64.06
2024,09-Jul 5am,186713,09-07-2024 05:00,26.4,58.6
2024,09-Jul 6am,189966,09-07-2024 06:00,27.76,55.63
2024,09-Jul 7am,196408,09-07-2024 07:00,27.72,61.01
2024,09-Jul 8am,197195,09-07-2024 08:00,27.64,56.25
2024,09-Jul 9am,203835,09-07-2024 09:00,31.36,52.97
2024,09-Jul 10am,210264,09-07-2024 10:00,31,51.42
2024,09-Jul 11am,213029,09-07-2024 11:00,31.17,53.75
2024,09-Jul 12pm,213599,09-07-2024 12:00,33.74,52.85
2024,09-Jul 1pm,210303,09-07-2024 13:00,34.26,46.12
2024,09-Jul 2pm,208999,09-07-2024 14:00,34.26,48.81
2024,09-Jul 3pm,212319,09-07-2024 15:00,34.81,52.75
2024,09-Jul 4pm,210764,09-07-2024 16:00,34.91,49.17
2024,09-Jul 5pm,205885,09-07-2024 17:00,34.71,54.72
2024,09-Jul 6pm,200983,09-07-2024 18:00,32.48,52.36
2024,09-Jul 7pm,204924,09-07-2024 19:00,32.15,45.15
2024,09-Jul 8pm,209653,09-07-2024 20:00,32.43,53.8
2024,09-Jul 9pm,208414,09-07-2024 21:00,28.8,36.01
2024,09-Jul 10pm,208602,09-07-2024 22:00,29.28,46.41
2024,09-Jul 11pm,207657,09-07-2024 23:00,29.27,52.34
2024,10-Jul 12am,204397,10-07-2024 00:00,26.19,63.65
2024,10-Jul 1am,200397,10-07-2024 01:00,26.47,60.36
2024,10-Jul 2am,197314,10-07-2024 02:00,25.89,57.89
2024,10-Jul 3am,194373,10-07-2024 03:00,25.63,58.51
2024,10-Jul 4am,192689,10-07-2024 04:00,26.17,58.43
2024,10-Jul 5am,192945,10-07-2024 05:00,26.23,58.27
2024,10-Jul 6am,195294,10-07-2024 06:00,28.08,37.43
2024,10-Jul 7am,200033,10-07-2024 07:00,27.71,61.09
2024,10-Jul 8am,200984,10-07-2024 08:00,28,64
2024,10-Jul 9am,205388,10-07-2024 09:00,30.81,48.07
2024,10-Jul 10am,213510,10-07-2024 10:00,30.93,46.87
2024,10-Jul 11am,214708,10-07-2024 11:00,31.15,53.39
2024,10-Jul 12pm,214924,10-07-2024 12:00,34.25,52.42
2024,10-Jul 1pm,213828,10-07-2024 13:00,33.73,54.31
2024,10-Jul 2pm,213069,10-07-2024 14:00,33.91,46.66
2024,10-Jul 3pm,215638,10-07-2024 15:00,34.77,46.44
2024,10-Jul 4pm,211441,10-07-2024 16:00,34.7,50.41
2024,10-Jul 5pm,206339,10-07-2024 17:00,35.28,41.14
2024,10-Jul 6pm,199722,10-07-2024 18:00,32.41,49.8
2024,10-Jul 7pm,206591,10-07-2024 19:00,31.87,50.99
2024,10-Jul 8pm,211723,10-07-2024 20:00,32.25,46.8
2024,10-Jul 9pm,213123,10-07-2024 21:00,29.4,49.8
2024,10-Jul 10pm,213326,10-07-2024 22:00,29.35,51.58
2024,10-Jul 11pm,213213,10-07-2024 23:00,28.68,39.33
2024,11-Jul 12am,209317,11-07-2024 00:00,26.46,61.79
2024,11-Jul 1am,204638,11-07-2024 01:00,25.88,59.51
2024,11-Jul 2am,201084,11-07-2024 02:00,25.84,58.34
2024,11-Jul 3am,197622,11-07-2024 03:00,25.56,58.04
2024,11-Jul 4am,196263,11-07-2024 04:00,25.99,59.11
2024,11-Jul 5am,196730,11-07-2024 05:00,25.61,55.23
2024,11-Jul 6am,199803,11-07-2024 06:00,27.75,61.69
2024,11-Jul 7am,203213,11-07-2024 07:00,27.82,63.45
2024,11-Jul 8am,205058,11-07-2024 08:00,28.31,38.55
2024,11-Jul 9am,209181,11-07-2024 09:00,31.38,45.46
2024,11-Jul 10am,216148,11-07-2024 10:00,30.8,54.87
2024,11-Jul 11am,217653,11-07-2024 11:00,31.36,47.64
2024,11-Jul 12pm,219667,11-07-2024 12:00,34.36,46.27
2024,11-Jul 1pm,217240,11-07-2024 13:00,34.26,48.7
2024,11-Jul 2pm,216357,11-07-2024 14:00,33.65,52.39
2024,11-Jul 3pm,218493,11-07-2024 15:00,35.19,37.94
2024,11-Jul 4pm,216030,11-07-2024 16:00,35.45,40.75
2024,11-Jul 5pm,211074,11-07-2024 17:00,35.18,39.16
2024,11-Jul 6pm,204563,11-07-2024 18:00,31.83,46.18
2024,11-Jul 7pm,209585,11-07-2024 19:00,32,48.3
2024,11-Jul 8pm,214285,11-07-2024 20:00,32.15,52.25
2024,11-Jul 9pm,214573,11-07-2024 21:00,29.01,51.12
2024,11-Jul 10pm,215223,11-07-2024 22:00,28.62,36.2
2024,11-Jul 11pm,215552,11-07-2024 23:00,28.81,36.63
2024,12-Jul 12am,209814,12-07-2024 00:00,26.3,61.41
2024,12-Jul 1am,206467,12-07-2024 01:00,26.36,63.13
2024,12-Jul 2am,201618,12-07-2024 02:00,25.64,58.49
2024,12-Jul 3am,196701,12-07-2024 03:00,26.45,60.95
2024,12-Jul 4am,194017,12-07-2024 04:00,25.83,56.71
2024,12-Jul 5am,194457,12-07-2024 05:00,26.16,58.11
2024,12-Jul 6am,195905,12-07-2024 06:00,28.25,35.2
2024,12-Jul 7am,199743,12-07-2024 07:00,28.31,42.68
2024,12-Jul 8am,198631,12-07-2024 08:00,28.45,39.01
2024,12-Jul 9am,203291,12-07-2024 09:00,30.81,53.16
2024,12-Jul 10am,209852,12-07-2024 10:00,31.36,52.08
2024,12-Jul 11am,210720,12-07-2024 11:00,30.63,53.29
2024,12-Jul 12pm,212234,12-07-2024 12:00,34.21,47.86
2024,12-Jul 1pm,209803,12-07-2024 13:00,34.24,46.85
2024,12-Jul 2pm,209157,12-07-2024 14:00,34.18,54.72
2024,12-Jul 3pm,212382,12-07-2024 15:00,34.75,52.17
2024,12-Jul 4pm,209567,12-07-2024 16:00,35.37,43.34
2024,12-Jul 5pm,204404,12-07-2024 17:00,34.67,45.13
2024,12-Jul 6pm,197254,12-07-2024 18:00,31.55,48.54
2024,12-Jul 7pm,203007,12-07-2024 19:00,32.22,52.43
2024,12-Jul 8pm,208991,12-07-2024 20:00,31.98,45.78
2024,12-Jul 9pm,207325,12-07-2024 21:00,29.35,50.67
2024,12-Jul 10pm,207017,12-07-2024 22:00,28.88,39.29
2024,12-Jul 11pm,206930,12-07-2024 23:00,28.67,35.18
2024,13-Jul 12am,201902,13-07-2024 00:00,26.34,57.36
2024,13-Jul 1am,197349,13-07-2024 01:00,26.05,57.85
2024,13-Jul 2am,191637,13-07-2024 02:00,25.69,56.12
2024,13-Jul 3am,187423,13-07-2024 03:00,26.22,61.32
2024,13-Jul 4am,185742,13-07-2024 04:00,26.01,57.42
2024,13-Jul 5am,185552,13-07-2024 05:00,26.1,57.78
2024,13-Jul 6am,187966,13-07-2024 06:00,27.96,63.98
2024,13-Jul 7am,191806,13-07-2024 07:00,28.33,39.67
2024,13-Jul 8am,191355,13-07-2024 08:00,28.33,38.92
2024,13-Jul 9am,197472,13-07-2024 09:00,31.21,52.24
2024,13-Jul 10am,205225,13-07-2024 10:00,30.61,54.1
2024,13-Jul 11am,206103,13-07-2024 11:00,31.34,45.25
2024,13-Jul 12pm,206500,13-07-2024 12:00,34.17,49.48
2024,13-Jul 1pm,205978,13-07-2024 13:00,34.2,51.11
2024,13-Jul 2pm,206679,13-07-2024 14:00,33.86,48.19
2024,13-Jul 3pm,210453,13-07-2024 15:00,35.38,42.72
2024,13-Jul 4pm,207964,13-07-2024 16:00,35.23,44.71
2024,13-Jul 5pm,201652,13-07-2024 17:00,34.61,54.43
2024,13-Jul 6pm,198073,13-07-2024 18:00,31.91,47.66
2024,13-Jul 7pm,206069,13-07-2024 19:00,32.39,47.26
2024,13-Jul 8pm,211097,13-07-2024 20:00,31.55,54.57
2024,13-Jul 9pm,211354,13-07-2024 21:00,29.46,49.59
2024,13-Jul 10pm,211016,13-07-2024 22:00,29.18,47.08
2024,13-Jul 11pm,211049,13-07-2024 23:00,29.13,52.07
2024,14-Jul 12am,206424,14-07-2024 00:00,25.77,57.84
2024,14-Jul 1am,202384,14-07-2024 01:00,25.75,57.67
2024,14-Jul 2am,197747,14-07-2024 02:00,26.44,63.79
2024,14-Jul 3am,193792,14-07-2024 03:00,25.8,56.62
2024,14-Jul 4am,190440,14-07-2024 04:00,26.28,55.64
2024,14-Jul 5am,190158,14-07-2024 05:00,25.89,57.69
2024,14-Jul 6am,189311,14-07-2024 06:00,27.64,61.07
2024,14-Jul 7am,189935,14-07-2024 07:00,27.51,56.23
2024,14-Jul 8am,190693,14-07-2024 08:00,28.04,39.72
2024,14-Jul 9am,196223,14-07-2024 09:00,31.48,51.27
2024,14-Jul 10am,201771,14-07-2024 10:00,30.87,53.49
2024,14-Jul 11am,203633,14-07-2024 11:00,30.86,47.3
2024,14-Jul 12pm,204123,14-07-2024 12:00,33.84,53.17
2024,14-Jul 1pm,202057,14-07-2024 13:00,34.02,47.35
2024,14-Jul 2pm,200142,14-07-2024 14:00,33.94,51.77
2024,14-Jul 3pm,200637,14-07-2024 15:00,35.38,39.31
2024,14-Jul 4pm,197490,14-07-2024 16:00,35.01,36.15
2024,14-Jul 5pm,191879,14-07-2024 17:00,35.01,42.14
2024,14-Jul 6pm,187537,14-07-2024 18:00,31.64,47.18
2024,14-Jul 7pm,195358,14-07-2024 19:00,32.48,46.77
2024,14-Jul 8pm,203454,14-07-2024 20:00,31.75,48.58
2024,14-Jul 9pm,204658,14-07-2024 21:00,28.57,41.53
2024,14-Jul 10pm,206704,14-07-2024 22:00,29.16,47.34
2024,14-Jul 11pm,205486,14-07-2024 23:00,29.1,46.84
2024,15-Jul 12am,202663,15-07-2024 00:00,25.92,55.1
2024,15-Jul 1am,197648,15-07-2024 01:00,25.92,59.72
2024,15-Jul 2am,193795,15-07-2024 02:00,26.29,59.29
2024,15-Jul 3am,190418,15-07-2024 03:00,25.7,57.34
2024,15-Jul 4am,189869,15-07-2024 04:00,26.32,55.54
2024,15-Jul 5am,189636,15-07-2024 05:00,26.15,59.29
2024,15-Jul 6am,191455,15-07-2024 06:00,27.92,62.88
2024,15-Jul 7am,197315,15-07-2024 07:00,27.96,62.15
2024,15-Jul 8am,198835,15-07-2024 08:00,27.76,63.61
2024,15-Jul 9am,204555,15-07-2024 09:00,31.25,45.1
2024,15-Jul 10am,211198,15-07-2024 10:00,31.01,54.66
2024,15-Jul 11am,211681,15-07-2024 11:00,30.82,48.41
2024,15-Jul 12pm,212223,15-07-2024 12:00,34.1,54.9
2024,15-Jul 1pm,209893,15-07-2024 13:00,34.5,47.53
2024,15-Jul 2pm,209248,15-07-2024 14:00,33.94,49.72
2024,15-Jul 3pm,212209,15-07-2024 15:00,35.42,38.54
2024,15-Jul 4pm,209280,15-07-2024 16:00,34.85,48.56
2024,15-Jul 5pm,206418,15-07-2024 17:00,34.55,53.42
2024,15-Jul 6pm,202855,15-07-2024 18:00,31.7,52.46
2024,15-Jul 7pm,207463,15-07-2024 19:00,31.92,54.92
2024,15-Jul 8pm,208696,15-07-2024 20:00,31.72,51.14
2024,15-Jul 9pm,207677,15-07-2024 21:00,28.5,39.63
2024,15-Jul 10pm,207143,15-07-2024 22:00,29.42,45.9
2024,15-Jul 11pm,206383,15-07-2024 23:00,29.34,54.97
2024,16-Jul 12am,202010,16-07-2024 00:00,26.24,60.52
2024,16-Jul 1am,198359,16-07-2024 01:00,25.67,62
2024,16-Jul 2am,194838,16-07-2024 02:00,25.62,59.07
2024,16-Jul 3am,192683,16-07-2024 03:00,25.57,60.48
2024,16-Jul 4am,192910,16-07-2024 04:00,26.22,64.43
2024,16-Jul 5am,193196,16-07-2024 05:00,26.43,56.66
2024,16-Jul 6am,195296,16-07-2024 06:00,27.93,57.92
2024,16-Jul 7am,199787,16-07-2024 07:00,27.62,56.52
2024,16-Jul 8am,200681,16-07-2024 08:00,28.01,42.92
2024,16-Jul 9am,206303,16-07-2024 09:00,30.85,45.62
2024,16-Jul 10am,210927,16-07-2024 10:00,30.87,45.82
2024,16-Jul 11am,213197,16-07-2024 11:00,31.12,47.98
2024,16-Jul 12pm,213471,16-07-2024 12:00,34.22,50.14
2024,16-Jul 1pm,212614,16-07-2024 13:00,33.61,49.06
2024,16-Jul 2pm,214607,16-07-2024 14:00,33.54,45.45
2024,16-Jul 3pm,215598,16-07-2024 15:00,35.49,44.57
2024,16-Jul 4pm,213518,16-07-2024 16:00,34.73,54.53
2024,16-Jul 5pm,209160,16-07-2024 17:00,34.55,47.79
2024,16-Jul 6pm,207228,16-07-2024 18:00,31.69,52.32
2024,16-Jul 7pm,210529,16-07-2024 19:00,31.54,50.79
2024,16-Jul 8pm,214793,16-07-2024 20:00,31.89,47.37
2024,16-Jul 9pm,212971,16-07-2024 21:00,29.3,47.62
2024,16-Jul 10pm,211719,16-07-2024 22:00,28.84,39.91
2024,16-Jul 11pm,210931,16-07-2024 23:00,28.94,39.19
2024,17-Jul 12am,207261,17-07-2024 00:00,26.18,57.91
2024,17-Jul 1am,204366,17-07-2024 01:00,26.01,63.08
2024,17-Jul 2am,200349,17-07-2024 02:00,26.36,59.81
2024,17-Jul 3am,197333,17-07-2024 03:00,26.37,61.55
2024,17-Jul 4am,195755,17-07-2024 04:00,25.51,56.89
2024,17-Jul 5am,195943,17-07-2024 05:00,26.28,60.34
2024,17-Jul 6am,195845,17-07-2024 06:00,27.96,58.18
2024,17-Jul 7am,200533,17-07-2024 07:00,28.49,40.26
2024,17-Jul 8am,204523,17-07-2024 08:00,27.98,62.81
2024,17-Jul 9am,211096,17-07-2024 09:00,31.49,52.69
2024,17-Jul 10am,213851,17-07-2024 10:00,31.25,48.54
2024,17-Jul 11am,216944,17-07-2024 11:00,30.75,51.94
2024,17-Jul 12pm,217211,17-07-2024 12:00,34.04,54.41
2024,17-Jul 1pm,214977,17-07-2024 13:00,34.49,51.26
2024,17-Jul 2pm,211948,17-07-2024 14:00,34.36,46.48
2024,17-Jul 3pm,211487,17-07-2024 15:00,34.6,51.8
2024,17-Jul 4pm,207532,17-07-2024 16:00,35.21,36.05
2024,17-Jul 5pm,201679,17-07-2024 17:00,34.85,53.72
2024,17-Jul 6pm,195472,17-07-2024 18:00,31.51,50.17
2024,17-Jul 7pm,200190,17-07-2024 19:00,31.9,48.85
2024,17-Jul 8pm,209145,17-07-2024 20:00,31.73,45.57
2024,17-Jul 9pm,209841,17-07-2024 21:00,29.32,48.81
2024,17-Jul 10pm,210241,17-07-2024 22:00,28.84,44.03
2024,17-Jul 11pm,210476,17-07-2024 23:00,29.33,45.21
2024,18-Jul 12am,207185,18-07-2024 00:00,25.5,59.75
2024,18-Jul 1am,204220,18-07-2024 01:00,25.81,64.31
2024,18-Jul 2am,201226,18-07-2024 02:00,25.74,58.95
2024,18-Jul 3am,198828,18-07-2024 03:00,25.73,59.28
2024,18-Jul 4am,196982,18-07-2024 04:00,25.57,60.79
2024,18-Jul 5am,197570,18-07-2024 05:00,25.69,59.63
2024,18-Jul 6am,198920,18-07-2024 06:00,28.06,36.69
2024,18-Jul 7am,205737,18-07-2024 07:00,27.79,55.19
2024,18-Jul 8am,208102,18-07-2024 08:00,27.92,61.1
2024,18-Jul 9am,211534,18-07-2024 09:00,30.88,54.21
2024,18-Jul 10am,215624,18-07-2024 10:00,31.38,46.06
2024,18-Jul 11am,216286,18-07-2024 11:00,31.41,47.11
2024,18-Jul 12pm,215887,18-07-2024 12:00,33.99,48.7
2024,18-Jul 1pm,211879,18-07-2024 13:00,33.83,53.09
2024,18-Jul 2pm,212091,18-07-2024 14:00,33.61,47.69
2024,18-Jul 3pm,213901,18-07-2024 15:00,35.45,43.82
2024,18-Jul 4pm,212726,18-07-2024 16:00,34.56,45.55
2024,18-Jul 5pm,207418,18-07-2024 17:00,34.8,54.41
2024,18-Jul 6pm,202286,18-07-2024 18:00,31.8,50.61
2024,18-Jul 7pm,206915,18-07-2024 19:00,31.82,51.59
2024,18-Jul 8pm,211610,18-07-2024 20:00,31.66,48.68
2024,18-Jul 9pm,211473,18-07-2024 21:00,29.28,52.82
2024,18-Jul 10pm,210313,18-07-2024 22:00,28.62,36.67
2024,18-Jul 11pm,208307,18-07-2024 23:00,29.13,45.49
2024,19-Jul 12am,204640,19-07-2024 00:00,25.62,58.96
2024,19-Jul 1am,200134,19-07-2024 01:00,25.57,63.54
2024,19-Jul 2am,196478,19-07-2024 02:00,26.41,62.55
2024,19-Jul 3am,193933,19-07-2024 03:00,25.69,60.17
2024,19-Jul 4am,192544,19-07-2024 04:00,26.32,60.72
2024,19-Jul 5am,192841,19-07-2024 05:00,26.04,56.3
2024,19-Jul 6am,195932,19-07-2024 06:00,27.58,63.41
2024,19-Jul 7am,201700,19-07-2024 07:00,28.46,42.87
2024,19-Jul 8am,201861,19-07-2024 08:00,27.75,61.56
2024,19-Jul 9am,207145,19-07-2024 09:00,31.36,49.66
2024,19-Jul 10am,212385,19-07-2024 10:00,30.67,54.64
2024,19-Jul 11am,213860,19-07-2024 11:00,31.35,53.79
2024,19-Jul 12pm,212229,19-07-2024 12:00,33.51,51.44
2024,19-Jul 1pm,210732,19-07-2024 13:00,34.01,48.72
2024,19-Jul 2pm,209665,19-07-2024 14:00,34.27,51.18
2024,19-Jul 3pm,214041,19-07-2024 15:00,35.43,40.75
2024,19-Jul 4pm,210731,19-07-2024 16:00,35.41,38.94
2024,19-Jul 5pm,205434,19-07-2024 17:00,35.32,38.07
2024,19-Jul 6pm,202015,19-07-2024 18:00,32.39,49.07
2024,19-Jul 7pm,207790,19-07-2024 19:00,31.7,50.74
2024,19-Jul 8pm,212696,19-07-2024 20:00,31.78,49.28
2024,19-Jul 9pm,211506,19-07-2024 21:00,28.79,37.64
2024,19-Jul 10pm,209554,19-07-2024 22:00,28.88,42.61
2024,19-Jul 11pm,208575,19-07-2024 23:00,28.89,40.31
2024,20-Jul 12am,204435,20-07-2024 00:00,26.04,55.68
2024,20-Jul 1am,201831,20-07-2024 01:00,25.66,58.68
2024,20-Jul 2am,197933,20-07-2024 02:00,26.19,63.85
2024,20-Jul 3am,194535,20-07-2024 03:00,25.67,62.55
2024,20-Jul 4am,194535,20-07-2024 04:00,25.81,58.23
2024,20-Jul 5am,194535,20-07-2024 05:00,26,64.38
2024,20-Jul 6am,194535,20-07-2024 06:00,28.3,35.77
2024,20-Jul 7am,195948,20-07-2024 07:00,28.24,44.61
2024,20-Jul 8am,195948,20-07-2024 08:00,28.15,37.46
2024,20-Jul 9am,195948,20-07-2024 09:00,30.66,45.09
2024,20-Jul 10am,210116,20-07-2024 10:00,31.05,49.34
2024,20-Jul 11am,210823,20-07-2024 11:00,30.59,48.59
2024,20-Jul 12pm,209996,20-07-2024 12:00,33.88,50.39
2024,20-Jul 1pm,207796,20-07-2024 13:00,33.91,52.97
2024,20-Jul 2pm,210591,20-07-2024 14:00,33.54,53.42
2024,20-Jul 3pm,211178,20-07-2024 15:00,34.77,49.01
2024,20-Jul 4pm,207230,20-07-2024 16:00,35.46,39.3
2024,20-Jul 5pm,203513,20-07-2024 17:00,35.45,36.48
2024,20-Jul 6pm,203438,20-07-2024 18:00,31.85,45.48
2024,20-Jul 7pm,212678,20-07-2024 19:00,31.54,51.41
2024,20-Jul 8pm,212369,20-07-2024 20:00,31.68,45.64
2024,20-Jul 9pm,211207,20-07-2024 21:00,28.89,42.34
2024,20-Jul 10pm,209650,20-07-2024 22:00,29.45,50.39
2024,20-Jul 11pm,206782,20-07-2024 23:00,28.64,36.99
2024,21-Jul 12am,203629,21-07-2024 00:00,26.26,60.4
2024,21-Jul 1am,200168,21-07-2024 01:00,25.61,56.83
2024,21-Jul 2am,196254,21-07-2024 02:00,26.48,59.39
2024,21-Jul 3am,194659,21-07-2024 03:00,25.88,63
2024,21-Jul 4am,194432,21-07-2024 04:00,26.28,59.62
2024,21-Jul 5am,192479,21-07-2024 05:00,25.84,56.49
2024,21-Jul 6am,196067,21-07-2024 06:00,28.13,42.24
2024,21-Jul 7am,197008,21-07-2024 07:00,27.69,56.87
2024,21-Jul 8am,198326,21-07-2024 08:00,27.65,62.39
2024,21-Jul 9am,202532,21-07-2024 09:00,31.44,49.79
2024,21-Jul 10am,204039,21-07-2024 10:00,31.42,49.54
2024,21-Jul 11am,204820,21-07-2024 11:00,31.39,53.51
2024,21-Jul 12pm,204435,21-07-2024 12:00,34.13,52.09
2024,21-Jul 1pm,202489,21-07-2024 13:00,34.31,45.33
2024,21-Jul 2pm,203680,21-07-2024 14:00,33.57,47.96
2024,21-Jul 3pm,201279,21-07-2024 15:00,34.83,53.71
2024,21-Jul 4pm,194915,21-07-2024 16:00,34.81,45.18
2024,21-Jul 5pm,189375,21-07-2024 17:00,35.14,40.45
2024,21-Jul 6pm,188919,21-07-2024 18:00,31.86,52.28
2024,21-Jul 7pm,202238,21-07-2024 19:00,31.65,51.22
2024,21-Jul 8pm,205037,21-07-2024 20:00,32.1,52.61
2024,21-Jul 9pm,205366,21-07-2024 21:00,29.31,52.26
2024,21-Jul 10pm,204774,21-07-2024 22:00,28.88,41.92
2024,21-Jul 11pm,202388,21-07-2024 23:00,28.63,43.22
2024,22-Jul 12am,198143,22-07-2024 00:00,25.7,61.46
2024,22-Jul 1am,195707,22-07-2024 01:00,25.74,59.02
2024,22-Jul 2am,192058,22-07-2024 02:00,25.8,59.72
2024,22-Jul 3am,191072,22-07-2024 03:00,26.14,62.17
2024,22-Jul 4am,190363,22-07-2024 04:00,26.1,63.76
2024,22-Jul 5am,189320,22-07-2024 05:00,26.2,57.72
2024,22-Jul 6am,196032,22-07-2024 06:00,27.86,58.42
2024,22-Jul 7am,201331,22-07-2024 07:00,28.32,44.31
2024,22-Jul 8am,205481,22-07-2024 08:00,27.7,60.79
2024,22-Jul 9am,212284,22-07-2024 09:00,30.97,46.79
2024,22-Jul 10am,215285,22-07-2024 10:00,31.3,51.64
2024,22-Jul 11am,215339,22-07-2024 11:00,30.68,54.91
2024,22-Jul 12pm,214236,22-07-2024 12:00,33.61,53.23
2024,22-Jul 1pm,210165,22-07-2024 13:00,34.38,52.46
2024,22-Jul 2pm,211756,22-07-2024 14:00,33.84,47.08
2024,22-Jul 3pm,207238,22-07-2024 15:00,35.18,43.76
2024,22-Jul 4pm,205909,22-07-2024 16:00,34.53,50.26
2024,22-Jul 5pm,201945,22-07-2024 17:00,35.19,43.89
2024,22-Jul 6pm,201938,22-07-2024 18:00,31.82,48.3
2024,22-Jul 7pm,210747,22-07-2024 19:00,31.56,45.62
2024,22-Jul 8pm,211997,22-07-2024 20:00,32.11,49.76
2024,22-Jul 9pm,211703,22-07-2024 21:00,28.74,37.7
2024,22-Jul 10pm,210899,22-07-2024 22:00,28.89,42.15
2024,22-Jul 11pm,207606,22-07-2024 23:00,28.58,44.57
2024,23-Jul 12am,203297,23-07-2024 00:00,25.65,61.91
2024,23-Jul 1am,198200,23-07-2024 01:00,25.8,63.87
2024,23-Jul 2am,194341,23-07-2024 02:00,25.59,59.53
2024,23-Jul 3am,192722,23-07-2024 03:00,26.41,62.72
2024,23-Jul 4am,191909,23-07-2024 04:00,25.51,63.43
2024,23-Jul 5am,191634,23-07-2024 05:00,25.98,62.11
2024,23-Jul 6am,197907,23-07-2024 06:00,27.62,60.08
2024,23-Jul 7am,200311,23-07-2024 07:00,27.81,61.26
2024,23-Jul 8am,203000,23-07-2024 08:00,28.43,42.01
2024,23-Jul 9am,209026,23-07-2024 09:00,30.66,47.53
2024,23-Jul 10am,213036,23-07-2024 10:00,31.47,53.1
2024,23-Jul 11am,212470,23-07-2024 11:00,30.71,54.5
2024,23-Jul 12pm,212257,23-07-2024 12:00,34.24,49.65
2024,23-Jul 1pm,207719,23-07-2024 13:00,34.05,52.01
2024,23-Jul 2pm,210672,23-07-2024 14:00,34.38,52.37
2024,23-Jul 3pm,209004,23-07-2024 15:00,35.05,41.62
2024,23-Jul 4pm,205393,23-07-2024 16:00,35.03,40.47
2024,23-Jul 5pm,203051,23-07-2024 17:00,34.7,53.82
2024,23-Jul 6pm,203622,23-07-2024 18:00,31.67,49.49
2024,23-Jul 7pm,213232,23-07-2024 19:00,32.42,45.61
2024,23-Jul 8pm,212453,23-07-2024 20:00,31.83,53.45
2024,23-Jul 9pm,211673,23-07-2024 21:00,28.87,41.74
2024,23-Jul 10pm,211126,23-07-2024 22:00,29.26,53.49
2024,23-Jul 11pm,207725,23-07-2024 23:00,28.84,36.39
2024,24-Jul 12am,203010,24-07-2024 00:00,26.45,55.31
2024,24-Jul 1am,197632,24-07-2024 01:00,26.24,64.34
2024,24-Jul 2am,192931,24-07-2024 02:00,26.1,56.48
2024,24-Jul 3am,190971,24-07-2024 03:00,26.38,63.1
2024,24-Jul 4am,189853,24-07-2024 04:00,25.55,63.23
2024,24-Jul 5am,189394,24-07-2024 05:00,25.76,62.09
2024,24-Jul 6am,194683,24-07-2024 06:00,27.97,56.31
2024,24-Jul 7am,196357,24-07-2024 07:00,27.73,61.67
2024,24-Jul 8am,197357,24-07-2024 08:00,28.24,43.89
2024,24-Jul 9am,202565,24-07-2024 09:00,31.42,49.26
2024,24-Jul 10am,206220,24-07-2024 10:00,30.92,49.14
2024,24-Jul 11am,207882,24-07-2024 11:00,30.84,49.43
2024,24-Jul 12pm,205015,24-07-2024 12:00,34.46,45.82
2024,24-Jul 1pm,201956,24-07-2024 13:00,33.94,53.92
2024,24-Jul 2pm,204869,24-07-2024 14:00,33.99,53.69
2024,24-Jul 3pm,203595,24-07-2024 15:00,34.85,54.98
2024,24-Jul 4pm,201975,24-07-2024 16:00,35.41,40.85
2024,24-Jul 5pm,197224,24-07-2024 17:00,35.07,42.51
2024,24-Jul 6pm,199450,24-07-2024 18:00,32.26,47.03
2024,24-Jul 7pm,209665,24-07-2024 19:00,32.31,51.68
2024,24-Jul 8pm,209455,24-07-2024 20:00,31.84,51.5
2024,24-Jul 9pm,208713,24-07-2024 21:00,28.93,44.01
2024,24-Jul 10pm,207748,24-07-2024 22:00,29.35,53.31
2024,24-Jul 11pm,203547,24-07-2024 23:00,28.86,44.38
2024,25-Jul 12am,198435,25-07-2024 00:00,26.29,63.69
2024,25-Jul 1am,193167,25-07-2024 01:00,26.44,63.69
2024,25-Jul 2am,189616,25-07-2024 02:00,26.12,55.64
2024,25-Jul 3am,187858,25-07-2024 03:00,26.24,63.46
2024,25-Jul 4am,187424,25-07-2024 04:00,26.31,61.07
2024,25-Jul 5am,188174,25-07-2024 05:00,26.35,58.8
2024,25-Jul 6am,193951,25-07-2024 06:00,27.9,55.57
2024,25-Jul 7am,196944,25-07-2024 07:00,27.55,61.78
2024,25-Jul 8am,199066,25-07-2024 08:00,27.9,58.28
2024,25-Jul 9am,205568,25-07-2024 09:00,31.17,49.68
2024,25-Jul 10am,207667,25-07-2024 10:00,30.95,51.82
2024,25-Jul 11am,207801,25-07-2024 11:00,31.25,54.12
2024,25-Jul 12pm,206869,25-07-2024 12:00,33.86,53.25
2024,25-Jul 1pm,203343,25-07-2024 13:00,34.13,49.51
2024,25-Jul 2pm,205099,25-07-2024 14:00,33.69,48.88
2024,25-Jul 3pm,202512,25-07-2024 15:00,35.25,37.4
2024,25-Jul 4pm,200572,25-07-2024 16:00,35.05,38.72
2024,25-Jul 5pm,198202,25-07-2024 17:00,34.7,46.11
2024,25-Jul 6pm,199518,25-07-2024 18:00,31.79,54.71
2024,25-Jul 7pm,208922,25-07-2024 19:00,32.25,50.74
2024,25-Jul 8pm,209939,25-07-2024 20:00,31.98,46.28
2024,25-Jul 9pm,209965,25-07-2024 21:00,28.72,38.53
2024,25-Jul 10pm,208636,25-07-2024 22:00,29.47,50.47
2024,25-Jul 11pm,204160,25-07-2024 23:00,29.22,50.33
2024,26-Jul 12am,199425,26-07-2024 00:00,26.46,55.36
2024,26-Jul 1am,194483,26-07-2024 01:00,25.93,64.51
2024,26-Jul 2am,191106,26-07-2024 02:00,25.98,57.75
2024,26-Jul 3am,189013,26-07-2024 03:00,26.4,55.16
2024,26-Jul 4am,187544,26-07-2024 04:00,26.03,55.76
2024,26-Jul 5am,187937,26-07-2024 05:00,26.21,60.8
2024,26-Jul 6am,193241,26-07-2024 06:00,27.75,56.38
2024,26-Jul 7am,197669,26-07-2024 07:00,27.95,55.42
2024,26-Jul 8am,201112,26-07-2024 08:00,27.62,58.8
2024,26-Jul 9am,208905,26-07-2024 09:00,30.71,51.23
2024,26-Jul 10am,211677,26-07-2024 10:00,30.5,46.12
2024,26-Jul 11am,211593,26-07-2024 11:00,30.54,48.13
2024,26-Jul 12pm,209180,26-07-2024 12:00,34.48,49.18
2024,26-Jul 1pm,204538,26-07-2024 13:00,33.74,46.59
2024,26-Jul 2pm,208882,26-07-2024 14:00,34.16,50.06
2024,26-Jul 3pm,206910,26-07-2024 15:00,35.34,35.85
2024,26-Jul 4pm,202820,26-07-2024 16:00,35.05,35.47
2024,26-Jul 5pm,201077,26-07-2024 17:00,34.65,50.2
2024,26-Jul 6pm,201868,26-07-2024 18:00,32.23,47.48
2024,26-Jul 7pm,209919,26-07-2024 19:00,32.1,45.95
2024,26-Jul 8pm,210067,26-07-2024 20:00,32.23,49.24
2024,26-Jul 9pm,208601,26-07-2024 21:00,29.27,54.15
2024,26-Jul 10pm,207624,26-07-2024 22:00,29.48,52.24
2024,26-Jul 11pm,205373,26-07-2024 23:00,29.07,53.16
2024,27-Jul 12am,200796,27-07-2024 00:00,25.84,63.72
2024,27-Jul 1am,195817,27-07-2024 01:00,26.15,64.73
2024,27-Jul 2am,192100,27-07-2024 02:00,25.57,62.63
2024,27-Jul 3am,190272,27-07-2024 03:00,26.4,61.08
2024,27-Jul 4am,189423,27-07-2024 04:00,25.62,58.65
2024,27-Jul 5am,188230,27-07-2024 05:00,25.83,56.82
2024,27-Jul 6am,193970,27-07-2024 06:00,28.32,41.87
2024,27-Jul 7am,195946,27-07-2024 07:00,28.1,44.95
2024,27-Jul 8am,199358,27-07-2024 08:00,27.89,59.67
2024,27-Jul 9am,206709,27-07-2024 09:00,30.97,52.24
2024,27-Jul 10am,209515,27-07-2024 10:00,31.35,49.95
2024,27-Jul 11am,208692,27-07-2024 11:00,30.84,49.32
2024,27-Jul 12pm,207928,27-07-2024 12:00,34.37,49.1
2024,27-Jul 1pm,203076,27-07-2024 13:00,33.59,50.05
2024,27-Jul 2pm,207146,27-07-2024 14:00,34.28,48.67
2024,27-Jul 3pm,206348,27-07-2024 15:00,35.35,42.49
2024,27-Jul 4pm,203883,27-07-2024 16:00,34.68,53.74
2024,27-Jul 5pm,199927,27-07-2024 17:00,34.93,53.83
2024,27-Jul 6pm,200533,27-07-2024 18:00,31.67,47.28
2024,27-Jul 7pm,209835,27-07-2024 19:00,32.21,53.96
2024,27-Jul 8pm,209121,27-07-2024 20:00,32.04,48.42
2024,27-Jul 9pm,208874,27-07-2024 21:00,29.14,48.09
2024,27-Jul 10pm,208098,27-07-2024 22:00,28.7,42.27
2024,27-Jul 11pm,204346,27-07-2024 23:00,28.71,38.05
2024,28-Jul 12am,201405,28-07-2024 00:00,25.54,55.53
2024,28-Jul 1am,197496,28-07-2024 01:00,25.82,58.74
2024,28-Jul 2am,193633,28-07-2024 02:00,26.06,62.21
2024,28-Jul 3am,192288,28-07-2024 03:00,26.36,58.27
2024,28-Jul 4am,191158,28-07-2024 04:00,26.17,61.3
2024,28-Jul 5am,189993,28-07-2024 05:00,25.94,61.6
2024,28-Jul 6am,191412,28-07-2024 06:00,28.45,42.34
2024,28-Jul 7am,192839,28-07-2024 07:00,28.22,43.97
2024,28-Jul 8am,196717,28-07-2024 08:00,28.43,39.33
2024,28-Jul 9am,202001,28-07-2024 09:00,31.03,46.66
2024,28-Jul 10am,202303,28-07-2024 10:00,30.76,48.19
2024,28-Jul 11am,203103,28-07-2024 11:00,30.55,49.32
2024,28-Jul 12pm,203221,28-07-2024 12:00,34.23,52.14
2024,28-Jul 1pm,201053,28-07-2024 13:00,33.62,45.13
2024,28-Jul 2pm,201520,28-07-2024 14:00,33.8,48.16
2024,28-Jul 3pm,199721,28-07-2024 15:00,35.03,42.8
2024,28-Jul 4pm,195681,28-07-2024 16:00,35.06,41.71
2024,28-Jul 5pm,190480,28-07-2024 17:00,35.1,42.32
2024,28-Jul 6pm,191057,28-07-2024 18:00,31.67,53.12
2024,28-Jul 7pm,203202,28-07-2024 19:00,31.88,52.83
2024,28-Jul 8pm,206678,28-07-2024 20:00,32.12,51.82
2024,28-Jul 9pm,206363,28-07-2024 21:00,29.47,49.4
2024,28-Jul 10pm,206401,28-07-2024 22:00,29.23,54.84
2024,28-Jul 11pm,203744,28-07-2024 23:00,29.42,50.69
2024,29-Jul 12am,200670,29-07-2024 00:00,26.26,57.03
2024,29-Jul 1am,195830,29-07-2024 01:00,26.09,57.93
2024,29-Jul 2am,193761,29-07-2024 02:00,25.69,61.94
2024,29-Jul 3am,191518,29-07-2024 03:00,26.17,64.25
2024,29-Jul 4am,191758,29-07-2024 04:00,26.12,56.79
2024,29-Jul 5am,190574,29-07-2024 05:00,26.1,55.82
2024,29-Jul 6am,197940,29-07-2024 06:00,27.99,63.82
2024,29-Jul 7am,202706,29-07-2024 07:00,28.03,44.15
2024,29-Jul 8am,208205,29-07-2024 08:00,27.83,57.76
2024,29-Jul 9am,216339,29-07-2024 09:00,31.02,48.77
2024,29-Jul 10am,220512,29-07-2024 10:00,30.7,51.6
2024,29-Jul 11am,221575,29-07-2024 11:00,31.31,48.3
2024,29-Jul 12pm,220514,29-07-2024 12:00,33.69,53.77
2024,29-Jul 1pm,216818,29-07-2024 13:00,33.58,46.08
2024,29-Jul 2pm,220764,29-07-2024 14:00,33.94,45.38
2024,29-Jul 3pm,220053,29-07-2024 15:00,35.16,37.08
2024,29-Jul 4pm,216388,29-07-2024 16:00,34.94,47.86
2024,29-Jul 5pm,210145,29-07-2024 17:00,34.78,46.13
2024,29-Jul 6pm,206906,29-07-2024 18:00,32.06,45.66
2024,29-Jul 7pm,213986,29-07-2024 19:00,31.85,52.56
2024,29-Jul 8pm,211822,29-07-2024 20:00,32.43,46.64
2024,29-Jul 9pm,211165,29-07-2024 21:00,29.42,54.14
2024,29-Jul 10pm,209985,29-07-2024 22:00,29,48.68
2024,29-Jul 11pm,207040,29-07-2024 23:00,28.83,41.71
2024,30-Jul 12am,204491,30-07-2024 00:00,26.24,57.25
2024,30-Jul 1am,202044,30-07-2024 01:00,25.54,57.4
2024,30-Jul 2am,199904,30-07-2024 02:00,25.97,60.75
2024,30-Jul 3am,197708,30-07-2024 03:00,25.84,60.61
2024,30-Jul 4am,198215,30-07-2024 04:00,26.42,62.69
2024,30-Jul 5am,197655,30-07-2024 05:00,25.51,62.58
2024,30-Jul 6am,203225,30-07-2024 06:00,28.05,41.71
2024,30-Jul 7am,209038,30-07-2024 07:00,28.24,39.49
2024,30-Jul 8am,213843,30-07-2024 08:00,27.99,63.91
2024,30-Jul 9am,218685,30-07-2024 09:00,30.59,51.23
2024,30-Jul 10am,222922,30-07-2024 10:00,31.47,54.9
2024,30-Jul 11am,224845,30-07-2024 11:00,31.02,53.19
2024,30-Jul 12pm,223646,30-07-2024 12:00,34.11,45.44
2024,30-Jul 1pm,221357,30-07-2024 13:00,33.74,48.21
2024,30-Jul 2pm,223091,30-07-2024 14:00,33.98,50.72
2024,30-Jul 3pm,223147,30-07-2024 15:00,34.93,52.21
2024,30-Jul 4pm,218221,30-07-2024 16:00,34.57,50.5
2024,30-Jul 5pm,212700,30-07-2024 17:00,34.61,52.86
2024,30-Jul 6pm,210516,30-07-2024 18:00,32.34,47.83
2024,30-Jul 7pm,216436,30-07-2024 19:00,31.74,46.84
2024,30-Jul 8pm,214789,30-07-2024 20:00,31.69,45.54
2024,30-Jul 9pm,213759,30-07-2024 21:00,29,50.73
2024,30-Jul 10pm,212413,30-07-2024 22:00,29.27,51.89
2024,30-Jul 11pm,210465,30-07-2024 23:00,28.56,38.26
2024,31-Jul 12am,208090,31-07-2024 00:00,26.08,61.14
2024,31-Jul 1am,205676,31-07-2024 01:00,25.62,55.52
2024,31-Jul 2am,203623,31-07-2024 02:00,25.54,55.99
2024,31-Jul 3am,202710,31-07-2024 03:00,25.55,62.02
2024,31-Jul 4am,202240,31-07-2024 04:00,26.33,58.68
2024,31-Jul 5am,202295,31-07-2024 05:00,25.62,61.71
2024,31-Jul 6am,207271,31-07-2024 06:00,27.55,63.32
2024,31-Jul 7am,209574,31-07-2024 07:00,27.94,63.53
2024,31-Jul 8am,211237,31-07-2024 08:00,28.34,36.72
2024,31-Jul 9am,219619,31-07-2024 09:00,30.76,49.86
2024,31-Jul 10am,222034,31-07-2024 10:00,30.92,52.34
2024,31-Jul 11am,223424,31-07-2024 11:00,30.54,52.74
2024,31-Jul 12pm,222559,31-07-2024 12:00,33.95,52.85
2024,31-Jul 1pm,217608,31-07-2024 13:00,34.08,47.28
2024,31-Jul 2pm,220686,31-07-2024 14:00,34.07,46.93
2024,31-Jul 3pm,218685,31-07-2024 15:00,34.83,50.9
2024,31-Jul 4pm,213372,31-07-2024 16:00,34.82,52.41
2024,31-Jul 5pm,203684,31-07-2024 17:00,34.61,48.19
2024,31-Jul 6pm,200046,31-07-2024 18:00,31.87,46.05
2024,31-Jul 7pm,201241,31-07-2024 19:00,31.6,52.17
2024,31-Jul 8pm,200974,31-07-2024 20:00,32.27,48
2024,31-Jul 9pm,200975,31-07-2024 21:00,29.47,46.66
2024,31-Jul 10pm,200595,31-07-2024 22:00,29.47,46.48
2024,31-Jul 11pm,197698,31-07-2024 23:00,29.37,48.15
2024,01-Aug 12am,192517,01-08-2024 00:00,25.1,60.93
2024,01-Aug 1am,187165,01-08-2024 01:00,25.2,58.58
2024,01-Aug 2am,181288,01-08-2024 02:00,24.79,55.21
2024,01-Aug 3am,177072,01-08-2024 03:00,25.13,55.97
2024,01-Aug 4am,175514,01-08-2024 04:00,24.96,57.91
2024,01-Aug 5am,177065,01-08-2024 05:00,24.98,61.6
2024,01-Aug 6am,184885,01-08-2024 06:00,27.26,55.99
2024,01-Aug 7am,189329,01-08-2024 07:00,26.78,60.61
2024,01-Aug 8am,190621,01-08-2024 08:00,26.82,56.2
2024,01-Aug 9am,195651,01-08-2024 09:00,30.42,47.12
2024,01-Aug 10am,199206,01-08-2024 10:00,29.56,46.72
2024,01-Aug 11am,199880,01-08-2024 11:00,29.99,45.67
2024,01-Aug 12pm,199825,01-08-2024 12:00,33.41,51.71
2024,01-Aug 1pm,195578,01-08-2024 13:00,33.11,49.63
2024,01-Aug 2pm,199292,01-08-2024 14:00,33.05,53.31
2024,01-Aug 3pm,199115,01-08-2024 15:00,33.75,45.99
2024,01-Aug 4pm,197718,01-08-2024 16:00,33.84,46.45
2024,01-Aug 5pm,195430,01-08-2024 17:00,34.35,48.06
2024,01-Aug 6pm,195095,01-08-2024 18:00,31.06,52.66
2024,01-Aug 7pm,202586,01-08-2024 19:00,31.01,48.06
2024,01-Aug 8pm,201586,01-08-2024 20:00,30.6,49.08
2024,01-Aug 9pm,201640,01-08-2024 21:00,27.52,58.02
2024,01-Aug 10pm,200585,01-08-2024 22:00,28.46,35.8
2024,01-Aug 11pm,195178,01-08-2024 23:00,27.88,64.39
2024,02-Aug 12am,189658,02-08-2024 00:00,25.1,60.49
2024,02-Aug 1am,183336,02-08-2024 01:00,24.58,62.88
2024,02-Aug 2am,178754,02-08-2024 02:00,25.18,61.58
2024,02-Aug 3am,175372,02-08-2024 03:00,25.43,60.14
2024,02-Aug 4am,173745,02-08-2024 04:00,25.08,55.9
2024,02-Aug 5am,175901,02-08-2024 05:00,24.63,61.43
2024,02-Aug 6am,183623,02-08-2024 06:00,27.08,56.55
2024,02-Aug 7am,187048,02-08-2024 07:00,27.27,59.14
2024,02-Aug 8am,189258,02-08-2024 08:00,26.91,61.29
2024,02-Aug 9am,196012,02-08-2024 09:00,30.38,52.82
2024,02-Aug 10am,196930,02-08-2024 10:00,30.15,51.85
2024,02-Aug 11am,197989,02-08-2024 11:00,30.4,51.72
2024,02-Aug 12pm,195121,02-08-2024 12:00,33.12,46.49
2024,02-Aug 1pm,189592,02-08-2024 13:00,32.63,48.46
2024,02-Aug 2pm,190773,02-08-2024 14:00,32.81,45.43
2024,02-Aug 3pm,191347,02-08-2024 15:00,33.7,52.19
2024,02-Aug 4pm,189489,02-08-2024 16:00,34.41,54.53
2024,02-Aug 5pm,187307,02-08-2024 17:00,34.26,47.64
2024,02-Aug 6pm,188071,02-08-2024 18:00,31.18,45.88
2024,02-Aug 7pm,197458,02-08-2024 19:00,30.8,49.76
2024,02-Aug 8pm,197809,02-08-2024 20:00,30.68,53.57
2024,02-Aug 9pm,197675,02-08-2024 21:00,28.26,40.52
2024,02-Aug 10pm,196328,02-08-2024 22:00,27.97,55.47
2024,02-Aug 11pm,192168,02-08-2024 23:00,27.73,64.74
2024,03-Aug 12am,186263,03-08-2024 00:00,25.12,63.29
2024,03-Aug 1am,180397,03-08-2024 01:00,24.54,56.32
2024,03-Aug 2am,176488,03-08-2024 02:00,24.83,64.22
2024,03-Aug 3am,173079,03-08-2024 03:00,24.97,59.51
2024,03-Aug 4am,171253,03-08-2024 04:00,24.65,58.72
2024,03-Aug 5am,173022,03-08-2024 05:00,25.48,59.61
2024,03-Aug 6am,178581,03-08-2024 06:00,26.71,63.35
2024,03-Aug 7am,181616,03-08-2024 07:00,26.63,61.59
2024,03-Aug 8am,185156,03-08-2024 08:00,26.7,55.59
2024,03-Aug 9am,191224,03-08-2024 09:00,30.27,54.58
2024,03-Aug 10am,194662,03-08-2024 10:00,29.93,46.48
2024,03-Aug 11am,194674,03-08-2024 11:00,30.07,52.46
2024,03-Aug 12pm,193279,03-08-2024 12:00,32.52,51.36
2024,03-Aug 1pm,189840,03-08-2024 13:00,32.53,46.88
2024,03-Aug 2pm,191622,03-08-2024 14:00,32.95,46.71
2024,03-Aug 3pm,191302,03-08-2024 15:00,34.32,53.7
2024,03-Aug 4pm,189968,03-08-2024 16:00,34.39,49.2
2024,03-Aug 5pm,186842,03-08-2024 17:00,33.59,51.55
2024,03-Aug 6pm,187126,03-08-2024 18:00,31.04,50.04
2024,03-Aug 7pm,198034,03-08-2024 19:00,31.41,52.27
2024,03-Aug 8pm,197421,03-08-2024 20:00,30.89,49.79
2024,03-Aug 9pm,196315,03-08-2024 21:00,28.33,37.87
2024,03-Aug 10pm,195005,03-08-2024 22:00,27.63,58.63
2024,03-Aug 11pm,191761,03-08-2024 23:00,28.44,43.59
2024,04-Aug 12am,186020,04-08-2024 00:00,25.25,59.68
2024,04-Aug 1am,180905,04-08-2024 01:00,25.44,57.13
2024,04-Aug 2am,176605,04-08-2024 02:00,25.18,64.35
2024,04-Aug 3am,173415,04-08-2024 03:00,24.86,62.97
2024,04-Aug 4am,171835,04-08-2024 04:00,25.44,55.56
2024,04-Aug 5am,173266,04-08-2024 05:00,24.78,64.99
2024,04-Aug 6am,176384,04-08-2024 06:00,26.83,61.95
2024,04-Aug 7am,179194,04-08-2024 07:00,27.2,56.6
2024,04-Aug 8am,182938,04-08-2024 08:00,27.27,57.37
2024,04-Aug 9am,187439,04-08-2024 09:00,30.43,51.92
2024,04-Aug 10am,188542,04-08-2024 10:00,29.7,52.8
2024,04-Aug 11am,189281,04-08-2024 11:00,30.3,47.39
2024,04-Aug 12pm,187636,04-08-2024 12:00,33.24,47.57
2024,04-Aug 1pm,185504,04-08-2024 13:00,32.56,48.07
2024,04-Aug 2pm,186092,04-08-2024 14:00,32.89,50.98
2024,04-Aug 3pm,183548,04-08-2024 15:00,33.78,46.72
2024,04-Aug 4pm,180399,04-08-2024 16:00,33.8,46.04
2024,04-Aug 5pm,176144,04-08-2024 17:00,34.48,51.79
2024,04-Aug 6pm,174318,04-08-2024 18:00,31.14,52.79
2024,04-Aug 7pm,187760,04-08-2024 19:00,31.22,50.01
2024,04-Aug 8pm,191725,04-08-2024 20:00,31.48,48.64
2024,04-Aug 9pm,193413,04-08-2024 21:00,27.88,59.32
2024,04-Aug 10pm,194432,04-08-2024 22:00,28.3,38.88
2024,04-Aug 11pm,191565,04-08-2024 23:00,27.93,64.6
2024,05-Aug 12am,186234,05-08-2024 00:00,25.37,62.68
2024,05-Aug 1am,181017,05-08-2024 01:00,24.68,57.08
2024,05-Aug 2am,176844,05-08-2024 02:00,25.45,58.84
2024,05-Aug 3am,173509,05-08-2024 03:00,24.72,60.44
2024,05-Aug 4am,173569,05-08-2024 04:00,24.83,61.13
2024,05-Aug 5am,175247,05-08-2024 05:00,25.26,59.68
2024,05-Aug 6am,183880,05-08-2024 06:00,26.89,63.1
2024,05-Aug 7am,189879,05-08-2024 07:00,27.11,62.68
2024,05-Aug 8am,191467,05-08-2024 08:00,26.94,60.05
2024,05-Aug 9am,197998,05-08-2024 09:00,30.24,53.54
2024,05-Aug 10am,201446,05-08-2024 10:00,29.73,52.51
2024,05-Aug 11am,202935,05-08-2024 11:00,29.56,52.79
2024,05-Aug 12pm,202357,05-08-2024 12:00,32.8,54.56
2024,05-Aug 1pm,198664,05-08-2024 13:00,32.97,47.66
2024,05-Aug 2pm,201951,05-08-2024 14:00,32.67,47.68
2024,05-Aug 3pm,202973,05-08-2024 15:00,33.85,53.89
2024,05-Aug 4pm,200519,05-08-2024 16:00,33.9,52.72
2024,05-Aug 5pm,194334,05-08-2024 17:00,33.56,54.27
2024,05-Aug 6pm,195843,05-08-2024 18:00,31.08,45.63
2024,05-Aug 7pm,206059,05-08-2024 19:00,31.38,51.28
2024,05-Aug 8pm,204386,05-08-2024 20:00,30.65,46.45
2024,05-Aug 9pm,204899,05-08-2024 21:00,28.1,40.04
2024,05-Aug 10pm,204200,05-08-2024 22:00,28.16,36.56
2024,05-Aug 11pm,201087,05-08-2024 23:00,27.92,56.28
2024,06-Aug 12am,197169,06-08-2024 00:00,25.2,55.12
2024,06-Aug 1am,190826,06-08-2024 01:00,24.91,61.3
2024,06-Aug 2am,186443,06-08-2024 02:00,25,58.59
2024,06-Aug 3am,184864,06-08-2024 03:00,24.51,56.05
2024,06-Aug 4am,183625,06-08-2024 04:00,25.19,58.23
2024,06-Aug 5am,182815,06-08-2024 05:00,25.16,56.69
2024,06-Aug 6am,190765,06-08-2024 06:00,26.54,64.42
2024,06-Aug 7am,193018,06-08-2024 07:00,26.87,58.2
2024,06-Aug 8am,195889,06-08-2024 08:00,27.48,58.34
2024,06-Aug 9am,201815,06-08-2024 09:00,29.92,53.4
2024,06-Aug 10am,204506,06-08-2024 10:00,30,51.48
2024,06-Aug 11am,204317,06-08-2024 11:00,30.41,52.1
2024,06-Aug 12pm,202586,06-08-2024 12:00,33.22,51.36
2024,06-Aug 1pm,198748,06-08-2024 13:00,33.08,54.46
2024,06-Aug 2pm,201217,06-08-2024 14:00,33.3,47.07
2024,06-Aug 3pm,201884,06-08-2024 15:00,34.36,54.89
2024,06-Aug 4pm,197837,06-08-2024 16:00,33.96,53.31
2024,06-Aug 5pm,193614,06-08-2024 17:00,33.98,50.89
2024,06-Aug 6pm,195651,06-08-2024 18:00,30.89,51.62
2024,06-Aug 7pm,204045,06-08-2024 19:00,31.47,51.49
2024,06-Aug 8pm,204206,06-08-2024 20:00,31.2,45.58
2024,06-Aug 9pm,203515,06-08-2024 21:00,27.58,57.18
2024,06-Aug 10pm,201838,06-08-2024 22:00,28.36,44.61
2024,06-Aug 11pm,198068,06-08-2024 23:00,27.98,60.34
2024,07-Aug 12am,191731,07-08-2024 00:00,24.57,58.78
2024,07-Aug 1am,186524,07-08-2024 01:00,25.05,62.62
2024,07-Aug 2am,182002,07-08-2024 02:00,24.92,60.25
2024,07-Aug 3am,180354,07-08-2024 03:00,25.38,55.13
2024,07-Aug 4am,178425,07-08-2024 04:00,24.7,62.36
2024,07-Aug 5am,179655,07-08-2024 05:00,25.33,62.32
2024,07-Aug 6am,186274,07-08-2024 06:00,27.06,56.65
2024,07-Aug 7am,187569,07-08-2024 07:00,26.55,64.57
2024,07-Aug 8am,189580,07-08-2024 08:00,27.47,57.24
2024,07-Aug 9am,194581,07-08-2024 09:00,30.01,49.58
2024,07-Aug 10am,196844,07-08-2024 10:00,29.79,46.15
2024,07-Aug 11am,197196,07-08-2024 11:00,29.97,51.03
2024,07-Aug 12pm,194587,07-08-2024 12:00,33.36,48.75
2024,07-Aug 1pm,190287,07-08-2024 13:00,32.8,48.53
2024,07-Aug 2pm,192956,07-08-2024 14:00,32.69,53.27
2024,07-Aug 3pm,191056,07-08-2024 15:00,33.63,45.1
2024,07-Aug 4pm,190452,07-08-2024 16:00,33.8,52.98
2024,07-Aug 5pm,187173,07-08-2024 17:00,34.28,50.71
2024,07-Aug 6pm,194566,07-08-2024 18:00,30.97,54.86
2024,07-Aug 7pm,204263,07-08-2024 19:00,30.73,50.89
2024,07-Aug 8pm,202343,07-08-2024 20:00,30.67,45.55
2024,07-Aug 9pm,200604,07-08-2024 21:00,27.83,55.51
2024,07-Aug 10pm,197801,07-08-2024 22:00,28.44,43.83
2024,07-Aug 11pm,192140,07-08-2024 23:00,27.84,63.41
2024,08-Aug 12am,186392,08-08-2024 00:00,25.49,58.46
2024,08-Aug 1am,180228,08-08-2024 01:00,24.99,61.18
2024,08-Aug 2am,176966,08-08-2024 02:00,24.68,59.9
2024,08-Aug 3am,173914,08-08-2024 03:00,25.39,64.67
2024,08-Aug 4am,172946,08-08-2024 04:00,24.96,64.5
2024,08-Aug 5am,175126,08-08-2024 05:00,25.21,64.84
2024,08-Aug 6am,182935,08-08-2024 06:00,27.48,63.66
2024,08-Aug 7am,187322,08-08-2024 07:00,26.55,64.1
2024,08-Aug 8am,189773,08-08-2024 08:00,26.6,57.17
2024,08-Aug 9am,194941,08-08-2024 09:00,30.22,53.31
2024,08-Aug 10am,199015,08-08-2024 10:00,29.78,52.09
2024,08-Aug 11am,199289,08-08-2024 11:00,29.68,54.63
2024,08-Aug 12pm,198405,08-08-2024 12:00,32.54,50.71
2024,08-Aug 1pm,194552,08-08-2024 13:00,32.52,45.85
2024,08-Aug 2pm,196965,08-08-2024 14:00,33.27,50.97
2024,08-Aug 3pm,195837,08-08-2024 15:00,33.63,51.87
2024,08-Aug 4pm,194107,08-08-2024 16:00,33.97,47.2
2024,08-Aug 5pm,192424,08-08-2024 17:00,34.11,48.94
2024,08-Aug 6pm,194259,08-08-2024 18:00,30.93,50.99
2024,08-Aug 7pm,206610,08-08-2024 19:00,30.53,48.74
2024,08-Aug 8pm,204832,08-08-2024 20:00,31.28,48.75
2024,08-Aug 9pm,202967,08-08-2024 21:00,27.51,56.33
2024,08-Aug 10pm,201282,08-08-2024 22:00,28.26,44.41
2024,08-Aug 11pm,196493,08-08-2024 23:00,28.39,42.5
2024,09-Aug 12am,190449,09-08-2024 00:00,24.93,55.01
2024,09-Aug 1am,184902,09-08-2024 01:00,25.04,62.66
2024,09-Aug 2am,180891,09-08-2024 02:00,24.98,62.4
2024,09-Aug 3am,178896,09-08-2024 03:00,24.89,55.1
2024,09-Aug 4am,177838,09-08-2024 04:00,25.39,58.7
2024,09-Aug 5am,180441,09-08-2024 05:00,25.39,61.07
2024,09-Aug 6am,187651,09-08-2024 06:00,26.84,59.53
2024,09-Aug 7am,192285,09-08-2024 07:00,27.12,62.78
2024,09-Aug 8am,193821,09-08-2024 08:00,27.43,59.25
2024,09-Aug 9am,200551,09-08-2024 09:00,30.46,46.54
2024,09-Aug 10am,203986,09-08-2024 10:00,30.01,54.76
2024,09-Aug 11am,203482,09-08-2024 11:00,29.95,47.42
2024,09-Aug 12pm,202805,09-08-2024 12:00,32.78,52.18
2024,09-Aug 1pm,197842,09-08-2024 13:00,33.46,46.43
2024,09-Aug 2pm,199552,09-08-2024 14:00,32.64,48.29
2024,09-Aug 3pm,199587,09-08-2024 15:00,34.08,49.42
2024,09-Aug 4pm,196472,09-08-2024 16:00,33.78,46.92
2024,09-Aug 5pm,190585,09-08-2024 17:00,33.78,49.5
2024,09-Aug 6pm,194231,09-08-2024 18:00,30.9,46.57
2024,09-Aug 7pm,204990,09-08-2024 19:00,31.5,50.59
2024,09-Aug 8pm,203348,09-08-2024 20:00,30.55,51.64
2024,09-Aug 9pm,202463,09-08-2024 21:00,28.08,35.62
2024,09-Aug 10pm,200347,09-08-2024 22:00,27.58,63.71
2024,09-Aug 11pm,196296,09-08-2024 23:00,27.65,56.85
2024,10-Aug 12am,191880,10-08-2024 00:00,24.94,57.25
2024,10-Aug 1am,186214,10-08-2024 01:00,25.01,61.61
2024,10-Aug 2am,182607,10-08-2024 02:00,24.76,59.69
2024,10-Aug 3am,180224,10-08-2024 03:00,24.82,59.99
2024,10-Aug 4am,179850,10-08-2024 04:00,24.59,56.28
2024,10-Aug 5am,181579,10-08-2024 05:00,24.8,63.06
2024,10-Aug 6am,186515,10-08-2024 06:00,27.47,61.17
2024,10-Aug 7am,188657,10-08-2024 07:00,27.44,56.35
2024,10-Aug 8am,192341,10-08-2024 08:00,26.83,58.74
2024,10-Aug 9am,197923,10-08-2024 09:00,30.07,53.1
2024,10-Aug 10am,199861,10-08-2024 10:00,30.41,50.68
2024,10-Aug 11am,200051,10-08-2024 11:00,29.51,46.09
2024,10-Aug 12pm,198817,10-08-2024 12:00,33.31,48.73
2024,10-Aug 1pm,193948,10-08-2024 13:00,33.45,47.43
2024,10-Aug 2pm,197706,10-08-2024 14:00,32.59,50.17
2024,10-Aug 3pm,197427,10-08-2024 15:00,33.66,53.43
2024,10-Aug 4pm,194789,10-08-2024 16:00,34.46,49.36
2024,10-Aug 5pm,191800,10-08-2024 17:00,34.04,49.33
2024,10-Aug 6pm,193597,10-08-2024 18:00,30.51,54.05
2024,10-Aug 7pm,205118,10-08-2024 19:00,30.76,50.76
2024,10-Aug 8pm,203428,10-08-2024 20:00,30.95,50.66
2024,10-Aug 9pm,203013,10-08-2024 21:00,28.19,37.62
2024,10-Aug 10pm,200746,10-08-2024 22:00,28.23,41.08
2024,10-Aug 11pm,197214,10-08-2024 23:00,28.5,40.76
2024,11-Aug 12am,191849,11-08-2024 00:00,24.79,58.97
2024,11-Aug 1am,186097,11-08-2024 01:00,25.04,64.91
2024,11-Aug 2am,181870,11-08-2024 02:00,25.03,63.82
2024,11-Aug 3am,179205,11-08-2024 03:00,24.91,62.5
2024,11-Aug 4am,178409,11-08-2024 04:00,24.67,60.37
2024,11-Aug 5am,177723,11-08-2024 05:00,25.48,59.62
2024,11-Aug 6am,178332,11-08-2024 06:00,27.35,56.85
2024,11-Aug 7am,178449,11-08-2024 07:00,27,58.06
2024,11-Aug 8am,180336,11-08-2024 08:00,27.1,62.74
2024,11-Aug 9am,184306,11-08-2024 09:00,29.73,49.54
2024,11-Aug 10am,185903,11-08-2024 10:00,30.04,53.82
2024,11-Aug 11am,183643,11-08-2024 11:00,30.19,46.48
2024,11-Aug 12pm,183099,11-08-2024 12:00,33.02,50.08
2024,11-Aug 1pm,179250,11-08-2024 13:00,33.49,51.47
2024,11-Aug 2pm,177152,11-08-2024 14:00,33.11,50.17
2024,11-Aug 3pm,176611,11-08-2024 15:00,33.87,53.89
2024,11-Aug 4pm,174307,11-08-2024 16:00,34.27,54.9
2024,11-Aug 5pm,170274,11-08-2024 17:00,33.67,46.16
2024,11-Aug 6pm,173377,11-08-2024 18:00,30.88,46.3
2024,11-Aug 7pm,188324,11-08-2024 19:00,30.85,46.3
2024,11-Aug 8pm,188595,11-08-2024 20:00,30.93,51.81
2024,11-Aug 9pm,188522,11-08-2024 21:00,28.28,38.73
2024,11-Aug 10pm,188055,11-08-2024 22:00,27.98,62.33
2024,11-Aug 11pm,185103,11-08-2024 23:00,28.29,39.05
2024,12-Aug 12am,179498,12-08-2024 00:00,25.08,61.28
2024,12-Aug 1am,174601,12-08-2024 01:00,24.84,62.7
2024,12-Aug 2am,171017,12-08-2024 02:00,25.31,60.48
2024,12-Aug 3am,168520,12-08-2024 03:00,24.74,60.4
2024,12-Aug 4am,168222,12-08-2024 04:00,24.72,55.88
2024,12-Aug 5am,171084,12-08-2024 05:00,25,59.11
2024,12-Aug 6am,179815,12-08-2024 06:00,26.76,60.46
2024,12-Aug 7am,184172,12-08-2024 07:00,26.51,59.62
2024,12-Aug 8am,188333,12-08-2024 08:00,27.15,64.01
2024,12-Aug 9am,197491,12-08-2024 09:00,30.01,54.07
2024,12-Aug 10am,200674,12-08-2024 10:00,29.95,53.22
2024,12-Aug 11am,200572,12-08-2024 11:00,30.47,48.75
2024,12-Aug 12pm,199218,12-08-2024 12:00,33.07,52.17
2024,12-Aug 1pm,194469,12-08-2024 13:00,33.36,48.95
2024,12-Aug 2pm,198169,12-08-2024 14:00,32.64,47.33
2024,12-Aug 3pm,199535,12-08-2024 15:00,34.07,48.43
2024,12-Aug 4pm,196222,12-08-2024 16:00,34.37,45.71
2024,12-Aug 5pm,193014,12-08-2024 17:00,34.08,48.32
2024,12-Aug 6pm,193512,12-08-2024 18:00,31.22,49.61
2024,12-Aug 7pm,204238,12-08-2024 19:00,30.87,54.55
2024,12-Aug 8pm,201899,12-08-2024 20:00,30.59,48.13
2024,12-Aug 9pm,202950,12-08-2024 21:00,27.96,64.02
2024,12-Aug 10pm,201020,12-08-2024 22:00,27.89,57.29
2024,12-Aug 11pm,196869,12-08-2024 23:00,28.37,36.91
2024,13-Aug 12am,192046,13-08-2024 00:00,24.74,60.19
2024,13-Aug 1am,186217,13-08-2024 01:00,25.47,61.73
2024,13-Aug 2am,181996,13-08-2024 02:00,25.46,55.44
2024,13-Aug 3am,179319,13-08-2024 03:00,24.75,57.21
2024,13-Aug 4am,179256,13-08-2024 04:00,24.85,59.56
2024,13-Aug 5am,181288,13-08-2024 05:00,25.4,58.31
2024,13-Aug 6am,188232,13-08-2024 06:00,27.47,62.13
2024,13-Aug 7am,192524,13-08-2024 07:00,26.94,60.11
2024,13-Aug 8am,195040,13-08-2024 08:00,26.82,56.6
2024,13-Aug 9am,201498,13-08-2024 09:00,30.03,53.94
2024,13-Aug 10am,206067,13-08-2024 10:00,30.19,47.93
2024,13-Aug 11am,206811,13-08-2024 11:00,29.77,52.31
2024,13-Aug 12pm,205124,13-08-2024 12:00,33.24,52.8
2024,13-Aug 1pm,201534,13-08-2024 13:00,32.55,54.63
2024,13-Aug 2pm,203321,13-08-2024 14:00,32.55,49.99
2024,13-Aug 3pm,206251,13-08-2024 15:00,33.89,51.16
2024,13-Aug 4pm,202073,13-08-2024 16:00,33.85,48.35
2024,13-Aug 5pm,197102,13-08-2024 17:00,33.82,51.78
2024,13-Aug 6pm,198836,13-08-2024 18:00,30.99,49.63
2024,13-Aug 7pm,205958,13-08-2024 19:00,30.82,49.38
2024,13-Aug 8pm,204464,13-08-2024 20:00,30.69,53.55
2024,13-Aug 9pm,204877,13-08-2024 21:00,27.81,55.5
2024,13-Aug 10pm,204451,13-08-2024 22:00,28.47,43.82
2024,13-Aug 11pm,200442,13-08-2024 23:00,27.91,63.52
2024,14-Aug 12am,195309,14-08-2024 00:00,24.94,60.06
2024,14-Aug 1am,190948,14-08-2024 01:00,25.08,59.9
2024,14-Aug 2am,188971,14-08-2024 02:00,25.48,58.62
2024,14-Aug 3am,186413,14-08-2024 03:00,24.74,64.94
2024,14-Aug 4am,185477,14-08-2024 04:00,25.18,56.11
2024,14-Aug 5am,187548,14-08-2024 05:00,25.22,60.9
2024,14-Aug 6am,193327,14-08-2024 06:00,27.11,61.82
2024,14-Aug 7am,196804,14-08-2024 07:00,26.59,64.34
2024,14-Aug 8am,198891,14-08-2024 08:00,27.18,62.8
2024,14-Aug 9am,206006,14-08-2024 09:00,29.56,51.44
2024,14-Aug 10am,211387,14-08-2024 10:00,30.1,46.17
2024,14-Aug 11am,213506,14-08-2024 11:00,30.24,48.74
2024,14-Aug 12pm,211650,14-08-2024 12:00,32.71,46.39
2024,14-Aug 1pm,207342,14-08-2024 13:00,33.34,53.81
2024,14-Aug 2pm,212114,14-08-2024 14:00,32.53,52.5
2024,14-Aug 3pm,211019,14-08-2024 15:00,34.34,52.58
2024,14-Aug 4pm,206484,14-08-2024 16:00,33.96,51.52
2024,14-Aug 5pm,200103,14-08-2024 17:00,33.72,50.07
2024,14-Aug 6pm,200976,14-08-2024 18:00,30.63,46.5
2024,14-Aug 7pm,207202,14-08-2024 19:00,31.45,48.3
2024,14-Aug 8pm,205968,14-08-2024 20:00,30.57,46.37
2024,14-Aug 9pm,205524,14-08-2024 21:00,27.7,62.25
2024,14-Aug 10pm,206338,14-08-2024 22:00,27.85,56.6
2024,14-Aug 11pm,203657,14-08-2024 23:00,28.12,42.02
2024,15-Aug 12am,197856,15-08-2024 00:00,25.04,61.92
2024,15-Aug 1am,193373,15-08-2024 01:00,24.63,59.59
2024,15-Aug 2am,190719,15-08-2024 02:00,24.79,56.35
2024,15-Aug 3am,187671,15-08-2024 03:00,24.74,58.15
2024,15-Aug 4am,186122,15-08-2024 04:00,24.71,58.2
2024,15-Aug 5am,189478,15-08-2024 05:00,24.91,62
2024,15-Aug 6am,192469,15-08-2024 06:00,27.2,56.14
2024,15-Aug 7am,189664,15-08-2024 07:00,26.72,63.29
2024,15-Aug 8am,187505,15-08-2024 08:00,26.87,62.61
2024,15-Aug 9am,189140,15-08-2024 09:00,29.89,46.86
2024,15-Aug 10am,190451,15-08-2024 10:00,30.48,52.19
2024,15-Aug 11am,192195,15-08-2024 11:00,30.45,51.69
2024,15-Aug 12pm,192399,15-08-2024 12:00,33.3,52.48
2024,15-Aug 1pm,190615,15-08-2024 13:00,32.74,46.89
2024,15-Aug 2pm,191318,15-08-2024 14:00,32.57,46.58
2024,15-Aug 3pm,190176,15-08-2024 15:00,33.82,47.36
2024,15-Aug 4pm,186573,15-08-2024 16:00,33.77,48.66
2024,15-Aug 5pm,179917,15-08-2024 17:00,34.01,52.94
2024,15-Aug 6pm,181491,15-08-2024 18:00,31.28,52.38
2024,15-Aug 7pm,194429,15-08-2024 19:00,31.36,54.25
2024,15-Aug 8pm,194711,15-08-2024 20:00,31.34,45.59
2024,15-Aug 9pm,195933,15-08-2024 21:00,27.86,55.12
2024,15-Aug 10pm,196394,15-08-2024 22:00,28.19,41.99
2024,15-Aug 11pm,192947,15-08-2024 23:00,27.81,57.79
2024,16-Aug 12am,187853,16-08-2024 00:00,24.56,58.34
2024,16-Aug 1am,183262,16-08-2024 01:00,25.2,60.47
2024,16-Aug 2am,179881,16-08-2024 02:00,24.51,56.02
2024,16-Aug 3am,178407,16-08-2024 03:00,24.91,61.43
2024,16-Aug 4am,178269,16-08-2024 04:00,24.83,58.25
2024,16-Aug 5am,179681,16-08-2024 05:00,25.19,61.33
2024,16-Aug 6am,187892,16-08-2024 06:00,27.27,63.34
2024,16-Aug 7am,191392,16-08-2024 07:00,26.8,56.71
2024,16-Aug 8am,195614,16-08-2024 08:00,27.31,64.31
2024,16-Aug 9am,205873,16-08-2024 09:00,29.79,50.31
2024,16-Aug 10am,210149,16-08-2024 10:00,29.95,54.23
2024,16-Aug 11am,215097,16-08-2024 11:00,30.23,47.08
2024,16-Aug 12pm,213377,16-08-2024 12:00,33.19,51.05
2024,16-Aug 1pm,209158,16-08-2024 13:00,33.49,49.04
2024,16-Aug 2pm,211143,16-08-2024 14:00,32.73,52.74
2024,16-Aug 3pm,210830,16-08-2024 15:00,34.16,51.06
2024,16-Aug 4pm,205169,16-08-2024 16:00,34.11,49.95
2024,16-Aug 5pm,198228,16-08-2024 17:00,34.42,54.13
2024,16-Aug 6pm,199589,16-08-2024 18:00,30.66,48.77
2024,16-Aug 7pm,210185,16-08-2024 19:00,31.25,47.2
2024,16-Aug 8pm,207386,16-08-2024 20:00,31.07,51.08
2024,16-Aug 9pm,207512,16-08-2024 21:00,27.77,61.24
2024,16-Aug 10pm,206531,16-08-2024 22:00,27.97,59.39
2024,16-Aug 11pm,202732,16-08-2024 23:00,27.83,59.87
2024,17-Aug 12am,198508,17-08-2024 00:00,25.08,64.6
2024,17-Aug 1am,192762,17-08-2024 01:00,25.39,62.33
2024,17-Aug 2am,188484,17-08-2024 02:00,25.07,56.11
2024,17-Aug 3am,186124,17-08-2024 03:00,25.13,57.12
2024,17-Aug 4am,183989,17-08-2024 04:00,25.02,64.76
2024,17-Aug 5am,186016,17-08-2024 05:00,24.55,62.26
2024,17-Aug 6am,190265,17-08-2024 06:00,26.73,64.15
2024,17-Aug 7am,191831,17-08-2024 07:00,26.99,58.04
2024,17-Aug 8am,194386,17-08-2024 08:00,26.81,62.42
2024,17-Aug 9am,203469,17-08-2024 09:00,29.68,52.14
2024,17-Aug 10am,207463,17-08-2024 10:00,30,47.95
2024,17-Aug 11am,209710,17-08-2024 11:00,29.82,50.51
2024,17-Aug 12pm,210642,17-08-2024 12:00,32.76,51.27
2024,17-Aug 1pm,208789,17-08-2024 13:00,32.96,49.81
2024,17-Aug 2pm,212313,17-08-2024 14:00,32.63,53.27
2024,17-Aug 3pm,211269,17-08-2024 15:00,34.43,53.33
2024,17-Aug 4pm,206623,17-08-2024 16:00,34.37,53.51
2024,17-Aug 5pm,198773,17-08-2024 17:00,34.21,53.03
2024,17-Aug 6pm,199762,17-08-2024 18:00,30.61,49.88
2024,17-Aug 7pm,210006,17-08-2024 19:00,31.28,48.81
2024,17-Aug 8pm,208544,17-08-2024 20:00,31.31,53.31
2024,17-Aug 9pm,208113,17-08-2024 21:00,28.27,39.9
2024,17-Aug 10pm,208146,17-08-2024 22:00,27.61,57.46
2024,17-Aug 11pm,205347,17-08-2024 23:00,28.14,40.07
2024,18-Aug 12am,201072,18-08-2024 00:00,25.33,56.42
2024,18-Aug 1am,195509,18-08-2024 01:00,25.08,61.92
2024,18-Aug 2am,190189,18-08-2024 02:00,25.15,58.36
2024,18-Aug 3am,186576,18-08-2024 03:00,24.96,57.61
2024,18-Aug 4am,184347,18-08-2024 04:00,25.03,64.57
2024,18-Aug 5am,183903,18-08-2024 05:00,24.53,62.77
2024,18-Aug 6am,184555,18-08-2024 06:00,27.14,62.87
2024,18-Aug 7am,185705,18-08-2024 07:00,26.58,61.24
2024,18-Aug 8am,187926,18-08-2024 08:00,26.94,63.39
2024,18-Aug 9am,193809,18-08-2024 09:00,29.79,52.59
2024,18-Aug 10am,198051,18-08-2024 10:00,30.05,50.99
2024,18-Aug 11am,200284,18-08-2024 11:00,29.63,54.61
2024,18-Aug 12pm,201201,18-08-2024 12:00,33.19,46.92
2024,18-Aug 1pm,199680,18-08-2024 13:00,33.3,54.43
2024,18-Aug 2pm,199899,18-08-2024 14:00,32.66,49.01
2024,18-Aug 3pm,196972,18-08-2024 15:00,33.6,50.28
2024,18-Aug 4pm,192512,18-08-2024 16:00,33.65,46.23
2024,18-Aug 5pm,184861,18-08-2024 17:00,34.38,50.4
2024,18-Aug 6pm,185742,18-08-2024 18:00,31.03,51.11
2024,18-Aug 7pm,200606,18-08-2024 19:00,30.97,54.98
2024,18-Aug 8pm,201538,18-08-2024 20:00,30.61,54.75
2024,18-Aug 9pm,202402,18-08-2024 21:00,28.15,44.66
2024,18-Aug 10pm,204084,18-08-2024 22:00,28.37,38.48
2024,18-Aug 11pm,200984,18-08-2024 23:00,28.33,44.91
2024,19-Aug 12am,196270,19-08-2024 00:00,25.13,59.55
2024,19-Aug 1am,190918,19-08-2024 01:00,24.58,63.52
2024,19-Aug 2am,186811,19-08-2024 02:00,24.61,57.16
2024,19-Aug 3am,184504,19-08-2024 03:00,24.55,60.06
2024,19-Aug 4am,183515,19-08-2024 04:00,24.76,64.66
2024,19-Aug 5am,184519,19-08-2024 05:00,24.64,64.47
2024,19-Aug 6am,188791,19-08-2024 06:00,26.76,61.84
2024,19-Aug 7am,192021,19-08-2024 07:00,26.89,62.98
2024,19-Aug 8am,193917,19-08-2024 08:00,27.44,56.76
2024,19-Aug 9am,200414,19-08-2024 09:00,30.11,52.22
2024,19-Aug 10am,203882,19-08-2024 10:00,30.33,51.18
2024,19-Aug 11am,205579,19-08-2024 11:00,30.21,45.92
2024,19-Aug 12pm,205966,19-08-2024 12:00,32.61,46.13
2024,19-Aug 1pm,201468,19-08-2024 13:00,33.24,46.08
2024,19-Aug 2pm,199235,19-08-2024 14:00,32.78,52.24
2024,19-Aug 3pm,195387,19-08-2024 15:00,34.14,46.42
2024,19-Aug 4pm,189270,19-08-2024 16:00,33.84,49.68
2024,19-Aug 5pm,182486,19-08-2024 17:00,34.5,48.57
2024,19-Aug 6pm,184588,19-08-2024 18:00,30.76,50.51
2024,19-Aug 7pm,192518,19-08-2024 19:00,30.78,52.06
2024,19-Aug 8pm,194087,19-08-2024 20:00,31.43,51.85
2024,19-Aug 9pm,195758,19-08-2024 21:00,27.52,60.16
2024,19-Aug 10pm,196009,19-08-2024 22:00,28.2,39.64
2024,19-Aug 11pm,192805,19-08-2024 23:00,28.23,38.98
2024,20-Aug 12am,186913,20-08-2024 00:00,25.34,63.62
2024,20-Aug 1am,181655,20-08-2024 01:00,25.47,58.31
2024,20-Aug 2am,177452,20-08-2024 02:00,25.48,57.59
2024,20-Aug 3am,174221,20-08-2024 03:00,24.57,62.43
2024,20-Aug 4am,172705,20-08-2024 04:00,25.32,58.6
2024,20-Aug 5am,173009,20-08-2024 05:00,25.15,63.47
2024,20-Aug 6am,178159,20-08-2024 06:00,27.15,58.28
2024,20-Aug 7am,181737,20-08-2024 07:00,26.63,62.02
2024,20-Aug 8am,188022,20-08-2024 08:00,27.15,55.45
2024,20-Aug 9am,195885,20-08-2024 09:00,30.48,48.86
2024,20-Aug 10am,199913,20-08-2024 10:00,30.41,48.43
2024,20-Aug 11am,202363,20-08-2024 11:00,29.94,53.17
2024,20-Aug 12pm,202206,20-08-2024 12:00,32.54,54.67
2024,20-Aug 1pm,197934,20-08-2024 13:00,32.86,49.61
2024,20-Aug 2pm,201896,20-08-2024 14:00,33.33,53.25
2024,20-Aug 3pm,200996,20-08-2024 15:00,34.2,52
2024,20-Aug 4pm,198105,20-08-2024 16:00,33.96,54.67
2024,20-Aug 5pm,194937,20-08-2024 17:00,33.56,53.11
2024,20-Aug 6pm,197939,20-08-2024 18:00,30.93,45.77
2024,20-Aug 7pm,207532,20-08-2024 19:00,30.97,52.13
2024,20-Aug 8pm,205975,20-08-2024 20:00,31.43,50.35
2024,20-Aug 9pm,205239,20-08-2024 21:00,28.14,35.16
2024,20-Aug 10pm,205519,20-08-2024 22:00,27.81,57.51
2024,20-Aug 11pm,200560,20-08-2024 23:00,28.03,44.22
2024,21-Aug 12am,195200,21-08-2024 00:00,24.57,64.26
2024,21-Aug 1am,190061,21-08-2024 01:00,25.47,62.99
2024,21-Aug 2am,185547,21-08-2024 02:00,24.86,64.82
2024,21-Aug 3am,182597,21-08-2024 03:00,24.98,63.07
2024,21-Aug 4am,181501,21-08-2024 04:00,24.86,55.1
2024,21-Aug 5am,182480,21-08-2024 05:00,25.18,57.88
2024,21-Aug 6am,188836,21-08-2024 06:00,27.16,55.31
2024,21-Aug 7am,193070,21-08-2024 07:00,27.22,55.94
2024,21-Aug 8am,194779,21-08-2024 08:00,26.77,57.19
2024,21-Aug 9am,202065,21-08-2024 09:00,29.82,50.04
2024,21-Aug 10am,206279,21-08-2024 10:00,29.63,53.48
2024,21-Aug 11am,208815,21-08-2024 11:00,30.16,53.62
2024,21-Aug 12pm,208091,21-08-2024 12:00,32.54,51.16
2024,21-Aug 1pm,205188,21-08-2024 13:00,33.1,54.28
2024,21-Aug 2pm,208049,21-08-2024 14:00,33.37,50
2024,21-Aug 3pm,207430,21-08-2024 15:00,34.39,53.89
2024,21-Aug 4pm,204271,21-08-2024 16:00,33.95,49.54
2024,21-Aug 5pm,200474,21-08-2024 17:00,33.96,47.77
2024,21-Aug 6pm,202107,21-08-2024 18:00,30.58,54.16
2024,21-Aug 7pm,210648,21-08-2024 19:00,31.17,48.88
2024,21-Aug 8pm,209968,21-08-2024 20:00,31.32,50.03
2024,21-Aug 9pm,208742,21-08-2024 21:00,27.74,58.29
2024,21-Aug 10pm,208331,21-08-2024 22:00,27.92,61.63
2024,21-Aug 11pm,203465,21-08-2024 23:00,28.34,44.95
2024,22-Aug 12am,198413,22-08-2024 00:00,25.38,55.26
2024,22-Aug 1am,193249,22-08-2024 01:00,24.74,64
2024,22-Aug 2am,189252,22-08-2024 02:00,25.05,55.04
2024,22-Aug 3am,187119,22-08-2024 03:00,24.69,58.64
2024,22-Aug 4am,185752,22-08-2024 04:00,24.6,56.69
2024,22-Aug 5am,187045,22-08-2024 05:00,25.41,62.57
2024,22-Aug 6am,191521,22-08-2024 06:00,27.32,55.51
2024,22-Aug 7am,195101,22-08-2024 07:00,27.26,60.53
2024,22-Aug 8am,197272,22-08-2024 08:00,26.55,57.95
2024,22-Aug 9am,205299,22-08-2024 09:00,30.34,46.34
2024,22-Aug 10am,209812,22-08-2024 10:00,29.94,52.72
2024,22-Aug 11am,211257,22-08-2024 11:00,29.84,47.17
2024,22-Aug 12pm,210144,22-08-2024 12:00,33.05,47.24
2024,22-Aug 1pm,205284,22-08-2024 13:00,32.59,47.75
2024,22-Aug 2pm,209707,22-08-2024 14:00,33.26,50.87
2024,22-Aug 3pm,209719,22-08-2024 15:00,34.08,51.6
2024,22-Aug 4pm,206759,22-08-2024 16:00,33.69,45.18
2024,22-Aug 5pm,202845,22-08-2024 17:00,33.69,47.42
2024,22-Aug 6pm,206007,22-08-2024 18:00,30.68,49.31
2024,22-Aug 7pm,212683,22-08-2024 19:00,30.56,48.32
2024,22-Aug 8pm,209702,22-08-2024 20:00,31.09,53.84
2024,22-Aug 9pm,208061,22-08-2024 21:00,28.34,42.88
2024,22-Aug 10pm,207568,22-08-2024 22:00,27.52,61.26
2024,22-Aug 11pm,203464,22-08-2024 23:00,27.55,58.38
2024,23-Aug 12am,198072,23-08-2024 00:00,25.07,62.01
2024,23-Aug 1am,193268,23-08-2024 01:00,25.32,63.44
2024,23-Aug 2am,188971,23-08-2024 02:00,24.83,60.95
2024,23-Aug 3am,185941,23-08-2024 03:00,24.85,62.84
2024,23-Aug 4am,184187,23-08-2024 04:00,25.1,62.49
2024,23-Aug 5am,184934,23-08-2024 05:00,24.77,60.72
2024,23-Aug 6am,190189,23-08-2024 06:00,26.53,58.12
2024,23-Aug 7am,193990,23-08-2024 07:00,27.24,62.46
2024,23-Aug 8am,196726,23-08-2024 08:00,27.13,57.07
2024,23-Aug 9am,204018,23-08-2024 09:00,30.08,52.79
2024,23-Aug 10am,208520,23-08-2024 10:00,30.24,53.05
2024,23-Aug 11am,209848,23-08-2024 11:00,30.18,53.22
2024,23-Aug 12pm,207142,23-08-2024 12:00,32.71,49.73
2024,23-Aug 1pm,201594,23-08-2024 13:00,32.85,46.92
2024,23-Aug 2pm,206148,23-08-2024 14:00,32.63,46
2024,23-Aug 3pm,206424,23-08-2024 15:00,33.63,52.43
2024,23-Aug 4pm,203226,23-08-2024 16:00,34.18,53.86
2024,23-Aug 5pm,199054,23-08-2024 17:00,34.36,51.51
2024,23-Aug 6pm,200416,23-08-2024 18:00,31.46,46.44
2024,23-Aug 7pm,209756,23-08-2024 19:00,31.13,54.35
2024,23-Aug 8pm,205790,23-08-2024 20:00,30.68,54.89
2024,23-Aug 9pm,204822,23-08-2024 21:00,27.61,59.33
2024,23-Aug 10pm,203051,23-08-2024 22:00,28.31,40.95
2024,23-Aug 11pm,199348,23-08-2024 23:00,28.08,42.77
2024,24-Aug 12am,194393,24-08-2024 00:00,25.12,62.36
2024,24-Aug 1am,188953,24-08-2024 01:00,25.28,64.68
2024,24-Aug 2am,184626,24-08-2024 02:00,25.2,56.15
2024,24-Aug 3am,182122,24-08-2024 03:00,25.33,60.81
2024,24-Aug 4am,180467,24-08-2024 04:00,24.56,61.92
2024,24-Aug 5am,181723,24-08-2024 05:00,25.25,63.9
2024,24-Aug 6am,186387,24-08-2024 06:00,27.35,63.74
2024,24-Aug 7am,188734,24-08-2024 07:00,26.79,64.78
2024,24-Aug 8am,191087,24-08-2024 08:00,27.14,60.12
2024,24-Aug 9am,199603,24-08-2024 09:00,29.81,53.31
2024,24-Aug 10am,203601,24-08-2024 10:00,30.46,49.27
2024,24-Aug 11am,203369,24-08-2024 11:00,29.53,49.22
2024,24-Aug 12pm,201787,24-08-2024 12:00,33.08,47.53
2024,24-Aug 1pm,196466,24-08-2024 13:00,32.67,53.18
2024,24-Aug 2pm,198184,24-08-2024 14:00,33.21,54.86
2024,24-Aug 3pm,198437,24-08-2024 15:00,33.68,47.56
2024,24-Aug 4pm,193358,24-08-2024 16:00,33.74,45.56
2024,24-Aug 5pm,187610,24-08-2024 17:00,33.99,53.16
2024,24-Aug 6pm,192845,24-08-2024 18:00,31.41,51.2
2024,24-Aug 7pm,203137,24-08-2024 19:00,30.71,54.6
2024,24-Aug 8pm,200555,24-08-2024 20:00,30.64,47.52
2024,24-Aug 9pm,199817,24-08-2024 21:00,28.26,35.71
2024,24-Aug 10pm,198595,24-08-2024 22:00,28,59.92
2024,24-Aug 11pm,194438,24-08-2024 23:00,28.41,35.85
2024,25-Aug 12am,188681,25-08-2024 00:00,24.65,57.62
2024,25-Aug 1am,182532,25-08-2024 01:00,25.15,56.26
2024,25-Aug 2am,178890,25-08-2024 02:00,24.73,57.24
2024,25-Aug 3am,176482,25-08-2024 03:00,24.66,56.06
2024,25-Aug 4am,174627,25-08-2024 04:00,25.18,64.54
2024,25-Aug 5am,174748,25-08-2024 05:00,25.09,57.79
2024,25-Aug 6am,175884,25-08-2024 06:00,27.25,59.44
2024,25-Aug 7am,177396,25-08-2024 07:00,26.81,63.99
2024,25-Aug 8am,180400,25-08-2024 08:00,26.95,61.77
2024,25-Aug 9am,185892,25-08-2024 09:00,29.91,51.18
2024,25-Aug 10am,188563,25-08-2024 10:00,30.48,52.06
2024,25-Aug 11am,188347,25-08-2024 11:00,29.79,53.29
2024,25-Aug 12pm,188074,25-08-2024 12:00,32.79,53.78
2024,25-Aug 1pm,185171,25-08-2024 13:00,32.85,51.43
2024,25-Aug 2pm,184612,25-08-2024 14:00,33.06,53.9
2024,25-Aug 3pm,182406,25-08-2024 15:00,33.75,50.35
2024,25-Aug 4pm,178636,25-08-2024 16:00,34.42,47.77
2024,25-Aug 5pm,173449,25-08-2024 17:00,33.77,53.8
2024,25-Aug 6pm,178842,25-08-2024 18:00,31.4,50.41
2024,25-Aug 7pm,191977,25-08-2024 19:00,30.6,54.06
2024,25-Aug 8pm,191721,25-08-2024 20:00,31.16,45.4
2024,25-Aug 9pm,192588,25-08-2024 21:00,28.41,38.98
2024,25-Aug 10pm,191632,25-08-2024 22:00,27.67,64.48
2024,25-Aug 11pm,188573,25-08-2024 23:00,28.47,37.5
2024,26-Aug 12am,183549,26-08-2024 00:00,24.95,64.42
2024,26-Aug 1am,178297,26-08-2024 01:00,25.45,64.54
2024,26-Aug 2am,174277,26-08-2024 02:00,25.18,63.82
2024,26-Aug 3am,172201,26-08-2024 03:00,24.8,60.64
2024,26-Aug 4am,171615,26-08-2024 04:00,24.69,61.47
2024,26-Aug 5am,174130,26-08-2024 05:00,24.8,63.7
2024,26-Aug 6am,180110,26-08-2024 06:00,26.59,62.76
2024,26-Aug 7am,186419,26-08-2024 07:00,26.64,61.3
2024,26-Aug 8am,190941,26-08-2024 08:00,26.6,64.82
2024,26-Aug 9am,197741,26-08-2024 09:00,29.92,51.86
2024,26-Aug 10am,199415,26-08-2024 10:00,30.3,54.75
2024,26-Aug 11am,200345,26-08-2024 11:00,29.64,45.57
2024,26-Aug 12pm,199163,26-08-2024 12:00,32.63,46.39
2024,26-Aug 1pm,194059,26-08-2024 13:00,33.14,49.51
2024,26-Aug 2pm,195867,26-08-2024 14:00,32.7,48.85
2024,26-Aug 3pm,194311,26-08-2024 15:00,33.6,52.83
2024,26-Aug 4pm,190367,26-08-2024 16:00,33.67,46.61
2024,26-Aug 5pm,186009,26-08-2024 17:00,34.42,54.76
2024,26-Aug 6pm,188454,26-08-2024 18:00,31.32,48.15
2024,26-Aug 7pm,196634,26-08-2024 19:00,30.85,49.29
2024,26-Aug 8pm,192855,26-08-2024 20:00,31.16,47.75
2024,26-Aug 9pm,191891,26-08-2024 21:00,28.04,40.79
2024,26-Aug 10pm,186853,26-08-2024 22:00,28.18,35.59
2024,26-Aug 11pm,183043,26-08-2024 23:00,28.18,36.5
2024,27-Aug 12am,178001,27-08-2024 00:00,25.13,62.46
2024,27-Aug 1am,174625,27-08-2024 01:00,24.77,56.87
2024,27-Aug 2am,170221,27-08-2024 02:00,24.54,57.36
2024,27-Aug 3am,167789,27-08-2024 03:00,24.96,62.93
2024,27-Aug 4am,166740,27-08-2024 04:00,25.39,55.93
2024,27-Aug 5am,168770,27-08-2024 05:00,25.07,59.37
2024,27-Aug 6am,176573,27-08-2024 06:00,27.33,55.23
2024,27-Aug 7am,182633,27-08-2024 07:00,27.49,58.47
2024,27-Aug 8am,184426,27-08-2024 08:00,26.66,61.99
2024,27-Aug 9am,190300,27-08-2024 09:00,30.19,45.9
2024,27-Aug 10am,192090,27-08-2024 10:00,30.17,53.88
2024,27-Aug 11am,193011,27-08-2024 11:00,30.48,54.09
2024,27-Aug 12pm,192342,27-08-2024 12:00,33.49,46.05
2024,27-Aug 1pm,189469,27-08-2024 13:00,33.19,54.91
2024,27-Aug 2pm,191162,27-08-2024 14:00,32.74,47.98
2024,27-Aug 3pm,191924,27-08-2024 15:00,34.3,45.84
2024,27-Aug 4pm,188878,27-08-2024 16:00,33.61,45.05
2024,27-Aug 5pm,183518,27-08-2024 17:00,34.28,49.09
2024,27-Aug 6pm,188715,27-08-2024 18:00,31.41,51.3
2024,27-Aug 7pm,198656,27-08-2024 19:00,30.88,48.32
2024,27-Aug 8pm,194950,27-08-2024 20:00,31.13,53.37
2024,27-Aug 9pm,194568,27-08-2024 21:00,27.93,62.17
2024,27-Aug 10pm,192758,27-08-2024 22:00,27.94,58.5
2024,27-Aug 11pm,188718,27-08-2024 23:00,27.81,62.34
2024,28-Aug 12am,182918,28-08-2024 00:00,25.26,64.4
2024,28-Aug 1am,177239,28-08-2024 01:00,25.44,55.93
2024,28-Aug 2am,173095,28-08-2024 02:00,25.44,58.06
2024,28-Aug 3am,170908,28-08-2024 03:00,24.67,59.63
2024,28-Aug 4am,168802,28-08-2024 04:00,25.37,59.98
2024,28-Aug 5am,170374,28-08-2024 05:00,25.24,60.42
2024,28-Aug 6am,178601,28-08-2024 06:00,26.75,58.01
2024,28-Aug 7am,182816,28-08-2024 07:00,26.57,61.67
2024,28-Aug 8am,186251,28-08-2024 08:00,26.77,61.45
2024,28-Aug 9am,191958,28-08-2024 09:00,30.41,50.78
2024,28-Aug 10am,195837,28-08-2024 10:00,30.13,46.14
2024,28-Aug 11am,196408,28-08-2024 11:00,30.22,49.77
2024,28-Aug 12pm,195349,28-08-2024 12:00,32.76,48.56
2024,28-Aug 1pm,191320,28-08-2024 13:00,33.22,49.91
2024,28-Aug 2pm,195946,28-08-2024 14:00,32.53,54.22
2024,28-Aug 3pm,195398,28-08-2024 15:00,33.88,49.81
2024,28-Aug 4pm,194000,28-08-2024 16:00,34.13,45.14
2024,28-Aug 5pm,188537,28-08-2024 17:00,33.65,49.39
2024,28-Aug 6pm,192578,28-08-2024 18:00,31.32,53.21
2024,28-Aug 7pm,205267,28-08-2024 19:00,30.74,52.8
2024,28-Aug 8pm,202124,28-08-2024 20:00,31.15,50.13
2024,28-Aug 9pm,201434,28-08-2024 21:00,27.91,57.5
2024,28-Aug 10pm,198524,28-08-2024 22:00,28.1,39.65
2024,28-Aug 11pm,194039,28-08-2024 23:00,27.61,60.64
2024,29-Aug 12am,188682,29-08-2024 00:00,24.52,65
2024,29-Aug 1am,182737,29-08-2024 01:00,25.41,61.44
2024,29-Aug 2am,177558,29-08-2024 02:00,24.77,61.94
2024,29-Aug 3am,173374,29-08-2024 03:00,25.32,59.91
2024,29-Aug 4am,171202,29-08-2024 04:00,25.5,58.54
2024,29-Aug 5am,172913,29-08-2024 05:00,24.71,63.13
2024,29-Aug 6am,180091,29-08-2024 06:00,26.77,59.95
2024,29-Aug 7am,184498,29-08-2024 07:00,27.16,64.95
2024,29-Aug 8am,186551,29-08-2024 08:00,27.47,59.57
2024,29-Aug 9am,191870,29-08-2024 09:00,30.42,45.68
2024,29-Aug 10am,193149,29-08-2024 10:00,30,51.83
2024,29-Aug 11am,193593,29-08-2024 11:00,30.3,45.47
2024,29-Aug 12pm,192428,29-08-2024 12:00,32.64,47.51
2024,29-Aug 1pm,187798,29-08-2024 13:00,33.48,48.54
2024,29-Aug 2pm,191796,29-08-2024 14:00,33.46,52.39
2024,29-Aug 3pm,192064,29-08-2024 15:00,33.66,49.94
2024,29-Aug 4pm,188851,29-08-2024 16:00,33.8,45.29
2024,29-Aug 5pm,184133,29-08-2024 17:00,33.6,51.17
2024,29-Aug 6pm,189952,29-08-2024 18:00,30.77,49.11
2024,29-Aug 7pm,201468,29-08-2024 19:00,31.32,54.22
2024,29-Aug 8pm,197639,29-08-2024 20:00,30.88,50
2024,29-Aug 9pm,195728,29-08-2024 21:00,27.59,62.09
2024,29-Aug 10pm,192942,29-08-2024 22:00,27.84,57.19
2024,29-Aug 11pm,189208,29-08-2024 23:00,28.48,42.61
2024,30-Aug 12am,184026,30-08-2024 00:00,25.13,62.21
2024,30-Aug 1am,179205,30-08-2024 01:00,24.92,64.04
2024,30-Aug 2am,175538,30-08-2024 02:00,24.67,55.34
2024,30-Aug 3am,173634,30-08-2024 03:00,25.49,59.48
2024,30-Aug 4am,173248,30-08-2024 04:00,25.32,61.79
2024,30-Aug 5am,175823,30-08-2024 05:00,24.78,55.95
2024,30-Aug 6am,183088,30-08-2024 06:00,26.57,59.11
2024,30-Aug 7am,186217,30-08-2024 07:00,26.56,64.42
2024,30-Aug 8am,188645,30-08-2024 08:00,26.62,59.36
2024,30-Aug 9am,194576,30-08-2024 09:00,30.08,54.85
2024,30-Aug 10am,197561,30-08-2024 10:00,30.43,45.57
2024,30-Aug 11am,198712,30-08-2024 11:00,30,52.18
2024,30-Aug 12pm,198877,30-08-2024 12:00,33.34,50.81
2024,30-Aug 1pm,195512,30-08-2024 13:00,32.95,50.01
2024,30-Aug 2pm,197342,30-08-2024 14:00,33.21,54.71
2024,30-Aug 3pm,198846,30-08-2024 15:00,34.23,46.3
2024,30-Aug 4pm,194683,30-08-2024 16:00,33.67,53.96
2024,30-Aug 5pm,191589,30-08-2024 17:00,33.86,51.91
2024,30-Aug 6pm,197499,30-08-2024 18:00,31.14,47.59
2024,30-Aug 7pm,207431,30-08-2024 19:00,30.57,54.02
2024,30-Aug 8pm,203079,30-08-2024 20:00,30.86,49.29
2024,30-Aug 9pm,200513,30-08-2024 21:00,28.03,43.14
2024,30-Aug 10pm,199444,30-08-2024 22:00,28.5,38.89
2024,30-Aug 11pm,195741,30-08-2024 23:00,27.97,63.51
2024,31-Aug 12am,189943,31-08-2024 00:00,25.32,61.37
2024,31-Aug 1am,185327,31-08-2024 01:00,24.93,56.41
2024,31-Aug 2am,180979,31-08-2024 02:00,25.3,61.5
2024,31-Aug 3am,177587,31-08-2024 03:00,25.1,56.91
2024,31-Aug 4am,177140,31-08-2024 04:00,25.39,59.12
2024,31-Aug 5am,179048,31-08-2024 05:00,24.91,56.7
2024,31-Aug 6am,185377,31-08-2024 06:00,27.1,55.22
2024,31-Aug 7am,187495,31-08-2024 07:00,27.13,57.12
2024,31-Aug 8am,188506,31-08-2024 08:00,26.92,60.36
2024,31-Aug 9am,195026,31-08-2024 09:00,29.64,49.82
2024,31-Aug 10am,197804,31-08-2024 10:00,29.59,50.01
2024,31-Aug 11am,197871,31-08-2024 11:00,29.52,47.48
2024,31-Aug 12pm,197573,31-08-2024 12:00,33.37,51.85
2024,31-Aug 1pm,194099,31-08-2024 13:00,32.74,52.04
2024,31-Aug 2pm,196253,31-08-2024 14:00,32.71,48.58
2024,31-Aug 3pm,197242,31-08-2024 15:00,34.24,53.81
2024,31-Aug 4pm,193465,31-08-2024 16:00,33.82,51.44
2024,31-Aug 5pm,191063,31-08-2024 17:00,34.01,52.13
2024,31-Aug 6pm,196059,31-08-2024 18:00,30.66,47.77
2024,31-Aug 7pm,205265,31-08-2024 19:00,31.46,45.01
2024,31-Aug 8pm,203475,31-08-2024 20:00,31.35,53.65
2024,31-Aug 9pm,201435,31-08-2024 21:00,28.36,43.22
2024,31-Aug 10pm,199255,31-08-2024 22:00,27.91,56.23
2024,31-Aug 11pm,196001,31-08-2024 23:00,28.26,38.74
2024,01-Sep 12am,191274,01-09-2024 00:00,25.64,61.61
2024,01-Sep 1am,185851,01-09-2024 01:00,25.51,61.52
2024,01-Sep 2am,181582,01-09-2024 02:00,25.52,63.6
2024,01-Sep 3am,178295,01-09-2024 03:00,26.09,56.4
2024,01-Sep 4am,176721,01-09-2024 04:00,25.96,59.3
2024,01-Sep 5am,176562,01-09-2024 05:00,26.02,55.97
2024,01-Sep 6am,175335,01-09-2024 06:00,27.51,58.9
2024,01-Sep 7am,175354,01-09-2024 07:00,27.92,55.15
2024,01-Sep 8am,176982,01-09-2024 08:00,28.22,43.98
2024,01-Sep 9am,181705,01-09-2024 09:00,30.94,50.27
2024,01-Sep 10am,183527,01-09-2024 10:00,31.23,53.5
2024,01-Sep 11am,185958,01-09-2024 11:00,30.73,45.6
2024,01-Sep 12pm,185787,01-09-2024 12:00,34.31,47.27
2024,01-Sep 1pm,182386,01-09-2024 13:00,34.09,47.59
2024,01-Sep 2pm,181665,01-09-2024 14:00,33.71,48.87
2024,01-Sep 3pm,179511,01-09-2024 15:00,34.74,53.03
2024,01-Sep 4pm,175274,01-09-2024 16:00,35.13,38.87
2024,01-Sep 5pm,174070,01-09-2024 17:00,35.33,37.05
2024,01-Sep 6pm,183137,01-09-2024 18:00,31.92,45.65
2024,01-Sep 7pm,194453,01-09-2024 19:00,31.76,45.79
2024,01-Sep 8pm,193343,01-09-2024 20:00,32.37,52.6
2024,01-Sep 9pm,194204,01-09-2024 21:00,29.17,49.45
2024,01-Sep 10pm,192663,01-09-2024 22:00,28.95,42.26
2024,01-Sep 11pm,188961,01-09-2024 23:00,28.99,41.82
2024,02-Sep 12am,183491,02-09-2024 00:00,25.7,56.35
2024,02-Sep 1am,178156,02-09-2024 01:00,26.13,56.43
2024,02-Sep 2am,173638,02-09-2024 02:00,25.86,62.55
2024,02-Sep 3am,172339,02-09-2024 03:00,26.5,62.21
2024,02-Sep 4am,171988,02-09-2024 04:00,25.98,58.78
2024,02-Sep 5am,173633,02-09-2024 05:00,25.99,55.77
2024,02-Sep 6am,180082,02-09-2024 06:00,28.07,35.12
2024,02-Sep 7am,182735,02-09-2024 07:00,28.42,37.88
2024,02-Sep 8am,187342,02-09-2024 08:00,28.3,35.09
2024,02-Sep 9am,196401,02-09-2024 09:00,30.95,47.3
2024,02-Sep 10am,201929,02-09-2024 10:00,31.22,49.2
2024,02-Sep 11am,200927,02-09-2024 11:00,31.09,46.21
2024,02-Sep 12pm,199181,02-09-2024 12:00,33.99,46.04
2024,02-Sep 1pm,195833,02-09-2024 13:00,33.69,53.96
2024,02-Sep 2pm,198705,02-09-2024 14:00,33.96,50.85
2024,02-Sep 3pm,198948,02-09-2024 15:00,34.75,54.34
2024,02-Sep 4pm,195413,02-09-2024 16:00,35.41,38.46
2024,02-Sep 5pm,193404,02-09-2024 17:00,34.84,51.77
2024,02-Sep 6pm,198247,02-09-2024 18:00,32.45,47.05
2024,02-Sep 7pm,204757,02-09-2024 19:00,32.03,51.18
2024,02-Sep 8pm,202332,02-09-2024 20:00,32.13,46.3
2024,02-Sep 9pm,201755,02-09-2024 21:00,29.04,45.02
2024,02-Sep 10pm,200198,02-09-2024 22:00,28.63,44.32
2024,02-Sep 11pm,195212,02-09-2024 23:00,28.88,40.55
2024,03-Sep 12am,190766,03-09-2024 00:00,25.6,64.27
2024,03-Sep 1am,185700,03-09-2024 01:00,26.12,58.34
2024,03-Sep 2am,181188,03-09-2024 02:00,25.95,58.28
2024,03-Sep 3am,178977,03-09-2024 03:00,26.28,59.01
2024,03-Sep 4am,178132,03-09-2024 04:00,25.72,62.06
2024,03-Sep 5am,179989,03-09-2024 05:00,25.66,60.66
2024,03-Sep 6am,185165,03-09-2024 06:00,27.91,64.25
2024,03-Sep 7am,188727,03-09-2024 07:00,28.43,35.25
2024,03-Sep 8am,191745,03-09-2024 08:00,28.21,42.08
2024,03-Sep 9am,198922,03-09-2024 09:00,30.92,48.3
2024,03-Sep 10am,203181,03-09-2024 10:00,31.02,46.8
2024,03-Sep 11am,203914,03-09-2024 11:00,30.58,50.1
2024,03-Sep 12pm,201213,03-09-2024 12:00,34.48,50.05
2024,03-Sep 1pm,195723,03-09-2024 13:00,34.17,46.37
2024,03-Sep 2pm,196148,03-09-2024 14:00,33.79,47.02
2024,03-Sep 3pm,193722,03-09-2024 15:00,35.09,39.08
2024,03-Sep 4pm,189539,03-09-2024 16:00,34.61,49.09
2024,03-Sep 5pm,188361,03-09-2024 17:00,35.47,38.18
2024,03-Sep 6pm,194465,03-09-2024 18:00,31.67,46.49
2024,03-Sep 7pm,205304,03-09-2024 19:00,32.15,45.04
2024,03-Sep 8pm,195687,03-09-2024 20:00,31.75,54.7
2024,03-Sep 9pm,199494,03-09-2024 21:00,29.22,54.43
2024,03-Sep 10pm,197911,03-09-2024 22:00,29.28,49.84
2024,03-Sep 11pm,193212,03-09-2024 23:00,29.17,54.95
2024,04-Sep 12am,186597,04-09-2024 00:00,26.11,61.74
2024,04-Sep 1am,180655,04-09-2024 01:00,26.39,55.69
2024,04-Sep 2am,176626,04-09-2024 02:00,25.58,56.18
2024,04-Sep 3am,173998,04-09-2024 03:00,25.83,64.16
2024,04-Sep 4am,173158,04-09-2024 04:00,25.75,61.3
2024,04-Sep 5am,174951,04-09-2024 05:00,26.49,63.43
2024,04-Sep 6am,180736,04-09-2024 06:00,27.89,63.98
2024,04-Sep 7am,183271,04-09-2024 07:00,28.23,39.48
2024,04-Sep 8am,184488,04-09-2024 08:00,28.18,35.49
2024,04-Sep 9am,190134,04-09-2024 09:00,30.71,46.88
2024,04-Sep 10am,194474,04-09-2024 10:00,30.74,45.67
2024,04-Sep 11am,194139,04-09-2024 11:00,30.78,46.89
2024,04-Sep 12pm,192013,04-09-2024 12:00,33.91,49.11
2024,04-Sep 1pm,185957,04-09-2024 13:00,33.73,46.18
2024,04-Sep 2pm,187321,04-09-2024 14:00,33.52,46.67
2024,04-Sep 3pm,188818,04-09-2024 15:00,35.38,39.46
2024,04-Sep 4pm,188394,04-09-2024 16:00,35.47,38.4
2024,04-Sep 5pm,186592,04-09-2024 17:00,34.84,49.68
2024,04-Sep 6pm,192909,04-09-2024 18:00,31.84,49.29
2024,04-Sep 7pm,204405,04-09-2024 19:00,31.51,51.44
2024,04-Sep 8pm,200831,04-09-2024 20:00,32.18,54.37
2024,04-Sep 9pm,198975,04-09-2024 21:00,29.33,46.08
2024,04-Sep 10pm,196903,04-09-2024 22:00,28.65,35.99
2024,04-Sep 11pm,192084,04-09-2024 23:00,28.66,43.53
2024,05-Sep 12am,185679,05-09-2024 00:00,26.29,60.06
2024,05-Sep 1am,179706,05-09-2024 01:00,26.12,62.66
2024,05-Sep 2am,175590,05-09-2024 02:00,25.54,57.15
2024,05-Sep 3am,172766,05-09-2024 03:00,26.12,63.29
2024,05-Sep 4am,171668,05-09-2024 04:00,25.81,64.24
2024,05-Sep 5am,173870,05-09-2024 05:00,25.87,61.35
2024,05-Sep 6am,180401,05-09-2024 06:00,28.27,36.06
2024,05-Sep 7am,183114,05-09-2024 07:00,28.31,43.95
2024,05-Sep 8am,186005,05-09-2024 08:00,27.9,62.92
2024,05-Sep 9am,192199,05-09-2024 09:00,31.45,52.51
2024,05-Sep 10am,195484,05-09-2024 10:00,30.91,45.37
2024,05-Sep 11am,196281,05-09-2024 11:00,31.27,52.99
2024,05-Sep 12pm,194514,05-09-2024 12:00,33.98,46.38
2024,05-Sep 1pm,191941,05-09-2024 13:00,34.4,47.22
2024,05-Sep 2pm,195528,05-09-2024 14:00,34.41,50.77
2024,05-Sep 3pm,196159,05-09-2024 15:00,34.59,47.65
2024,05-Sep 4pm,193897,05-09-2024 16:00,35.44,41.61
2024,05-Sep 5pm,193751,05-09-2024 17:00,35.33,41.08
2024,05-Sep 6pm,196537,05-09-2024 18:00,32.29,46.08
2024,05-Sep 7pm,207857,05-09-2024 19:00,31.7,51.56
2024,05-Sep 8pm,203553,05-09-2024 20:00,32.31,54.24
2024,05-Sep 9pm,201873,05-09-2024 21:00,29.35,46.61
2024,05-Sep 10pm,200329,05-09-2024 22:00,28.79,40.97
2024,05-Sep 11pm,196461,05-09-2024 23:00,29.45,48.42
2024,06-Sep 12am,190303,06-09-2024 00:00,25.55,59.6
2024,06-Sep 1am,184568,06-09-2024 01:00,25.65,57.87
2024,06-Sep 2am,180350,06-09-2024 02:00,26.04,58.54
2024,06-Sep 3am,177375,06-09-2024 03:00,26.08,55.29
2024,06-Sep 4am,176481,06-09-2024 04:00,26.15,64.82
2024,06-Sep 5am,178039,06-09-2024 05:00,25.52,61.25
2024,06-Sep 6am,184357,06-09-2024 06:00,28.46,40.01
2024,06-Sep 7am,187040,06-09-2024 07:00,27.54,58.84
2024,06-Sep 8am,190148,06-09-2024 08:00,27.64,60.39
2024,06-Sep 9am,197171,06-09-2024 09:00,30.51,48.8
2024,06-Sep 10am,200431,06-09-2024 10:00,31.07,48.6
2024,06-Sep 11am,199846,06-09-2024 11:00,31.43,49.64
2024,06-Sep 12pm,198811,06-09-2024 12:00,34.17,47.76
2024,06-Sep 1pm,195232,06-09-2024 13:00,34.32,46.8
2024,06-Sep 2pm,196189,06-09-2024 14:00,33.51,50.57
2024,06-Sep 3pm,196268,06-09-2024 15:00,35.04,43.43
2024,06-Sep 4pm,192668,06-09-2024 16:00,34.96,46.53
2024,06-Sep 5pm,189561,06-09-2024 17:00,35,45.33
2024,06-Sep 6pm,195014,06-09-2024 18:00,31.57,47.47
2024,06-Sep 7pm,206951,06-09-2024 19:00,32.18,54.8
2024,06-Sep 8pm,202154,06-09-2024 20:00,32,53.29
2024,06-Sep 9pm,201373,06-09-2024 21:00,29.27,50.96
2024,06-Sep 10pm,200217,06-09-2024 22:00,28.99,44.29
2024,06-Sep 11pm,195320,06-09-2024 23:00,28.65,39.45
2024,07-Sep 12am,189519,07-09-2024 00:00,26.15,64.83
2024,07-Sep 1am,184012,07-09-2024 01:00,25.67,57.96
2024,07-Sep 2am,179546,07-09-2024 02:00,26.37,57.4
2024,07-Sep 3am,177137,07-09-2024 03:00,26.11,61.38
2024,07-Sep 4am,176904,07-09-2024 04:00,25.66,58.78
2024,07-Sep 5am,178532,07-09-2024 05:00,26.46,61.26
2024,07-Sep 6am,182012,07-09-2024 06:00,28.02,38.05
2024,07-Sep 7am,182815,07-09-2024 07:00,27.57,61.18
2024,07-Sep 8am,186502,07-09-2024 08:00,28.13,37.76
2024,07-Sep 9am,193419,07-09-2024 09:00,30.75,45.51
2024,07-Sep 10am,196290,07-09-2024 10:00,31.3,54.12
2024,07-Sep 11am,196451,07-09-2024 11:00,31.32,53.83
2024,07-Sep 12pm,195444,07-09-2024 12:00,34.48,54.71
2024,07-Sep 1pm,191358,07-09-2024 13:00,34,52.17
2024,07-Sep 2pm,193818,07-09-2024 14:00,33.95,51.83
2024,07-Sep 3pm,191739,07-09-2024 15:00,35.25,40.59
2024,07-Sep 4pm,186978,07-09-2024 16:00,34.63,46.26
2024,07-Sep 5pm,182002,07-09-2024 17:00,35.05,36.89
2024,07-Sep 6pm,190454,07-09-2024 18:00,32.05,47.89
2024,07-Sep 7pm,199708,07-09-2024 19:00,31.59,53.9
2024,07-Sep 8pm,196559,07-09-2024 20:00,31.92,46.73
2024,07-Sep 9pm,195926,07-09-2024 21:00,29.35,54.23
2024,07-Sep 10pm,195315,07-09-2024 22:00,29.36,50.23
2024,07-Sep 11pm,192053,07-09-2024 23:00,28.6,42.16
2024,08-Sep 12am,187193,08-09-2024 00:00,25.59,56.1
2024,08-Sep 1am,181965,08-09-2024 01:00,25.76,57.69
2024,08-Sep 2am,178131,08-09-2024 02:00,26.37,64.59
2024,08-Sep 3am,175867,08-09-2024 03:00,25.63,57.66
2024,08-Sep 4am,174538,08-09-2024 04:00,26.22,57.97
2024,08-Sep 5am,174611,08-09-2024 05:00,25.6,56.98
2024,08-Sep 6am,176460,08-09-2024 06:00,28.12,36.29
2024,08-Sep 7am,177947,08-09-2024 07:00,27.86,57.33
2024,08-Sep 8am,180758,08-09-2024 08:00,28.29,41.42
2024,08-Sep 9am,185379,08-09-2024 09:00,30.73,49.55
2024,08-Sep 10am,188081,08-09-2024 10:00,31.14,50.54
2024,08-Sep 11am,189808,08-09-2024 11:00,30.74,46.22
2024,08-Sep 12pm,189371,08-09-2024 12:00,34.21,53.02
2024,08-Sep 1pm,186136,08-09-2024 13:00,34.37,52.84
2024,08-Sep 2pm,185193,08-09-2024 14:00,33.63,45.22
2024,08-Sep 3pm,182287,08-09-2024 15:00,35.37,38.84
2024,08-Sep 4pm,178286,08-09-2024 16:00,35.09,35.69
2024,08-Sep 5pm,174878,08-09-2024 17:00,34.63,52.92
2024,08-Sep 6pm,182296,08-09-2024 18:00,31.93,52.37
2024,08-Sep 7pm,196421,08-09-2024 19:00,31.66,54.02
2024,08-Sep 8pm,194179,08-09-2024 20:00,32.2,47.36
2024,08-Sep 9pm,193142,08-09-2024 21:00,29.26,49.56
2024,08-Sep 10pm,193290,08-09-2024 22:00,28.61,36.84
2024,08-Sep 11pm,189904,08-09-2024 23:00,29.01,48.71
2024,09-Sep 12am,185312,09-09-2024 00:00,26.31,60.22
2024,09-Sep 1am,180049,09-09-2024 01:00,26.44,55.53
2024,09-Sep 2am,176466,09-09-2024 02:00,26.01,62.15
2024,09-Sep 3am,173623,09-09-2024 03:00,26.45,60.43
2024,09-Sep 4am,173414,09-09-2024 04:00,26.04,63.29
2024,09-Sep 5am,175547,09-09-2024 05:00,25.89,57.72
2024,09-Sep 6am,183013,09-09-2024 06:00,28.35,44.03
2024,09-Sep 7am,187750,09-09-2024 07:00,27.99,64.99
2024,09-Sep 8am,190358,09-09-2024 08:00,27.97,64.19
2024,09-Sep 9am,198657,09-09-2024 09:00,30.99,52.78
2024,09-Sep 10am,203691,09-09-2024 10:00,31.35,53.12
2024,09-Sep 11am,205473,09-09-2024 11:00,31.33,50.74
2024,09-Sep 12pm,204067,09-09-2024 12:00,33.9,46.9
2024,09-Sep 1pm,199828,09-09-2024 13:00,33.83,51.77
2024,09-Sep 2pm,202908,09-09-2024 14:00,33.99,52.13
2024,09-Sep 3pm,201478,09-09-2024 15:00,35.07,44.85
2024,09-Sep 4pm,197992,09-09-2024 16:00,34.74,50.41
2024,09-Sep 5pm,194296,09-09-2024 17:00,35.29,37.71
2024,09-Sep 6pm,201630,09-09-2024 18:00,31.99,51.84
2024,09-Sep 7pm,209531,09-09-2024 19:00,31.83,54.79
2024,09-Sep 8pm,204758,09-09-2024 20:00,31.61,46.77
2024,09-Sep 9pm,203207,09-09-2024 21:00,28.74,38.26
2024,09-Sep 10pm,203201,09-09-2024 22:00,29.45,50.42
2024,09-Sep 11pm,198878,09-09-2024 23:00,28.81,36.7
2024,10-Sep 12am,193117,10-09-2024 00:00,25.67,55.22
2024,10-Sep 1am,187372,10-09-2024 01:00,25.96,58.37
2024,10-Sep 2am,183277,10-09-2024 02:00,25.81,63.65
2024,10-Sep 3am,180301,10-09-2024 03:00,25.54,55.43
2024,10-Sep 4am,179964,10-09-2024 04:00,25.82,59.29
2024,10-Sep 5am,181133,10-09-2024 05:00,26.04,62.62
2024,10-Sep 6am,186502,10-09-2024 06:00,28.05,44.53
2024,10-Sep 7am,189493,10-09-2024 07:00,27.86,64.85
2024,10-Sep 8am,191868,10-09-2024 08:00,27.95,59.22
2024,10-Sep 9am,199082,10-09-2024 09:00,31.47,54.5
2024,10-Sep 10am,202489,10-09-2024 10:00,30.88,45.35
2024,10-Sep 11am,202920,10-09-2024 11:00,30.76,52.46
2024,10-Sep 12pm,200165,10-09-2024 12:00,33.74,51.43
2024,10-Sep 1pm,195432,10-09-2024 13:00,33.96,47.5
2024,10-Sep 2pm,198886,10-09-2024 14:00,34.26,50.07
2024,10-Sep 3pm,199101,10-09-2024 15:00,34.71,46.3
2024,10-Sep 4pm,195386,10-09-2024 16:00,35.21,43.72
2024,10-Sep 5pm,193277,10-09-2024 17:00,34.52,48.58
2024,10-Sep 6pm,201312,10-09-2024 18:00,31.92,51.26
2024,10-Sep 7pm,209242,10-09-2024 19:00,32.28,46.59
2024,10-Sep 8pm,204860,10-09-2024 20:00,31.84,47.06
2024,10-Sep 9pm,203619,10-09-2024 21:00,29.06,54.92
2024,10-Sep 10pm,202257,10-09-2024 22:00,28.7,42.53
2024,10-Sep 11pm,197482,10-09-2024 23:00,29.24,54.62
2024,11-Sep 12am,191829,11-09-2024 00:00,25.55,57.96
2024,11-Sep 1am,185556,11-09-2024 01:00,26.35,56.65
2024,11-Sep 2am,180652,11-09-2024 02:00,25.7,60.03
2024,11-Sep 3am,177680,11-09-2024 03:00,26.37,59.95
2024,11-Sep 4am,176363,11-09-2024 04:00,25.85,56.75
2024,11-Sep 5am,177625,11-09-2024 05:00,26.22,62.33
2024,11-Sep 6am,184898,11-09-2024 06:00,27.82,58.62
2024,11-Sep 7am,187701,11-09-2024 07:00,28.41,36.86
2024,11-Sep 8am,189748,11-09-2024 08:00,27.63,58.32
2024,11-Sep 9am,196384,11-09-2024 09:00,30.68,50.64
2024,11-Sep 10am,199460,11-09-2024 10:00,30.99,52.26
2024,11-Sep 11am,199462,11-09-2024 11:00,30.58,49.82
2024,11-Sep 12pm,198563,11-09-2024 12:00,33.7,50.26
2024,11-Sep 1pm,194605,11-09-2024 13:00,34.44,46.39
2024,11-Sep 2pm,199542,11-09-2024 14:00,34.48,54.15
2024,11-Sep 3pm,199601,11-09-2024 15:00,34.88,54.29
2024,11-Sep 4pm,196092,11-09-2024 16:00,35.42,41.83
2024,11-Sep 5pm,193448,11-09-2024 17:00,35.04,35.18
2024,11-Sep 6pm,198406,11-09-2024 18:00,31.77,50.37
2024,11-Sep 7pm,205737,11-09-2024 19:00,32.2,51.29
2024,11-Sep 8pm,200838,11-09-2024 20:00,32.16,54.95
2024,11-Sep 9pm,200644,11-09-2024 21:00,29.49,54.96
2024,11-Sep 10pm,199147,11-09-2024 22:00,28.77,43.58
2024,11-Sep 11pm,195101,11-09-2024 23:00,29.17,45.64
2024,12-Sep 12am,188925,12-09-2024 00:00,25.55,64.53
2024,12-Sep 1am,183296,12-09-2024 01:00,25.61,61.13
2024,12-Sep 2am,178373,12-09-2024 02:00,25.5,63.01
2024,12-Sep 3am,175001,12-09-2024 03:00,26.5,59.07
2024,12-Sep 4am,173958,12-09-2024 04:00,26.3,58.2
2024,12-Sep 5am,176994,12-09-2024 05:00,26.29,59.63
2024,12-Sep 6am,184219,12-09-2024 06:00,28.01,36.47
2024,12-Sep 7am,188807,12-09-2024 07:00,27.8,58.57
2024,12-Sep 8am,190129,12-09-2024 08:00,27.65,63.58
2024,12-Sep 9am,196603,12-09-2024 09:00,30.78,45.38
2024,12-Sep 10am,199347,12-09-2024 10:00,30.88,46.51
2024,12-Sep 11am,200607,12-09-2024 11:00,31.26,46.25
2024,12-Sep 12pm,198804,12-09-2024 12:00,34.04,49.03
2024,12-Sep 1pm,195326,12-09-2024 13:00,33.58,54.97
2024,12-Sep 2pm,199491,12-09-2024 14:00,33.52,46.73
2024,12-Sep 3pm,199264,12-09-2024 15:00,34.6,46.45
2024,12-Sep 4pm,196047,12-09-2024 16:00,34.91,54.15
2024,12-Sep 5pm,192378,12-09-2024 17:00,35.43,43.82
2024,12-Sep 6pm,197522,12-09-2024 18:00,32.14,45.32
2024,12-Sep 7pm,203554,12-09-2024 19:00,32.3,52.52
2024,12-Sep 8pm,198203,12-09-2024 20:00,31.97,51.55
2024,12-Sep 9pm,197455,12-09-2024 21:00,28.86,42.68
2024,12-Sep 10pm,195562,12-09-2024 22:00,28.61,39.95
2024,12-Sep 11pm,192261,12-09-2024 23:00,29.38,54.91
2024,13-Sep 12am,186680,13-09-2024 00:00,26.28,55.44
2024,13-Sep 1am,181255,13-09-2024 01:00,25.67,57.34
2024,13-Sep 2am,177361,13-09-2024 02:00,26.01,58.97
2024,13-Sep 3am,175209,13-09-2024 03:00,25.99,59.5
2024,13-Sep 4am,174583,13-09-2024 04:00,26.13,64.21
2024,13-Sep 5am,176594,13-09-2024 05:00,26.45,60.6
2024,13-Sep 6am,183761,13-09-2024 06:00,28.08,35.45
2024,13-Sep 7am,188627,13-09-2024 07:00,28.04,39.08
2024,13-Sep 8am,189792,13-09-2024 08:00,27.55,59.16
2024,13-Sep 9am,198468,13-09-2024 09:00,30.56,54.65
2024,13-Sep 10am,201727,13-09-2024 10:00,30.69,50.99
2024,13-Sep 11am,202470,13-09-2024 11:00,30.53,51.36
2024,13-Sep 12pm,201165,13-09-2024 12:00,34.24,52.13
2024,13-Sep 1pm,197262,13-09-2024 13:00,34.22,52.7
2024,13-Sep 2pm,199975,13-09-2024 14:00,33.64,51.35
2024,13-Sep 3pm,198770,13-09-2024 15:00,35.34,37.37
2024,13-Sep 4pm,196061,13-09-2024 16:00,34.65,53.74
2024,13-Sep 5pm,189947,13-09-2024 17:00,34.8,52.32
2024,13-Sep 6pm,194192,13-09-2024 18:00,31.75,52.42
2024,13-Sep 7pm,202460,13-09-2024 19:00,31.87,54.97
2024,13-Sep 8pm,197204,13-09-2024 20:00,31.75,53.03
2024,13-Sep 9pm,195100,13-09-2024 21:00,28.99,43.29
2024,13-Sep 10pm,194684,13-09-2024 22:00,28.91,44.51
2024,13-Sep 11pm,191610,13-09-2024 23:00,29.49,46.51
2024,14-Sep 12am,186822,14-09-2024 00:00,25.56,59.98
2024,14-Sep 1am,181971,14-09-2024 01:00,25.64,60.81
2024,14-Sep 2am,177571,14-09-2024 02:00,25.55,58.29
2024,14-Sep 3am,174925,14-09-2024 03:00,26.13,63.39
2024,14-Sep 4am,174702,14-09-2024 04:00,25.55,62.62
2024,14-Sep 5am,174828,14-09-2024 05:00,26.34,62.21
2024,14-Sep 6am,181054,14-09-2024 06:00,28.01,44.97
2024,14-Sep 7am,185053,14-09-2024 07:00,28.03,37.59
2024,14-Sep 8am,188534,14-09-2024 08:00,28.06,42.35
2024,14-Sep 9am,195274,14-09-2024 09:00,30.67,50.51
2024,14-Sep 10am,198061,14-09-2024 10:00,30.7,48.13
2024,14-Sep 11am,199562,14-09-2024 11:00,30.82,46.61
2024,14-Sep 12pm,200014,14-09-2024 12:00,34.09,53.96
2024,14-Sep 1pm,196826,14-09-2024 13:00,33.71,50.95
2024,14-Sep 2pm,199326,14-09-2024 14:00,33.62,53.25
2024,14-Sep 3pm,200391,14-09-2024 15:00,35.47,40.45
2024,14-Sep 4pm,197121,14-09-2024 16:00,34.52,47.2
2024,14-Sep 5pm,192443,14-09-2024 17:00,35.3,38.38
2024,14-Sep 6pm,194429,14-09-2024 18:00,32.29,48.82
2024,14-Sep 7pm,203794,14-09-2024 19:00,31.8,54.73
2024,14-Sep 8pm,198290,14-09-2024 20:00,31.64,45.06
2024,14-Sep 9pm,197008,14-09-2024 21:00,28.65,44.86
2024,14-Sep 10pm,195607,14-09-2024 22:00,29.2,54.8
2024,14-Sep 11pm,192785,14-09-2024 23:00,29.14,54.96
2024,15-Sep 12am,188883,15-09-2024 00:00,26.28,59.77
2024,15-Sep 1am,183666,15-09-2024 01:00,26.44,64.64
2024,15-Sep 2am,178994,15-09-2024 02:00,26.19,58.96
2024,15-Sep 3am,176218,15-09-2024 03:00,25.66,55.26
2024,15-Sep 4am,175376,15-09-2024 04:00,25.74,57.24
2024,15-Sep 5am,175444,15-09-2024 05:00,26.34,64.45
2024,15-Sep 6am,178046,15-09-2024 06:00,27.71,55.14
2024,15-Sep 7am,181301,15-09-2024 07:00,27.57,60.46
2024,15-Sep 8am,185530,15-09-2024 08:00,28.2,35.76
2024,15-Sep 9am,192475,15-09-2024 09:00,30.9,47.86
2024,15-Sep 10am,193781,15-09-2024 10:00,31.42,45.88
2024,15-Sep 11am,194286,15-09-2024 11:00,31.15,53.6
2024,15-Sep 12pm,193870,15-09-2024 12:00,33.59,50.91
2024,15-Sep 1pm,191425,15-09-2024 13:00,34.45,54.02
2024,15-Sep 2pm,191009,15-09-2024 14:00,33.76,51.88
2024,15-Sep 3pm,191017,15-09-2024 15:00,34.84,54.71
2024,15-Sep 4pm,186539,15-09-2024 16:00,34.9,50.1
2024,15-Sep 5pm,180025,15-09-2024 17:00,34.55,51.39
2024,15-Sep 6pm,183312,15-09-2024 18:00,32,50.76
2024,15-Sep 7pm,193235,15-09-2024 19:00,31.62,49.84
2024,15-Sep 8pm,189783,15-09-2024 20:00,31.9,53.46
2024,15-Sep 9pm,190091,15-09-2024 21:00,28.85,41.45
2024,15-Sep 10pm,190133,15-09-2024 22:00,29.27,53.01
2024,15-Sep 11pm,188054,15-09-2024 23:00,29.3,52.86
2024,16-Sep 12am,184200,16-09-2024 00:00,25.65,56.91
2024,16-Sep 1am,179761,16-09-2024 01:00,25.87,61.5
2024,16-Sep 2am,175910,16-09-2024 02:00,25.87,57
2024,16-Sep 3am,173092,16-09-2024 03:00,25.65,60.83
2024,16-Sep 4am,172962,16-09-2024 04:00,26.3,61.77
2024,16-Sep 5am,174547,16-09-2024 05:00,26.21,64.97
2024,16-Sep 6am,179939,16-09-2024 06:00,27.69,55.31
2024,16-Sep 7am,185208,16-09-2024 07:00,27.87,55.91
2024,16-Sep 8am,191770,16-09-2024 08:00,27.61,55.77
2024,16-Sep 9am,203112,16-09-2024 09:00,31.13,48.98
2024,16-Sep 10am,206872,16-09-2024 10:00,30.62,53.22
2024,16-Sep 11am,207345,16-09-2024 11:00,31.49,53.44
2024,16-Sep 12pm,206844,16-09-2024 12:00,34.28,52.37
2024,16-Sep 1pm,202119,16-09-2024 13:00,33.89,53.97
2024,16-Sep 2pm,204054,16-09-2024 14:00,34.08,48.23
2024,16-Sep 3pm,205305,16-09-2024 15:00,35.41,35.88
2024,16-Sep 4pm,202051,16-09-2024 16:00,35.05,35.58
2024,16-Sep 5pm,195860,16-09-2024 17:00,34.67,53.52
2024,16-Sep 6pm,196068,16-09-2024 18:00,31.88,52.3
2024,16-Sep 7pm,204500,16-09-2024 19:00,32.34,51.99
2024,16-Sep 8pm,200791,16-09-2024 20:00,32.14,48.4
2024,16-Sep 9pm,198563,16-09-2024 21:00,29.15,48.8
2024,16-Sep 10pm,198755,16-09-2024 22:00,29.37,54.58
2024,16-Sep 11pm,197181,16-09-2024 23:00,29.39,45.64
2024,17-Sep 12am,193206,17-09-2024 00:00,26.42,62.74
2024,17-Sep 1am,188248,17-09-2024 01:00,25.59,58.1
2024,17-Sep 2am,183704,17-09-2024 02:00,26.04,55.39
2024,17-Sep 3am,181291,17-09-2024 03:00,26.24,62.43
2024,17-Sep 4am,180418,17-09-2024 04:00,26.26,58.31
2024,17-Sep 5am,181974,17-09-2024 05:00,26.11,62.22
2024,17-Sep 6am,186043,17-09-2024 06:00,27.67,62.08
2024,17-Sep 7am,189725,17-09-2024 07:00,28.3,40.35
2024,17-Sep 8am,192303,17-09-2024 08:00,28.22,42.77
2024,17-Sep 9am,201275,17-09-2024 09:00,30.59,50.81
2024,17-Sep 10am,204241,17-09-2024 10:00,30.96,47.87
2024,17-Sep 11am,205876,17-09-2024 11:00,30.67,52.34
2024,17-Sep 12pm,203682,17-09-2024 12:00,33.84,50.89
2024,17-Sep 1pm,201132,17-09-2024 13:00,33.52,45.13
2024,17-Sep 2pm,203888,17-09-2024 14:00,33.9,54.02
2024,17-Sep 3pm,203017,17-09-2024 15:00,35.05,40.46
2024,17-Sep 4pm,199033,17-09-2024 16:00,35.12,43.69
2024,17-Sep 5pm,189771,17-09-2024 17:00,35.16,43.83
2024,17-Sep 6pm,190544,17-09-2024 18:00,32.34,49.45
2024,17-Sep 7pm,197445,17-09-2024 19:00,31.72,50.08
2024,17-Sep 8pm,194187,17-09-2024 20:00,31.62,49.16
2024,17-Sep 9pm,193702,17-09-2024 21:00,29.35,49.49
2024,17-Sep 10pm,192654,17-09-2024 22:00,28.66,43.95
2024,17-Sep 11pm,189451,17-09-2024 23:00,29.47,52.88
2024,18-Sep 12am,185589,18-09-2024 00:00,26.34,56.27
2024,18-Sep 1am,181157,18-09-2024 01:00,26,61.1
2024,18-Sep 2am,177288,18-09-2024 02:00,26.48,64.96
2024,18-Sep 3am,174988,18-09-2024 03:00,25.6,60.96
2024,18-Sep 4am,175159,18-09-2024 04:00,25.8,62.86
2024,18-Sep 5am,178089,18-09-2024 05:00,26.14,62.69
2024,18-Sep 6am,185508,18-09-2024 06:00,27.85,58.5
2024,18-Sep 7am,192566,18-09-2024 07:00,28.43,38.72
2024,18-Sep 8am,197109,18-09-2024 08:00,27.57,62.24
2024,18-Sep 9am,206774,18-09-2024 09:00,31.05,50
2024,18-Sep 10am,211361,18-09-2024 10:00,31.09,50.71
2024,18-Sep 11am,211913,18-09-2024 11:00,31.15,52.13
2024,18-Sep 12pm,210510,18-09-2024 12:00,33.76,52.78
2024,18-Sep 1pm,206813,18-09-2024 13:00,33.86,47.72
2024,18-Sep 2pm,210833,18-09-2024 14:00,34.34,46.47
2024,18-Sep 3pm,210501,18-09-2024 15:00,34.69,47.92
2024,18-Sep 4pm,210501,18-09-2024 16:00,35.33,40.08
2024,18-Sep 5pm,197917,18-09-2024 17:00,35.06,38.42
2024,18-Sep 6pm,199347,18-09-2024 18:00,32.26,50.68
2024,18-Sep 7pm,202992,18-09-2024 19:00,32.21,45.53
2024,18-Sep 8pm,200127,18-09-2024 20:00,31.71,50.1
2024,18-Sep 9pm,199036,18-09-2024 21:00,29.07,48.68
2024,18-Sep 10pm,199663,18-09-2024 22:00,29.37,50.35
2024,18-Sep 11pm,196993,18-09-2024 23:00,28.93,39.23
2024,19-Sep 12am,193467,19-09-2024 00:00,26.47,57.84
2024,19-Sep 1am,189244,19-09-2024 01:00,25.95,64.04
2024,19-Sep 2am,185260,19-09-2024 02:00,25.64,56.85
2024,19-Sep 3am,182913,19-09-2024 03:00,25.89,61.81
2024,19-Sep 4am,183245,19-09-2024 04:00,26.45,64.25
2024,19-Sep 5am,187384,19-09-2024 05:00,25.82,60.39
2024,19-Sep 6am,193488,19-09-2024 06:00,28.37,43.76
2024,19-Sep 7am,198214,19-09-2024 07:00,28.38,36.25
2024,19-Sep 8am,202293,19-09-2024 08:00,27.85,59.94
2024,19-Sep 9am,211009,19-09-2024 09:00,30.58,49.57
2024,19-Sep 10am,215144,19-09-2024 10:00,31.22,45.08
2024,19-Sep 11am,214039,19-09-2024 11:00,30.81,49.43
2024,19-Sep 12pm,213915,19-09-2024 12:00,34.28,48.69
2024,19-Sep 1pm,210251,19-09-2024 13:00,33.94,51.7
2024,19-Sep 2pm,213986,19-09-2024 14:00,33.99,54.38
2024,19-Sep 3pm,215637,19-09-2024 15:00,35.28,35.86
2024,19-Sep 4pm,211429,19-09-2024 16:00,34.88,48.27
2024,19-Sep 5pm,204252,19-09-2024 17:00,34.94,49.44
2024,19-Sep 6pm,205316,19-09-2024 18:00,31.88,49.55
2024,19-Sep 7pm,208875,19-09-2024 19:00,31.87,52.75
2024,19-Sep 8pm,206615,19-09-2024 20:00,32.03,49.43
2024,19-Sep 9pm,207124,19-09-2024 21:00,29.31,45.27
2024,19-Sep 10pm,206267,19-09-2024 22:00,28.86,42.1
2024,19-Sep 11pm,203542,19-09-2024 23:00,29.02,53.85
2024,20-Sep 12am,200501,20-09-2024 00:00,26.17,60.14
2024,20-Sep 1am,196631,20-09-2024 01:00,25.77,60.81
2024,20-Sep 2am,191832,20-09-2024 02:00,25.78,56.63
2024,20-Sep 3am,190032,20-09-2024 03:00,26.43,57.21
2024,20-Sep 4am,190157,20-09-2024 04:00,26.22,57.35
2024,20-Sep 5am,193647,20-09-2024 05:00,26.08,59.31
2024,20-Sep 6am,198891,20-09-2024 06:00,28.15,44.28
2024,20-Sep 7am,202667,20-09-2024 07:00,27.53,60.22
2024,20-Sep 8am,208223,20-09-2024 08:00,28.12,36.92
2024,20-Sep 9am,218243,20-09-2024 09:00,31.01,47.66
2024,20-Sep 10am,224167,20-09-2024 10:00,31.05,48.84
2024,20-Sep 11am,225182,20-09-2024 11:00,30.86,51.23
2024,20-Sep 12pm,224316,20-09-2024 12:00,33.58,49.4
2024,20-Sep 1pm,220616,20-09-2024 13:00,33.69,48.92
2024,20-Sep 2pm,224802,20-09-2024 14:00,34.45,50.65
2024,20-Sep 3pm,224041,20-09-2024 15:00,34.91,47.42
2024,20-Sep 4pm,215349,20-09-2024 16:00,34.97,45.79
2024,20-Sep 5pm,208089,20-09-2024 17:00,34.55,45.24
2024,20-Sep 6pm,209335,20-09-2024 18:00,31.54,47.51
2024,20-Sep 7pm,213673,20-09-2024 19:00,32.22,45.92
2024,20-Sep 8pm,212678,20-09-2024 20:00,32.04,48.36
2024,20-Sep 9pm,211069,20-09-2024 21:00,29.01,52.73
2024,20-Sep 10pm,212101,20-09-2024 22:00,28.74,42.16
2024,20-Sep 11pm,209049,20-09-2024 23:00,29.24,51.11
2024,21-Sep 12am,204653,21-09-2024 00:00,25.67,63.53
2024,21-Sep 1am,200938,21-09-2024 01:00,25.69,57.82
2024,21-Sep 2am,195852,21-09-2024 02:00,25.96,63.85
2024,21-Sep 3am,194020,21-09-2024 03:00,25.79,58.99
2024,21-Sep 4am,193692,21-09-2024 04:00,25.75,59.01
2024,21-Sep 5am,196670,21-09-2024 05:00,26.15,59.05
2024,21-Sep 6am,200419,21-09-2024 06:00,28.15,35.98
2024,21-Sep 7am,202485,21-09-2024 07:00,28.32,44.75
2024,21-Sep 8am,205856,21-09-2024 08:00,27.92,56.39
2024,21-Sep 9am,214296,21-09-2024 09:00,30.57,48.41
2024,21-Sep 10am,218102,21-09-2024 10:00,30.77,48.19
2024,21-Sep 11am,219301,21-09-2024 11:00,31.48,45.75
2024,21-Sep 12pm,218166,21-09-2024 12:00,34.1,46.52
2024,21-Sep 1pm,217708,21-09-2024 13:00,34.21,45.45
2024,21-Sep 2pm,220654,21-09-2024 14:00,33.51,47.92
2024,21-Sep 3pm,222064,21-09-2024 15:00,35.02,43.67
2024,21-Sep 4pm,214930,21-09-2024 16:00,34.54,48.39
2024,21-Sep 5pm,209163,21-09-2024 17:00,35.07,36.24
2024,21-Sep 6pm,210848,21-09-2024 18:00,32.42,51.46
2024,21-Sep 7pm,212556,21-09-2024 19:00,32.47,54.97
2024,21-Sep 8pm,211039,21-09-2024 20:00,32.04,47.32
2024,21-Sep 9pm,211422,21-09-2024 21:00,28.96,37.8
2024,21-Sep 10pm,212443,21-09-2024 22:00,29.45,54.72
2024,21-Sep 11pm,208424,21-09-2024 23:00,29.17,46.79
2024,22-Sep 12am,205104,22-09-2024 00:00,25.56,60.11
2024,22-Sep 1am,200652,22-09-2024 01:00,25.97,57.4
2024,22-Sep 2am,195963,22-09-2024 02:00,25.74,64.32
2024,22-Sep 3am,193514,22-09-2024 03:00,25.97,64.82
2024,22-Sep 4am,193497,22-09-2024 04:00,25.96,63.15
2024,22-Sep 5am,193971,22-09-2024 05:00,26.08,58.15
2024,22-Sep 6am,194186,22-09-2024 06:00,27.86,59.03
2024,22-Sep 7am,195362,22-09-2024 07:00,27.66,57.42
2024,22-Sep 8am,198568,22-09-2024 08:00,28,63.91
2024,22-Sep 9am,208037,22-09-2024 09:00,31.33,54.15
2024,22-Sep 10am,210969,22-09-2024 10:00,31.16,49.19
2024,22-Sep 11am,213517,22-09-2024 11:00,30.84,51.57
2024,22-Sep 12pm,213854,22-09-2024 12:00,34.44,46.66
2024,22-Sep 1pm,211677,22-09-2024 13:00,34.41,49.35
2024,22-Sep 2pm,214214,22-09-2024 14:00,33.71,51.31
2024,22-Sep 3pm,212608,22-09-2024 15:00,34.54,48.85
2024,22-Sep 4pm,205112,22-09-2024 16:00,35.24,38.58
2024,22-Sep 5pm,197011,22-09-2024 17:00,35.33,35.01
2024,22-Sep 6pm,201728,22-09-2024 18:00,32.47,53.04
2024,22-Sep 7pm,207315,22-09-2024 19:00,32.39,53.89
2024,22-Sep 8pm,205892,22-09-2024 20:00,32.1,54.69
2024,22-Sep 9pm,206714,22-09-2024 21:00,29.03,52.19
2024,22-Sep 10pm,208584,22-09-2024 22:00,28.53,40.49
2024,22-Sep 11pm,206307,22-09-2024 23:00,28.75,37.69
2024,23-Sep 12am,202346,23-09-2024 00:00,25.96,64.99
2024,23-Sep 1am,198006,23-09-2024 01:00,26.13,60.9
2024,23-Sep 2am,194171,23-09-2024 02:00,26.06,61.81
2024,23-Sep 3am,191972,23-09-2024 03:00,26.24,61.82
2024,23-Sep 4am,192133,23-09-2024 04:00,25.78,63.45
2024,23-Sep 5am,195947,23-09-2024 05:00,26.06,55.1
2024,23-Sep 6am,200345,23-09-2024 06:00,27.59,57.2
2024,23-Sep 7am,204001,23-09-2024 07:00,27.91,61.66
2024,23-Sep 8am,209198,23-09-2024 08:00,28.25,43.95
2024,23-Sep 9am,221415,23-09-2024 09:00,31.19,51.85
2024,23-Sep 10am,226458,23-09-2024 10:00,31.49,49.13
2024,23-Sep 11am,228496,23-09-2024 11:00,30.78,48.62
2024,23-Sep 12pm,228812,23-09-2024 12:00,34,52.38
2024,23-Sep 1pm,226008,23-09-2024 13:00,33.83,52.41
2024,23-Sep 2pm,229704,23-09-2024 14:00,33.94,51.07
2024,23-Sep 3pm,226356,23-09-2024 15:00,35.36,37.91
2024,23-Sep 4pm,221133,23-09-2024 16:00,35.18,44.25
2024,23-Sep 5pm,211591,23-09-2024 17:00,35.38,40.52
2024,23-Sep 6pm,214092,23-09-2024 18:00,31.7,52.9
2024,23-Sep 7pm,216062,23-09-2024 19:00,32.37,47.14
2024,23-Sep 8pm,213592,23-09-2024 20:00,31.56,48.44
2024,23-Sep 9pm,212592,23-09-2024 21:00,29.39,53.75
2024,23-Sep 10pm,212880,23-09-2024 22:00,28.83,35.5
2024,23-Sep 11pm,209820,23-09-2024 23:00,28.81,40.12
2024,24-Sep 12am,204938,24-09-2024 00:00,26.01,59.82
2024,24-Sep 1am,200658,24-09-2024 01:00,26.44,62.51
2024,24-Sep 2am,197518,24-09-2024 02:00,25.55,57.82
2024,24-Sep 3am,195436,24-09-2024 03:00,25.85,57.19
2024,24-Sep 4am,195684,24-09-2024 04:00,26.36,64.26
2024,24-Sep 5am,198389,24-09-2024 05:00,25.9,60.72
2024,24-Sep 6am,201869,24-09-2024 06:00,27.7,56.05
2024,24-Sep 7am,204857,24-09-2024 07:00,27.92,56.93
2024,24-Sep 8am,209209,24-09-2024 08:00,27.89,64.99
2024,24-Sep 9am,217496,24-09-2024 09:00,31.42,46.96
2024,24-Sep 10am,223158,24-09-2024 10:00,31.26,51.1
2024,24-Sep 11am,224670,24-09-2024 11:00,31.01,49.2
2024,24-Sep 12pm,224545,24-09-2024 12:00,34.49,53.86
2024,24-Sep 1pm,221885,24-09-2024 13:00,33.97,52.55
2024,24-Sep 2pm,224615,24-09-2024 14:00,33.56,50.97
2024,24-Sep 3pm,222421,24-09-2024 15:00,34.76,45.11
2024,24-Sep 4pm,215946,24-09-2024 16:00,34.94,53.8
2024,24-Sep 5pm,210623,24-09-2024 17:00,34.66,49.45
2024,24-Sep 6pm,215315,24-09-2024 18:00,32.45,54.32
2024,24-Sep 7pm,217841,24-09-2024 19:00,32.27,49.96
2024,24-Sep 8pm,214981,24-09-2024 20:00,31.77,51.94
2024,24-Sep 9pm,215272,24-09-2024 21:00,29.09,45.69
2024,24-Sep 10pm,214400,24-09-2024 22:00,29.22,52.45
2024,24-Sep 11pm,210815,24-09-2024 23:00,29.44,48.38
2024,25-Sep 12am,205824,25-09-2024 00:00,26.38,58.51
2024,25-Sep 1am,201818,25-09-2024 01:00,26.02,56.19
2024,25-Sep 2am,198159,25-09-2024 02:00,26.27,56.47
2024,25-Sep 3am,195220,25-09-2024 03:00,26.06,56.86
2024,25-Sep 4am,194754,25-09-2024 04:00,26.05,58.28
2024,25-Sep 5am,196477,25-09-2024 05:00,25.61,63.92
2024,25-Sep 6am,200723,25-09-2024 06:00,27.63,58.68
2024,25-Sep 7am,203506,25-09-2024 07:00,28.03,42.24
2024,25-Sep 8am,205347,25-09-2024 08:00,27.77,55.83
2024,25-Sep 9am,213517,25-09-2024 09:00,30.52,50.91
2024,25-Sep 10am,216867,25-09-2024 10:00,31.22,49.82
2024,25-Sep 11am,215248,25-09-2024 11:00,30.53,54.78
2024,25-Sep 12pm,215604,25-09-2024 12:00,34.1,53.46
2024,25-Sep 1pm,211286,25-09-2024 13:00,34.04,49.55
2024,25-Sep 2pm,213240,25-09-2024 14:00,34.47,52.75
2024,25-Sep 3pm,211997,25-09-2024 15:00,34.98,46.93
2024,25-Sep 4pm,207808,25-09-2024 16:00,34.56,50.62
2024,25-Sep 5pm,205185,25-09-2024 17:00,35.05,35.75
2024,25-Sep 6pm,211546,25-09-2024 18:00,32.34,48.48
2024,25-Sep 7pm,212098,25-09-2024 19:00,32.5,47.26
2024,25-Sep 8pm,208956,25-09-2024 20:00,31.93,52.19
2024,25-Sep 9pm,206828,25-09-2024 21:00,28.82,39.9
2024,25-Sep 10pm,205701,25-09-2024 22:00,29.41,52.51
2024,25-Sep 11pm,201224,25-09-2024 23:00,28.69,40.15
2024,26-Sep 12am,196470,26-09-2024 00:00,26.12,55.86
2024,26-Sep 1am,192218,26-09-2024 01:00,25.91,62.35
2024,26-Sep 2am,188084,26-09-2024 02:00,25.54,63.33
2024,26-Sep 3am,185357,26-09-2024 03:00,25.85,64.04
2024,26-Sep 4am,184833,26-09-2024 04:00,25.77,60.72
2024,26-Sep 5am,186773,26-09-2024 05:00,26.19,62.54
2024,26-Sep 6am,191601,26-09-2024 06:00,28.45,42.52
2024,26-Sep 7am,194148,26-09-2024 07:00,27.77,56.56
2024,26-Sep 8am,196691,26-09-2024 08:00,28.31,36.64
2024,26-Sep 9am,202887,26-09-2024 09:00,30.56,45.71
2024,26-Sep 10am,205249,26-09-2024 10:00,31.04,48.2
2024,26-Sep 11am,205373,26-09-2024 11:00,30.57,49.74
2024,26-Sep 12pm,202541,26-09-2024 12:00,34.43,54.98
2024,26-Sep 1pm,196945,26-09-2024 13:00,34.27,49.31
2024,26-Sep 2pm,199949,26-09-2024 14:00,34.16,52.26
2024,26-Sep 3pm,198764,26-09-2024 15:00,35.32,41.93
2024,26-Sep 4pm,196087,26-09-2024 16:00,35.15,37.04
2024,26-Sep 5pm,195776,26-09-2024 17:00,35.47,35.59
2024,26-Sep 6pm,203359,26-09-2024 18:00,32.21,50.46
2024,26-Sep 7pm,206962,26-09-2024 19:00,32.42,52
2024,26-Sep 8pm,201857,26-09-2024 20:00,32.02,54.98
2024,26-Sep 9pm,199859,26-09-2024 21:00,28.62,38.59
2024,26-Sep 10pm,197274,26-09-2024 22:00,29.03,53.96
2024,26-Sep 11pm,192031,26-09-2024 23:00,28.63,38.82
2024,27-Sep 12am,185992,27-09-2024 00:00,26.09,61.89
2024,27-Sep 1am,180825,27-09-2024 01:00,25.98,60.98
2024,27-Sep 2am,176360,27-09-2024 02:00,26.12,55.53
2024,27-Sep 3am,173088,27-09-2024 03:00,25.51,55.78
2024,27-Sep 4am,173113,27-09-2024 04:00,25.69,55.21
2024,27-Sep 5am,177143,27-09-2024 05:00,25.99,58.71
2024,27-Sep 6am,184458,27-09-2024 06:00,28.45,42.46
2024,27-Sep 7am,189848,27-09-2024 07:00,27.88,56.73
2024,27-Sep 8am,191611,27-09-2024 08:00,27.92,61.06
2024,27-Sep 9am,197704,27-09-2024 09:00,31.21,47.89
2024,27-Sep 10am,200176,27-09-2024 10:00,31.1,52.97
2024,27-Sep 11am,199949,27-09-2024 11:00,30.8,52.98
2024,27-Sep 12pm,198454,27-09-2024 12:00,33.91,52.75
2024,27-Sep 1pm,193036,27-09-2024 13:00,33.72,50.25
2024,27-Sep 2pm,194678,27-09-2024 14:00,34.47,47.85
2024,27-Sep 3pm,194486,27-09-2024 15:00,34.63,53.09
2024,27-Sep 4pm,192018,27-09-2024 16:00,34.87,46.86
2024,27-Sep 5pm,191174,27-09-2024 17:00,34.53,47.9
2024,27-Sep 6pm,199182,27-09-2024 18:00,31.72,46.84
2024,27-Sep 7pm,202626,27-09-2024 19:00,32.28,51.74
2024,27-Sep 8pm,196273,27-09-2024 20:00,31.7,51.86
2024,27-Sep 9pm,193510,27-09-2024 21:00,28.58,41.53
2024,27-Sep 10pm,189842,27-09-2024 22:00,28.97,39.16
2024,27-Sep 11pm,185722,27-09-2024 23:00,28.51,36
2024,28-Sep 12am,180848,28-09-2024 00:00,25.58,64.11
2024,28-Sep 1am,175643,28-09-2024 01:00,26.31,60.08
2024,28-Sep 2am,171630,28-09-2024 02:00,26.27,59.07
2024,28-Sep 3am,168868,28-09-2024 03:00,26.42,60.89
2024,28-Sep 4am,169431,28-09-2024 04:00,26.35,56.93
2024,28-Sep 5am,173117,28-09-2024 05:00,26.18,56.33
2024,28-Sep 6am,180711,28-09-2024 06:00,27.55,59.06
2024,28-Sep 7am,184641,28-09-2024 07:00,28.28,37.27
2024,28-Sep 8am,185742,28-09-2024 08:00,28.35,37.44
2024,28-Sep 9am,192709,28-09-2024 09:00,31.3,53.93
2024,28-Sep 10am,195220,28-09-2024 10:00,31.01,50.31
2024,28-Sep 11am,195190,28-09-2024 11:00,30.73,49.83
2024,28-Sep 12pm,194086,28-09-2024 12:00,34.35,51.89
2024,28-Sep 1pm,189539,28-09-2024 13:00,34.23,54.52
2024,28-Sep 2pm,193114,28-09-2024 14:00,34.48,46.12
2024,28-Sep 3pm,194710,28-09-2024 15:00,34.66,53.34
2024,28-Sep 4pm,191974,28-09-2024 16:00,34.73,50.84
2024,28-Sep 5pm,189562,28-09-2024 17:00,34.71,46.46
2024,28-Sep 6pm,198238,28-09-2024 18:00,32.29,47.97
2024,28-Sep 7pm,201507,28-09-2024 19:00,31.69,49.82
2024,28-Sep 8pm,195163,28-09-2024 20:00,31.57,51.91
2024,28-Sep 9pm,193613,28-09-2024 21:00,29.5,47.43
2024,28-Sep 10pm,191832,28-09-2024 22:00,28.52,40.35
2024,28-Sep 11pm,188664,28-09-2024 23:00,29.34,51.85
2024,29-Sep 12am,183747,29-09-2024 00:00,25.87,59.49
2024,29-Sep 1am,178961,29-09-2024 01:00,26.34,63.63
2024,29-Sep 2am,174719,29-09-2024 02:00,26.05,63.69
2024,29-Sep 3am,172101,29-09-2024 03:00,26.4,59.71
2024,29-Sep 4am,172203,29-09-2024 04:00,26.43,64.73
2024,29-Sep 5am,174884,29-09-2024 05:00,25.51,55.76
2024,29-Sep 6am,178143,29-09-2024 06:00,27.58,55.03
2024,29-Sep 7am,180138,29-09-2024 07:00,27.75,58.81
2024,29-Sep 8am,181730,29-09-2024 08:00,28.17,41.01
2024,29-Sep 9am,186907,29-09-2024 09:00,31.39,51.29
2024,29-Sep 10am,188875,29-09-2024 10:00,30.96,49.76
2024,29-Sep 11am,189775,29-09-2024 11:00,31.11,46.25
2024,29-Sep 12pm,189926,29-09-2024 12:00,33.69,46.7
2024,29-Sep 1pm,187667,29-09-2024 13:00,34.3,53.52
2024,29-Sep 2pm,189075,29-09-2024 14:00,34.47,53.68
2024,29-Sep 3pm,189778,29-09-2024 15:00,34.77,51.74
2024,29-Sep 4pm,186712,29-09-2024 16:00,34.99,51.64
2024,29-Sep 5pm,182690,29-09-2024 17:00,34.59,50.98
2024,29-Sep 6pm,191633,29-09-2024 18:00,32.06,47.03
2024,29-Sep 7pm,198635,29-09-2024 19:00,32,49.28
2024,29-Sep 8pm,196125,29-09-2024 20:00,31.64,51.96
2024,29-Sep 9pm,195604,29-09-2024 21:00,28.94,40.37
2024,29-Sep 10pm,194948,29-09-2024 22:00,28.83,35.19
2024,29-Sep 11pm,191678,29-09-2024 23:00,29.02,54.54
2024,30-Sep 12am,187943,30-09-2024 00:00,26.09,63.45
2024,30-Sep 1am,182217,30-09-2024 01:00,25.51,57.61
2024,30-Sep 2am,178680,30-09-2024 02:00,26.26,61.16
2024,30-Sep 3am,176032,30-09-2024 03:00,26.21,64.23
2024,30-Sep 4am,176005,30-09-2024 04:00,25.87,55.96
2024,30-Sep 5am,178953,30-09-2024 05:00,25.55,60.03
2024,30-Sep 6am,187269,30-09-2024 06:00,28.25,39.56
2024,30-Sep 7am,191857,30-09-2024 07:00,28.46,39.1
2024,30-Sep 8am,194156,30-09-2024 08:00,27.74,63.36
2024,30-Sep 9am,202936,30-09-2024 09:00,30.82,48.81
2024,30-Sep 10am,206437,30-09-2024 10:00,30.68,45.64
2024,30-Sep 11am,203132,30-09-2024 11:00,31.08,45.66
2024,30-Sep 12pm,208249,30-09-2024 12:00,33.65,45.43
2024,30-Sep 1pm,203658,30-09-2024 13:00,33.86,49.09
2024,30-Sep 2pm,207958,30-09-2024 14:00,34.2,52.18
2024,30-Sep 3pm,210382,30-09-2024 15:00,35.06,37.04
2024,30-Sep 4pm,207384,30-09-2024 16:00,34.89,51.46
2024,30-Sep 5pm,202304,30-09-2024 17:00,34.92,51.87
2024,30-Sep 6pm,209647,30-09-2024 18:00,32.06,47.55
2024,30-Sep 7pm,211782,30-09-2024 19:00,31.51,51.01
2024,30-Sep 8pm,209484,30-09-2024 20:00,31.58,51.85
2024,30-Sep 9pm,208428,30-09-2024 21:00,29.38,49.67
2024,30-Sep 10pm,208117,30-09-2024 22:00,28.58,38.37
2024,30-Sep 11pm,203947,30-09-2024 23:00,29.21,51.19
2024,01-Oct 12am,198107.98,01-10-2024 00:00,25.42,64.78
2024,01-Oct 1am,193854.36,01-10-2024 01:00,24.77,59.27
2024,01-Oct 2am,189607.51,01-10-2024 02:00,24.87,58.92
2024,01-Oct 3am,185949.79,01-10-2024 03:00,25.07,59.64
2024,01-Oct 4am,185699.51,01-10-2024 04:00,25.38,55.76
2024,01-Oct 5am,188369.2,01-10-2024 05:00,25.44,60.53
2024,01-Oct 6am,194523.6,01-10-2024 06:00,27.24,58.29
2024,01-Oct 7am,196046.22,01-10-2024 07:00,26.59,56.21
2024,01-Oct 8am,196214.06,01-10-2024 08:00,27.17,59.66
2024,01-Oct 9am,204345.86,01-10-2024 09:00,29.91,45.03
2024,01-Oct 10am,209031.11,01-10-2024 10:00,29.97,49.02
2024,01-Oct 11am,210019.43,01-10-2024 11:00,29.55,46.06
2024,01-Oct 12pm,209824.24,01-10-2024 12:00,32.69,45.24
2024,01-Oct 1pm,207477.84,01-10-2024 13:00,33.29,53.24
2024,01-Oct 2pm,213554.94,01-10-2024 14:00,32.95,54.16
2024,01-Oct 3pm,215466.96,01-10-2024 15:00,33.8,47.08
2024,01-Oct 4pm,212324.39,01-10-2024 16:00,33.88,50.39
2024,01-Oct 5pm,205210.57,01-10-2024 17:00,34.35,47.78
2024,01-Oct 6pm,212458.31,01-10-2024 18:00,31.25,49.94
2024,01-Oct 7pm,215730.33,01-10-2024 19:00,30.77,49.37
2024,01-Oct 8pm,213255.29,01-10-2024 20:00,30.62,47.69
2024,01-Oct 9pm,211362.34,01-10-2024 21:00,27.75,62
2024,01-Oct 10pm,210550.71,01-10-2024 22:00,28.42,36.26
2024,01-Oct 11pm,207127.77,01-10-2024 23:00,28.08,35.53
2024,02-Oct 12am,202892.29,02-10-2024 00:00,25.03,62.68
2024,02-Oct 1am,197687.68,02-10-2024 01:00,25.1,61.66
2024,02-Oct 2am,193376.99,02-10-2024 02:00,24.87,59.99
2024,02-Oct 3am,190520.1,02-10-2024 03:00,25.31,59.68
2024,02-Oct 4am,189795.67,02-10-2024 04:00,25.02,59.97
2024,02-Oct 5am,191410.3,02-10-2024 05:00,24.62,59.37
2024,02-Oct 6am,192892.49,02-10-2024 06:00,26.63,58.93
2024,02-Oct 7am,190635.58,02-10-2024 07:00,27.04,60
2024,02-Oct 8am,193480.05,02-10-2024 08:00,27.44,60.29
2024,02-Oct 9am,199898.2,02-10-2024 09:00,29.81,51.92
2024,02-Oct 10am,202098.85,02-10-2024 10:00,30.37,52.11
2024,02-Oct 11am,202782.18,02-10-2024 11:00,30.26,48.78
2024,02-Oct 12pm,202727.32,02-10-2024 12:00,32.75,49.14
2024,02-Oct 1pm,199928.63,02-10-2024 13:00,32.54,48.74
2024,02-Oct 2pm,202841.09,02-10-2024 14:00,32.6,50.37
2024,02-Oct 3pm,202217.97,02-10-2024 15:00,34.23,49.53
2024,02-Oct 4pm,196983.29,02-10-2024 16:00,33.7,53.9
2024,02-Oct 5pm,191975.59,02-10-2024 17:00,33.87,51.96
2024,02-Oct 6pm,200209.73,02-10-2024 18:00,31,53.99
2024,02-Oct 7pm,205964.92,02-10-2024 19:00,31.23,52.09
2024,02-Oct 8pm,204315.95,02-10-2024 20:00,30.61,54.71
2024,02-Oct 9pm,203949.47,02-10-2024 21:00,27.91,61.36
2024,02-Oct 10pm,204569.75,02-10-2024 22:00,27.99,64.64
2024,02-Oct 11pm,202011.11,02-10-2024 23:00,28.04,36.58
2024,03-Oct 12am,196220.88,03-10-2024 00:00,25.32,55.52
2024,03-Oct 1am,190597.29,03-10-2024 01:00,24.67,60.79
2024,03-Oct 2am,185845.33,03-10-2024 02:00,25.31,64.83
2024,03-Oct 3am,182878.24,03-10-2024 03:00,25.19,59.18
2024,03-Oct 4am,182775.21,03-10-2024 04:00,25.06,57.12
2024,03-Oct 5am,186422.47,03-10-2024 05:00,25.2,60.22
2024,03-Oct 6am,192739.66,03-10-2024 06:00,26.91,61.49
2024,03-Oct 7am,195511.1,03-10-2024 07:00,26.64,58.15
2024,03-Oct 8am,199016.39,03-10-2024 08:00,27.17,62.15
2024,03-Oct 9am,206267.31,03-10-2024 09:00,30.02,54.75
2024,03-Oct 10am,211250.71,03-10-2024 10:00,30.14,53.97
2024,03-Oct 11am,213376.47,03-10-2024 11:00,29.84,47.92
2024,03-Oct 12pm,213723.37,03-10-2024 12:00,33.41,48.27
2024,03-Oct 1pm,210716.3,03-10-2024 13:00,33.09,48.72
2024,03-Oct 2pm,217270.07,03-10-2024 14:00,32.59,48.95
2024,03-Oct 3pm,216754.87,03-10-2024 15:00,33.95,46
2024,03-Oct 4pm,213024.17,03-10-2024 16:00,34.26,52.62
2024,03-Oct 5pm,206396.52,03-10-2024 17:00,34.29,48.65
2024,03-Oct 6pm,212199.86,03-10-2024 18:00,30.99,53.8
2024,03-Oct 7pm,217128.93,03-10-2024 19:00,31.39,54.27
2024,03-Oct 8pm,212488.15,03-10-2024 20:00,30.77,45.24
2024,03-Oct 9pm,210840.28,03-10-2024 21:00,27.91,64.89
2024,03-Oct 10pm,210335.24,03-10-2024 22:00,28.4,42.1
2024,03-Oct 11pm,207711.63,03-10-2024 23:00,28.4,40.2
2024,04-Oct 12am,203156.96,04-10-2024 00:00,25.19,58.9
2024,04-Oct 1am,197209.5,04-10-2024 01:00,25.36,60.19
2024,04-Oct 2am,191725.37,04-10-2024 02:00,24.59,58.25
2024,04-Oct 3am,189162.24,04-10-2024 03:00,25.36,61.23
2024,04-Oct 4am,188617.73,04-10-2024 04:00,24.82,55.93
2024,04-Oct 5am,191496.72,04-10-2024 05:00,24.68,61.21
2024,04-Oct 6am,196904.32,04-10-2024 06:00,26.74,57.75
2024,04-Oct 7am,198966.74,04-10-2024 07:00,26.92,55.18
2024,04-Oct 8am,202304.85,04-10-2024 08:00,26.75,60.53
2024,04-Oct 9am,210691.91,04-10-2024 09:00,29.82,50.78
2024,04-Oct 10am,215324.65,04-10-2024 10:00,29.63,49.27
2024,04-Oct 11am,216093.96,04-10-2024 11:00,29.8,45.72
2024,04-Oct 12pm,216044.4,04-10-2024 12:00,33.07,53.93
2024,04-Oct 1pm,212110.01,04-10-2024 13:00,32.94,51.11
2024,04-Oct 2pm,217466.51,04-10-2024 14:00,32.85,46.16
2024,04-Oct 3pm,217334.78,04-10-2024 15:00,34.25,50.11
2024,04-Oct 4pm,212720.54,04-10-2024 16:00,34.39,49.97
2024,04-Oct 5pm,207651.52,04-10-2024 17:00,34.26,45.6
2024,04-Oct 6pm,214283.17,04-10-2024 18:00,30.83,51.07
2024,04-Oct 7pm,217145.62,04-10-2024 19:00,31.24,53.08
2024,04-Oct 8pm,211721.72,04-10-2024 20:00,30.65,52.49
2024,04-Oct 9pm,210330.71,04-10-2024 21:00,27.63,57.03
2024,04-Oct 10pm,208980.18,04-10-2024 22:00,27.85,63.62
2024,04-Oct 11pm,206374.04,04-10-2024 23:00,28.31,38.43
2024,05-Oct 12am,201222.08,05-10-2024 00:00,24.75,64.47
2024,05-Oct 1am,195654.84,05-10-2024 01:00,24.56,55.72
2024,05-Oct 2am,191047.24,05-10-2024 02:00,24.63,59.86
2024,05-Oct 3am,187879.52,05-10-2024 03:00,25.36,60.97
2024,05-Oct 4am,187003.34,05-10-2024 04:00,25.13,57.48
2024,05-Oct 5am,189224.02,05-10-2024 05:00,24.75,62.71
2024,05-Oct 6am,193824.23,05-10-2024 06:00,27.06,61.27
2024,05-Oct 7am,194554.57,05-10-2024 07:00,27.03,55.18
2024,05-Oct 8am,196671.45,05-10-2024 08:00,27.16,61.08
2024,05-Oct 9am,205257.1,05-10-2024 09:00,29.73,49.91
2024,05-Oct 10am,209959,05-10-2024 10:00,30.36,46.96
2024,05-Oct 11am,210372.16,05-10-2024 11:00,29.81,54.96
2024,05-Oct 12pm,210052.05,05-10-2024 12:00,33.19,53.97
2024,05-Oct 1pm,207248.64,05-10-2024 13:00,32.52,47.93
2024,05-Oct 2pm,211398.28,05-10-2024 14:00,32.87,50.41
2024,05-Oct 3pm,213011.03,05-10-2024 15:00,33.85,48.17
2024,05-Oct 4pm,209311.09,05-10-2024 16:00,34.04,52.75
2024,05-Oct 5pm,203983.41,05-10-2024 17:00,33.57,54.3
2024,05-Oct 6pm,208569.78,05-10-2024 18:00,31.29,48.59
2024,05-Oct 7pm,212571.55,05-10-2024 19:00,30.72,53.06
2024,05-Oct 8pm,206968.58,05-10-2024 20:00,31.18,49.98
2024,05-Oct 9pm,205393.85,05-10-2024 21:00,28.3,38.97
2024,05-Oct 10pm,204682.79,05-10-2024 22:00,28.06,44.38
2024,05-Oct 11pm,201361.09,05-10-2024 23:00,28.24,40.1
2024,06-Oct 12am,196275.86,06-10-2024 00:00,25.16,59.67
2024,06-Oct 1am,188727.92,06-10-2024 01:00,24.86,61.72
2024,06-Oct 2am,181948.09,06-10-2024 02:00,25.31,57.61
2024,06-Oct 3am,178416.95,06-10-2024 03:00,24.79,58.25
2024,06-Oct 4am,177452.57,06-10-2024 04:00,25.07,64.32
2024,06-Oct 5am,178533.77,06-10-2024 05:00,25.25,61.79
2024,06-Oct 6am,180889.27,06-10-2024 06:00,26.88,63.27
2024,06-Oct 7am,181157.75,06-10-2024 07:00,26.8,57.71
2024,06-Oct 8am,183872.64,06-10-2024 08:00,26.96,60.44
2024,06-Oct 9am,190725.55,06-10-2024 09:00,30.32,54.71
2024,06-Oct 10am,194544.52,06-10-2024 10:00,30.43,48.19
2024,06-Oct 11am,196136.59,06-10-2024 11:00,30.05,46.6
2024,06-Oct 12pm,196000.08,06-10-2024 12:00,33.16,50.11
2024,06-Oct 1pm,193872.71,06-10-2024 13:00,33.4,48.88
2024,06-Oct 2pm,193769.09,06-10-2024 14:00,32.6,46.6
2024,06-Oct 3pm,191795.28,06-10-2024 15:00,33.73,53.89
2024,06-Oct 4pm,187854.95,06-10-2024 16:00,34.21,54.91
2024,06-Oct 5pm,184441.86,06-10-2024 17:00,34.32,50.69
2024,06-Oct 6pm,197608.5,06-10-2024 18:00,31.36,52.75
2024,06-Oct 7pm,201905.58,06-10-2024 19:00,30.92,53.59
2024,06-Oct 8pm,198510.29,06-10-2024 20:00,30.59,52.01
2024,06-Oct 9pm,198075.9,06-10-2024 21:00,27.94,55.44
2024,06-Oct 10pm,196886.07,06-10-2024 22:00,27.73,56.58
2024,06-Oct 11pm,194570.33,06-10-2024 23:00,27.79,55.71
2024,07-Oct 12am,190380,07-10-2024 00:00,25.27,55.1
2024,07-Oct 1am,185400.96,07-10-2024 01:00,24.58,58.06
2024,07-Oct 2am,180771.45,07-10-2024 02:00,25.33,58.92
2024,07-Oct 3am,178168.37,07-10-2024 03:00,24.93,57.41
2024,07-Oct 4am,178796.48,07-10-2024 04:00,25.1,55.65
2024,07-Oct 5am,182857.79,07-10-2024 05:00,24.59,60.3
2024,07-Oct 6am,188877.5,07-10-2024 06:00,26.84,57.73
2024,07-Oct 7am,191746.56,07-10-2024 07:00,26.59,62.96
2024,07-Oct 8am,194372.57,07-10-2024 08:00,27.46,55.08
2024,07-Oct 9am,205397.37,07-10-2024 09:00,30.31,53.43
2024,07-Oct 10am,209096.87,07-10-2024 10:00,29.96,54.55
2024,07-Oct 11am,209442.45,07-10-2024 11:00,29.72,52.16
2024,07-Oct 12pm,209413.41,07-10-2024 12:00,33.43,52.34
2024,07-Oct 1pm,205843.45,07-10-2024 13:00,32.84,54.34
2024,07-Oct 2pm,210775.86,07-10-2024 14:00,32.66,47.09
2024,07-Oct 3pm,209744.98,07-10-2024 15:00,34.06,54.95
2024,07-Oct 4pm,206428.57,07-10-2024 16:00,34.44,52.73
2024,07-Oct 5pm,202660.84,07-10-2024 17:00,33.5,52.27
2024,07-Oct 6pm,211693.53,07-10-2024 18:00,30.74,48.61
2024,07-Oct 7pm,213077.77,07-10-2024 19:00,31.44,50.46
2024,07-Oct 8pm,207006.41,07-10-2024 20:00,30.67,51.54
2024,07-Oct 9pm,204456.68,07-10-2024 21:00,27.61,61.2
2024,07-Oct 10pm,203314.91,07-10-2024 22:00,28.07,42.05
2024,07-Oct 11pm,201497.29,07-10-2024 23:00,28.36,35.82
2024,08-Oct 12am,196621.96,08-10-2024 00:00,24.98,58.56
2024,08-Oct 1am,192241.65,08-10-2024 01:00,25.49,59.34
2024,08-Oct 2am,187397,08-10-2024 02:00,25.18,57.61
2024,08-Oct 3am,184879.75,08-10-2024 03:00,24.57,56.73
2024,08-Oct 4am,184772.18,08-10-2024 04:00,25.49,56.39
2024,08-Oct 5am,188053.1,08-10-2024 05:00,24.91,58.66
2024,08-Oct 6am,193702.38,08-10-2024 06:00,26.79,59.93
2024,08-Oct 7am,195944.68,08-10-2024 07:00,27.06,55.63
2024,08-Oct 8am,200306.65,08-10-2024 08:00,26.8,64.46
2024,08-Oct 9am,208879.8,08-10-2024 09:00,29.59,52.65
2024,08-Oct 10am,213957.5,08-10-2024 10:00,29.5,52.31
2024,08-Oct 11am,214743.97,08-10-2024 11:00,29.95,46.73
2024,08-Oct 12pm,213588.01,08-10-2024 12:00,33.34,51.04
2024,08-Oct 1pm,209751.05,08-10-2024 13:00,33.07,50.3
2024,08-Oct 2pm,214055.36,08-10-2024 14:00,33.5,54.82
2024,08-Oct 3pm,211768.66,08-10-2024 15:00,33.79,52.48
2024,08-Oct 4pm,208208.28,08-10-2024 16:00,33.78,50.76
2024,08-Oct 5pm,203847.48,08-10-2024 17:00,33.66,53.51
2024,08-Oct 6pm,211548.82,08-10-2024 18:00,30.66,46.55
2024,08-Oct 7pm,212385.32,08-10-2024 19:00,30.79,45.15
2024,08-Oct 8pm,207564.06,08-10-2024 20:00,31.29,51.9
2024,08-Oct 9pm,205693.54,08-10-2024 21:00,28.41,35.98
2024,08-Oct 10pm,205163.88,08-10-2024 22:00,28.48,36.15
2024,08-Oct 11pm,202808.75,08-10-2024 23:00,27.73,62.45
2024,09-Oct 12am,197362.1,09-10-2024 00:00,25.38,57.71
2024,09-Oct 1am,192586.8,09-10-2024 01:00,24.83,61.29
2024,09-Oct 2am,188499.49,09-10-2024 02:00,24.61,64.17
2024,09-Oct 3am,184914.86,09-10-2024 03:00,25.37,58.16
2024,09-Oct 4am,184665.18,09-10-2024 04:00,25.14,57.17
2024,09-Oct 5am,187517.84,09-10-2024 05:00,24.66,56.07
2024,09-Oct 6am,193711.09,09-10-2024 06:00,26.93,56.3
2024,09-Oct 7am,196148.98,09-10-2024 07:00,26.79,55.62
2024,09-Oct 8am,199257.07,09-10-2024 08:00,27.24,55.88
2024,09-Oct 9am,210145.14,09-10-2024 09:00,29.95,49.32
2024,09-Oct 10am,214983.69,09-10-2024 10:00,30.49,48.21
2024,09-Oct 11am,215314.98,09-10-2024 11:00,29.55,52.07
2024,09-Oct 12pm,214493.86,09-10-2024 12:00,32.86,53.7
2024,09-Oct 1pm,208370.4,09-10-2024 13:00,32.98,52.85
2024,09-Oct 2pm,210606.69,09-10-2024 14:00,33,50.31
2024,09-Oct 3pm,209529.34,09-10-2024 15:00,33.82,46.02
2024,09-Oct 4pm,204957.89,09-10-2024 16:00,34.23,52.1
2024,09-Oct 5pm,200057.29,09-10-2024 17:00,34.37,48.63
2024,09-Oct 6pm,208467.06,09-10-2024 18:00,31.44,45.86
2024,09-Oct 7pm,208918.96,09-10-2024 19:00,31.31,53.42
2024,09-Oct 8pm,203688.15,09-10-2024 20:00,31.35,48.38
2024,09-Oct 9pm,201011.04,09-10-2024 21:00,28.05,37.18
2024,09-Oct 10pm,199627.02,09-10-2024 22:00,28.33,43.71
2024,09-Oct 11pm,196433.03,09-10-2024 23:00,27.8,64.02
2024,10-Oct 12am,191962.62,10-10-2024 00:00,24.9,58.39
2024,10-Oct 1am,187112.31,10-10-2024 01:00,24.82,58.55
2024,10-Oct 2am,182879.98,10-10-2024 02:00,24.97,60.8
2024,10-Oct 3am,180019.29,10-10-2024 03:00,24.79,62.33
2024,10-Oct 4am,179639.21,10-10-2024 04:00,25.46,55.63
2024,10-Oct 5am,183482.42,10-10-2024 05:00,24.81,60.93
2024,10-Oct 6am,188926.55,10-10-2024 06:00,26.6,64.53
2024,10-Oct 7am,192373.86,10-10-2024 07:00,27.03,57.62
2024,10-Oct 8am,196264.34,10-10-2024 08:00,26.56,64.09
2024,10-Oct 9am,205050.34,10-10-2024 09:00,29.61,54.5
2024,10-Oct 10am,210272.75,10-10-2024 10:00,29.72,47.69
2024,10-Oct 11am,209416.61,10-10-2024 11:00,29.96,52.54
2024,10-Oct 12pm,208534.96,10-10-2024 12:00,32.93,47.39
2024,10-Oct 1pm,202617.97,10-10-2024 13:00,33.3,52.38
2024,10-Oct 2pm,205715.21,10-10-2024 14:00,33.24,52.97
2024,10-Oct 3pm,203085.7,10-10-2024 15:00,33.93,47.47
2024,10-Oct 4pm,198734.52,10-10-2024 16:00,33.83,52.16
2024,10-Oct 5pm,196543.87,10-10-2024 17:00,33.82,53.12
2024,10-Oct 6pm,205084.57,10-10-2024 18:00,31.27,48.59
2024,10-Oct 7pm,205462.57,10-10-2024 19:00,30.55,46.68
2024,10-Oct 8pm,197560.52,10-10-2024 20:00,30.51,45.92
2024,10-Oct 9pm,194226.75,10-10-2024 21:00,28.3,40.75
2024,10-Oct 10pm,192131.8,10-10-2024 22:00,27.98,64.78
2024,10-Oct 11pm,189359.8,10-10-2024 23:00,27.63,63.23
2024,11-Oct 12am,185116.07,11-10-2024 00:00,24.74,59.36
2024,11-Oct 1am,180642.09,11-10-2024 01:00,25.43,60.37
2024,11-Oct 2am,176986.64,11-10-2024 02:00,25.36,57.8
2024,11-Oct 3am,174713.72,11-10-2024 03:00,25.21,56.63
2024,11-Oct 4am,174961.05,11-10-2024 04:00,24.98,59.82
2024,11-Oct 5am,178191.61,11-10-2024 05:00,25.02,59.64
2024,11-Oct 6am,181415.1,11-10-2024 06:00,27.48,60.22
2024,11-Oct 7am,184907.66,11-10-2024 07:00,27.47,64.53
2024,11-Oct 8am,188555.63,11-10-2024 08:00,26.72,61.04
2024,11-Oct 9am,197216.03,11-10-2024 09:00,30.31,51.06
2024,11-Oct 10am,200725.47,11-10-2024 10:00,29.7,46.28
2024,11-Oct 11am,201734.21,11-10-2024 11:00,29.71,54.96
2024,11-Oct 12pm,200273.85,11-10-2024 12:00,33.18,52.73
2024,11-Oct 1pm,194504.04,11-10-2024 13:00,32.91,53.77
2024,11-Oct 2pm,195650.52,11-10-2024 14:00,33.43,49.14
2024,11-Oct 3pm,194717.26,11-10-2024 15:00,33.59,50.02
2024,11-Oct 4pm,190332.62,11-10-2024 16:00,34.01,50.22
2024,11-Oct 5pm,188582.34,11-10-2024 17:00,34.42,46.94
2024,11-Oct 6pm,200144.65,11-10-2024 18:00,31.4,51.89
2024,11-Oct 7pm,196768.56,11-10-2024 19:00,30.66,54.03
2024,11-Oct 8pm,189706.56,11-10-2024 20:00,30.87,46.64
2024,11-Oct 9pm,186255.19,11-10-2024 21:00,28.12,35.86
2024,11-Oct 10pm,184492.39,11-10-2024 22:00,27.66,62.38
2024,11-Oct 11pm,181793.01,11-10-2024 23:00,28.47,37.73
2024,12-Oct 12am,178429.76,12-10-2024 00:00,25.41,61.24
2024,12-Oct 1am,174645.09,12-10-2024 01:00,24.67,61.96
2024,12-Oct 2am,171251.85,12-10-2024 02:00,24.62,58.22
2024,12-Oct 3am,168956.71,12-10-2024 03:00,24.59,63.15
2024,12-Oct 4am,169181.91,12-10-2024 04:00,25.41,60.5
2024,12-Oct 5am,172279.2,12-10-2024 05:00,24.69,63.69
2024,12-Oct 6am,175137.92,12-10-2024 06:00,26.92,62.63
2024,12-Oct 7am,177203.3,12-10-2024 07:00,26.95,63.69
2024,12-Oct 8am,179929.11,12-10-2024 08:00,27.1,55.2
2024,12-Oct 9am,185380.35,12-10-2024 09:00,29.57,47.44
2024,12-Oct 10am,185734.68,12-10-2024 10:00,29.73,45.9
2024,12-Oct 11am,184169.4,12-10-2024 11:00,30.43,49.42
2024,12-Oct 12pm,183299.88,12-10-2024 12:00,33.41,53.9
2024,12-Oct 1pm,178951.89,12-10-2024 13:00,33.28,49.68
2024,12-Oct 2pm,178990.85,12-10-2024 14:00,32.52,53.5
2024,12-Oct 3pm,177594.93,12-10-2024 15:00,33.83,48.27
2024,12-Oct 4pm,173178.23,12-10-2024 16:00,34.13,48.4
2024,12-Oct 5pm,170477.02,12-10-2024 17:00,33.78,53.96
2024,12-Oct 6pm,180841.07,12-10-2024 18:00,31.41,49.26
2024,12-Oct 7pm,178187.22,12-10-2024 19:00,31.13,52.9
2024,12-Oct 8pm,173576.94,12-10-2024 20:00,30.57,47.37
2024,12-Oct 9pm,172145.49,12-10-2024 21:00,28.41,44.49
2024,12-Oct 10pm,172032.62,12-10-2024 22:00,28.46,40.75
2024,12-Oct 11pm,170627.91,12-10-2024 23:00,27.58,62.59
2024,13-Oct 12am,167487.82,13-10-2024 00:00,25.03,55.9
2024,13-Oct 1am,163780.85,13-10-2024 01:00,24.8,59.93
2024,13-Oct 2am,160099.06,13-10-2024 02:00,24.89,64.01
2024,13-Oct 3am,157715.98,13-10-2024 03:00,24.68,63.77
2024,13-Oct 4am,157789.49,13-10-2024 04:00,25.08,55.47
2024,13-Oct 5am,160000.51,13-10-2024 05:00,25.46,58.04
2024,13-Oct 6am,163470.2,13-10-2024 06:00,27,59.43
2024,13-Oct 7am,167369.31,13-10-2024 07:00,26.58,56.72
2024,13-Oct 8am,170805.4,13-10-2024 08:00,27.12,62.3
2024,13-Oct 9am,175991.89,13-10-2024 09:00,29.84,46.85
2024,13-Oct 10am,181242.82,13-10-2024 10:00,30.36,48.47
2024,13-Oct 11am,182059.11,13-10-2024 11:00,29.93,51.63
2024,13-Oct 12pm,182244.82,13-10-2024 12:00,32.69,49.82
2024,13-Oct 1pm,179411.67,13-10-2024 13:00,32.69,52.39
2024,13-Oct 2pm,179203.9,13-10-2024 14:00,33.27,54.61
2024,13-Oct 3pm,178297.57,13-10-2024 15:00,33.77,46.17
2024,13-Oct 4pm,175128.56,13-10-2024 16:00,34.27,52.1
2024,13-Oct 5pm,174766.93,13-10-2024 17:00,33.71,47.3
2024,13-Oct 6pm,187386.06,13-10-2024 18:00,30.82,49.14
2024,13-Oct 7pm,185576.15,13-10-2024 19:00,30.97,45.33
2024,13-Oct 8pm,180583.1,13-10-2024 20:00,31.44,46.36
2024,13-Oct 9pm,178831.49,13-10-2024 21:00,28.43,38.2
2024,13-Oct 10pm,177956.65,13-10-2024 22:00,27.71,58.42
2024,13-Oct 11pm,176143.26,13-10-2024 23:00,27.86,64
2024,14-Oct 12am,172361.94,14-10-2024 00:00,24.65,62.42
2024,14-Oct 1am,168260.98,14-10-2024 01:00,25.01,64.72
2024,14-Oct 2am,164463.75,14-10-2024 02:00,24.96,60.99
2024,14-Oct 3am,162152.56,14-10-2024 03:00,25.4,57.42
2024,14-Oct 4am,163009.35,14-10-2024 04:00,25.43,58.28
2024,14-Oct 5am,167087.33,14-10-2024 05:00,24.88,58.2
2024,14-Oct 6am,175375.82,14-10-2024 06:00,26.99,58.26
2024,14-Oct 7am,180112.14,14-10-2024 07:00,27.4,61.73
2024,14-Oct 8am,183802.83,14-10-2024 08:00,27.31,60.31
2024,14-Oct 9am,192415.56,14-10-2024 09:00,29.5,48.85
2024,14-Oct 10am,194748.04,14-10-2024 10:00,29.82,46.49
2024,14-Oct 11am,194587.82,14-10-2024 11:00,29.92,45.22
2024,14-Oct 12pm,193645.6,14-10-2024 12:00,32.73,47.19
2024,14-Oct 1pm,189575.35,14-10-2024 13:00,32.7,46.07
2024,14-Oct 2pm,192536.42,14-10-2024 14:00,32.54,52.85
2024,14-Oct 3pm,191341.33,14-10-2024 15:00,34.14,46.12
2024,14-Oct 4pm,188422.55,14-10-2024 16:00,33.76,52.24
2024,14-Oct 5pm,188930.28,14-10-2024 17:00,33.55,48.86
2024,14-Oct 6pm,202826.19,14-10-2024 18:00,30.73,45.73
2024,14-Oct 7pm,199267.02,14-10-2024 19:00,31.3,53.13
2024,14-Oct 8pm,191082.22,14-10-2024 20:00,31.35,50.8
2024,14-Oct 9pm,187073.83,14-10-2024 21:00,27.98,57.36
2024,14-Oct 10pm,184363.45,14-10-2024 22:00,27.92,63.95
2024,14-Oct 11pm,180439.59,14-10-2024 23:00,28.48,35.45
2024,15-Oct 12am,176007.97,15-10-2024 00:00,24.7,57.02
2024,15-Oct 1am,171555.86,15-10-2024 01:00,24.72,62.52
2024,15-Oct 2am,168923.91,15-10-2024 02:00,24.79,62.09
2024,15-Oct 3am,165626.44,15-10-2024 03:00,24.67,57.89
2024,15-Oct 4am,165512.36,15-10-2024 04:00,24.88,55.62
2024,15-Oct 5am,169990.8,15-10-2024 05:00,25.41,63.58
2024,15-Oct 6am,178421.86,15-10-2024 06:00,27.12,58.14
2024,15-Oct 7am,181911.03,15-10-2024 07:00,26.91,56.96
2024,15-Oct 8am,183056,15-10-2024 08:00,27.43,60.16
2024,15-Oct 9am,185601.03,15-10-2024 09:00,29.55,54.1
2024,15-Oct 10am,190657.6,15-10-2024 10:00,29.71,45.44
2024,15-Oct 11am,191765.77,15-10-2024 11:00,30.07,52.66
2024,15-Oct 12pm,190692.72,15-10-2024 12:00,33.12,50.72
2024,15-Oct 1pm,185246.24,15-10-2024 13:00,32.54,49.25
2024,15-Oct 2pm,188168.89,15-10-2024 14:00,32.9,52.44
2024,15-Oct 3pm,189062.4,15-10-2024 15:00,34.15,54.66
2024,15-Oct 4pm,187556.41,15-10-2024 16:00,34.2,47.29
2024,15-Oct 5pm,190633.27,15-10-2024 17:00,34.14,46.44
2024,15-Oct 6pm,201695.27,15-10-2024 18:00,30.82,54.13
2024,15-Oct 7pm,200389.31,15-10-2024 19:00,30.59,51.69
2024,15-Oct 8pm,191603.13,15-10-2024 20:00,30.93,49.38
2024,15-Oct 9pm,187263.73,15-10-2024 21:00,27.63,60.73
2024,15-Oct 10pm,184322.11,15-10-2024 22:00,28.45,42.46
2024,15-Oct 11pm,180897.66,15-10-2024 23:00,27.98,62.73
2024,16-Oct 12am,176356.31,16-10-2024 00:00,24.82,64.2
2024,16-Oct 1am,171592.36,16-10-2024 01:00,25.27,59.27
2024,16-Oct 2am,168370.08,16-10-2024 02:00,25,57.93
2024,16-Oct 3am,164885.03,16-10-2024 03:00,24.81,61.4
2024,16-Oct 4am,164704.07,16-10-2024 04:00,25.31,59.16
2024,16-Oct 5am,169441.05,16-10-2024 05:00,25.37,60.95
2024,16-Oct 6am,176829,16-10-2024 06:00,27.17,59.2
2024,16-Oct 7am,180633.3,16-10-2024 07:00,26.55,56.53
2024,16-Oct 8am,183514.17,16-10-2024 08:00,27.07,59.69
2024,16-Oct 9am,187680.77,16-10-2024 09:00,30.26,51.91
2024,16-Oct 10am,190420.5,16-10-2024 10:00,29.64,52.99
2024,16-Oct 11am,190122.74,16-10-2024 11:00,29.73,49.93
2024,16-Oct 12pm,188778.95,16-10-2024 12:00,33.38,46.65
2024,16-Oct 1pm,183251.45,16-10-2024 13:00,32.52,49.15
2024,16-Oct 2pm,187936.88,16-10-2024 14:00,33.25,52.86
2024,16-Oct 3pm,188950.49,16-10-2024 15:00,33.97,49.13
2024,16-Oct 4pm,187829.11,16-10-2024 16:00,33.95,51.97
2024,16-Oct 5pm,190630.4,16-10-2024 17:00,33.51,50.07
2024,16-Oct 6pm,201510.07,16-10-2024 18:00,31.32,47.41
2024,16-Oct 7pm,199611.78,16-10-2024 19:00,30.86,52.96
2024,16-Oct 8pm,191822.22,16-10-2024 20:00,31.04,45.84
2024,16-Oct 9pm,187584.26,16-10-2024 21:00,28.18,40.25
2024,16-Oct 10pm,184203.51,16-10-2024 22:00,28.2,37.09
2024,16-Oct 11pm,181029.38,16-10-2024 23:00,28.46,35.67
2024,17-Oct 12am,175630.68,17-10-2024 00:00,25.03,60.03
2024,17-Oct 1am,170492.71,17-10-2024 01:00,24.9,60
2024,17-Oct 2am,166964.27,17-10-2024 02:00,25.45,62.07
2024,17-Oct 3am,164406.78,17-10-2024 03:00,25.14,62.45
2024,17-Oct 4am,164673.61,17-10-2024 04:00,24.8,62.28
2024,17-Oct 5am,169005.65,17-10-2024 05:00,24.63,59.1
2024,17-Oct 6am,176101.26,17-10-2024 06:00,27.34,61.32
2024,17-Oct 7am,180687.69,17-10-2024 07:00,26.86,60.77
2024,17-Oct 8am,184053.35,17-10-2024 08:00,27.16,59.22
2024,17-Oct 9am,190384.14,17-10-2024 09:00,29.97,50.97
2024,17-Oct 10am,193235.44,17-10-2024 10:00,29.7,54.47
2024,17-Oct 11am,192838.06,17-10-2024 11:00,30.1,46.93
2024,17-Oct 12pm,192055.46,17-10-2024 12:00,32.56,54.06
2024,17-Oct 1pm,186330.57,17-10-2024 13:00,32.91,45.53
2024,17-Oct 2pm,190746.43,17-10-2024 14:00,33.05,48.08
2024,17-Oct 3pm,191373.05,17-10-2024 15:00,33.94,47.88
2024,17-Oct 4pm,191490.35,17-10-2024 16:00,34.25,51.26
2024,17-Oct 5pm,192839.33,17-10-2024 17:00,34.33,46.31
2024,17-Oct 6pm,205425.72,17-10-2024 18:00,31.27,53.82
2024,17-Oct 7pm,202371,17-10-2024 19:00,30.54,53.29
2024,17-Oct 8pm,193585.81,17-10-2024 20:00,30.69,51.52
2024,17-Oct 9pm,190772.35,17-10-2024 21:00,28.04,39.58
2024,17-Oct 10pm,187270.17,17-10-2024 22:00,28.43,44.33
2024,17-Oct 11pm,183137.6,17-10-2024 23:00,28.33,43.31
2024,18-Oct 12am,177993.3,18-10-2024 00:00,25.34,59.99
2024,18-Oct 1am,172904.92,18-10-2024 01:00,24.8,62.02
2024,18-Oct 2am,169637.39,18-10-2024 02:00,24.93,60.67
2024,18-Oct 3am,166801.96,18-10-2024 03:00,24.97,60.88
2024,18-Oct 4am,167372.46,18-10-2024 04:00,24.66,58.31
2024,18-Oct 5am,172825.55,18-10-2024 05:00,24.53,59.62
2024,18-Oct 6am,180650.86,18-10-2024 06:00,27.45,55.78
2024,18-Oct 7am,184834.04,18-10-2024 07:00,26.74,58.57
2024,18-Oct 8am,186063.05,18-10-2024 08:00,26.74,61.96
2024,18-Oct 9am,193507.63,18-10-2024 09:00,29.58,54.53
2024,18-Oct 10am,196595.61,18-10-2024 10:00,30.43,54.63
2024,18-Oct 11am,195776.19,18-10-2024 11:00,30.08,50.56
2024,18-Oct 12pm,194876.65,18-10-2024 12:00,33.17,51.07
2024,18-Oct 1pm,190002.47,18-10-2024 13:00,33.41,46.86
2024,18-Oct 2pm,193894.02,18-10-2024 14:00,32.85,51.95
2024,18-Oct 3pm,193911.57,18-10-2024 15:00,34.12,45.71
2024,18-Oct 4pm,192007.84,18-10-2024 16:00,33.54,47.85
2024,18-Oct 5pm,195026.7,18-10-2024 17:00,33.69,51.68
2024,18-Oct 6pm,205879.19,18-10-2024 18:00,31.33,48.1
2024,18-Oct 7pm,203536.66,18-10-2024 19:00,31.27,45.5
2024,18-Oct 8pm,195803,18-10-2024 20:00,30.85,53.32
2024,18-Oct 9pm,191440.86,18-10-2024 21:00,27.88,58.1
2024,18-Oct 10pm,188066.68,18-10-2024 22:00,28.03,35.63
2024,18-Oct 11pm,184176.57,18-10-2024 23:00,27.5,55.75
2024,19-Oct 12am,178445.49,19-10-2024 00:00,24.74,57.52
2024,19-Oct 1am,173250.97,19-10-2024 01:00,24.71,56.78
2024,19-Oct 2am,169878.04,19-10-2024 02:00,24.75,62.74
2024,19-Oct 3am,166834.76,19-10-2024 03:00,25.31,58.22
2024,19-Oct 4am,167330.44,19-10-2024 04:00,24.78,63.05
2024,19-Oct 5am,171805.81,19-10-2024 05:00,24.69,56.74
2024,19-Oct 6am,179076.92,19-10-2024 06:00,27,59.93
2024,19-Oct 7am,183096.79,19-10-2024 07:00,27.37,61.88
2024,19-Oct 8am,185804.65,19-10-2024 08:00,26.74,61.52
2024,19-Oct 9am,190653.54,19-10-2024 09:00,29.58,51.01
2024,19-Oct 10am,193437.52,19-10-2024 10:00,29.86,54.25
2024,19-Oct 11am,192108.39,19-10-2024 11:00,30.25,47.29
2024,19-Oct 12pm,191289.73,19-10-2024 12:00,33.05,49.94
2024,19-Oct 1pm,186573.83,19-10-2024 13:00,33.32,53.84
2024,19-Oct 2pm,191369.3,19-10-2024 14:00,33.46,45.78
2024,19-Oct 3pm,192012.19,19-10-2024 15:00,34.29,45.56
2024,19-Oct 4pm,190000.81,19-10-2024 16:00,34.1,47.33
2024,19-Oct 5pm,191932.12,19-10-2024 17:00,33.99,51.33
2024,19-Oct 6pm,202691.82,19-10-2024 18:00,30.54,47.6
2024,19-Oct 7pm,200908,19-10-2024 19:00,31.48,46.9
2024,19-Oct 8pm,191966.36,19-10-2024 20:00,30.88,49.59
2024,19-Oct 9pm,187608.31,19-10-2024 21:00,27.65,61.14
2024,19-Oct 10pm,184157.31,19-10-2024 22:00,28.17,37.49
2024,19-Oct 11pm,180350.88,19-10-2024 23:00,27.78,58.01
2024,20-Oct 12am,175342.83,20-10-2024 00:00,25.09,61.14
2024,20-Oct 1am,170361.49,20-10-2024 01:00,25.09,64.46
2024,20-Oct 2am,167369.01,20-10-2024 02:00,24.95,61.75
2024,20-Oct 3am,164565.77,20-10-2024 03:00,25.34,62.83
2024,20-Oct 4am,164283.92,20-10-2024 04:00,24.76,58.67
2024,20-Oct 5am,166536.8,20-10-2024 05:00,24.95,57.72
2024,20-Oct 6am,169289.28,20-10-2024 06:00,27.04,59.54
2024,20-Oct 7am,171666.18,20-10-2024 07:00,27.16,63.07
2024,20-Oct 8am,175068.17,20-10-2024 08:00,27.28,59.56
2024,20-Oct 9am,180362.71,20-10-2024 09:00,29.89,53.47
2024,20-Oct 10am,181891.49,20-10-2024 10:00,30.15,54.89
2024,20-Oct 11am,181689.06,20-10-2024 11:00,29.65,45.72
2024,20-Oct 12pm,181049.52,20-10-2024 12:00,33.43,45.45
2024,20-Oct 1pm,177751.44,20-10-2024 13:00,32.88,46.5
2024,20-Oct 2pm,179860.37,20-10-2024 14:00,33.23,48.84
2024,20-Oct 3pm,178105.71,20-10-2024 15:00,33.52,46.31
2024,20-Oct 4pm,174935.65,20-10-2024 16:00,33.71,53.71
2024,20-Oct 5pm,179686.08,20-10-2024 17:00,33.99,45.23
2024,20-Oct 6pm,192971.37,20-10-2024 18:00,31.38,48.16
2024,20-Oct 7pm,189096.5,20-10-2024 19:00,31.03,46.85
2024,20-Oct 8pm,180991.38,20-10-2024 20:00,31.43,54.32
2024,20-Oct 9pm,179165.18,20-10-2024 21:00,27.98,61.69
2024,20-Oct 10pm,177534.87,20-10-2024 22:00,27.99,64.12
2024,20-Oct 11pm,173447.5,20-10-2024 23:00,27.62,64.72
2024,21-Oct 12am,167778.48,21-10-2024 00:00,25.3,59.97
2024,21-Oct 1am,163036.55,21-10-2024 01:00,24.75,57.34
2024,21-Oct 2am,160092.74,21-10-2024 02:00,25.4,56.94
2024,21-Oct 3am,157840.86,21-10-2024 03:00,25.41,57.23
2024,21-Oct 4am,158651.58,21-10-2024 04:00,25.44,62.09
2024,21-Oct 5am,163882.06,21-10-2024 05:00,25.02,55.4
2024,21-Oct 6am,173127.48,21-10-2024 06:00,27.18,55.51
2024,21-Oct 7am,178737.03,21-10-2024 07:00,27.28,61.08
2024,21-Oct 8am,182661.06,21-10-2024 08:00,26.63,61.42
2024,21-Oct 9am,187902.69,21-10-2024 09:00,30.1,51.65
2024,21-Oct 10am,189693.96,21-10-2024 10:00,29.53,48.72
2024,21-Oct 11am,190633.08,21-10-2024 11:00,30,53.06
2024,21-Oct 12pm,190786.32,21-10-2024 12:00,32.65,50.34
2024,21-Oct 1pm,185612.62,21-10-2024 13:00,32.68,46.05
2024,21-Oct 2pm,189985.53,21-10-2024 14:00,32.87,52.97
2024,21-Oct 3pm,190116.89,21-10-2024 15:00,33.93,54.53
2024,21-Oct 4pm,187583.2,21-10-2024 16:00,34.12,45.6
2024,21-Oct 5pm,191385.56,21-10-2024 17:00,33.57,48.91
2024,21-Oct 6pm,204213.87,21-10-2024 18:00,31,49.88
2024,21-Oct 7pm,201153.61,21-10-2024 19:00,30.68,46.46
2024,21-Oct 8pm,192960.16,21-10-2024 20:00,31.07,53.68
2024,21-Oct 9pm,188449.91,21-10-2024 21:00,28.14,37.84
2024,21-Oct 10pm,184532.55,21-10-2024 22:00,28.06,42.83
2024,21-Oct 11pm,178925.35,21-10-2024 23:00,28.24,41.71
2024,22-Oct 12am,172631.75,22-10-2024 00:00,24.84,60.98
2024,22-Oct 1am,168653.79,22-10-2024 01:00,25.27,56.92
2024,22-Oct 2am,165775.83,22-10-2024 02:00,24.93,57.21
2024,22-Oct 3am,162982.93,22-10-2024 03:00,24.98,55.47
2024,22-Oct 4am,162805.97,22-10-2024 04:00,25.15,57.41
2024,22-Oct 5am,166888.97,22-10-2024 05:00,24.52,58.45
2024,22-Oct 6am,175724.75,22-10-2024 06:00,27.15,63.33
2024,22-Oct 7am,181651.48,22-10-2024 07:00,27.12,58.66
2024,22-Oct 8am,184899.19,22-10-2024 08:00,26.81,62.55
2024,22-Oct 9am,188602.97,22-10-2024 09:00,29.59,49.39
2024,22-Oct 10am,190063.91,22-10-2024 10:00,29.59,52.85
2024,22-Oct 11am,189221.85,22-10-2024 11:00,30.42,54.76
2024,22-Oct 12pm,188311.38,22-10-2024 12:00,33.19,47.4
2024,22-Oct 1pm,183971.53,22-10-2024 13:00,32.63,53.62
2024,22-Oct 2pm,189709.69,22-10-2024 14:00,32.86,51.22
2024,22-Oct 3pm,190017.71,22-10-2024 15:00,34.09,53.17
2024,22-Oct 4pm,189337.57,22-10-2024 16:00,34.34,51.52
2024,22-Oct 5pm,193408.21,22-10-2024 17:00,33.54,49.24
2024,22-Oct 6pm,205693.01,22-10-2024 18:00,30.74,47.28
2024,22-Oct 7pm,201770.31,22-10-2024 19:00,31.39,45.7
2024,22-Oct 8pm,193568.82,22-10-2024 20:00,30.51,50.36
2024,22-Oct 9pm,189663.81,22-10-2024 21:00,27.7,64.9
2024,22-Oct 10pm,185012.21,22-10-2024 22:00,28.46,42.38
2024,22-Oct 11pm,180139.8,22-10-2024 23:00,28.11,38.27
2024,23-Oct 12am,174504.99,23-10-2024 00:00,24.76,63.27
2024,23-Oct 1am,169272.45,23-10-2024 01:00,24.57,62.69
2024,23-Oct 2am,166237.09,23-10-2024 02:00,24.53,57.82
2024,23-Oct 3am,164142.62,23-10-2024 03:00,24.74,55.14
2024,23-Oct 4am,164765.95,23-10-2024 04:00,25.38,56.18
2024,23-Oct 5am,170779.53,23-10-2024 05:00,24.92,63.77
2024,23-Oct 6am,178873.15,23-10-2024 06:00,27.22,63.37
2024,23-Oct 7am,182990.9,23-10-2024 07:00,27.42,57.95
2024,23-Oct 8am,184594.14,23-10-2024 08:00,26.91,57.85
2024,23-Oct 9am,189661.55,23-10-2024 09:00,29.69,52.93
2024,23-Oct 10am,191877.04,23-10-2024 10:00,30.02,54.38
2024,23-Oct 11am,191150.83,23-10-2024 11:00,30.41,52.79
2024,23-Oct 12pm,189361.83,23-10-2024 12:00,33.3,51.06
2024,23-Oct 1pm,184431.6,23-10-2024 13:00,32.57,47.43
2024,23-Oct 2pm,188512.07,23-10-2024 14:00,33.19,50.26
2024,23-Oct 3pm,191188.67,23-10-2024 15:00,34.07,47.34
2024,23-Oct 4pm,189396.74,23-10-2024 16:00,34.41,53.08
2024,23-Oct 5pm,194567.98,23-10-2024 17:00,33.62,48.87
2024,23-Oct 6pm,205785.39,23-10-2024 18:00,31.03,53.34
2024,23-Oct 7pm,201981.97,23-10-2024 19:00,31.38,48.82
2024,23-Oct 8pm,192665.71,23-10-2024 20:00,30.91,53.24
2024,23-Oct 9pm,187919.62,23-10-2024 21:00,27.98,58.33
2024,23-Oct 10pm,183777.36,23-10-2024 22:00,27.57,59.4
2024,23-Oct 11pm,179148.37,23-10-2024 23:00,27.78,61.15
2024,24-Oct 12am,173594.42,24-10-2024 00:00,24.82,55.7
2024,24-Oct 1am,168303.94,24-10-2024 01:00,25.45,64.48
2024,24-Oct 2am,165039.45,24-10-2024 02:00,24.78,60.74
2024,24-Oct 3am,162409.99,24-10-2024 03:00,24.96,60.08
2024,24-Oct 4am,162710.89,24-10-2024 04:00,25.17,63.39
2024,24-Oct 5am,168771.83,24-10-2024 05:00,24.66,63.66
2024,24-Oct 6am,177386.05,24-10-2024 06:00,26.99,60.22
2024,24-Oct 7am,183190.47,24-10-2024 07:00,27.24,64.27
2024,24-Oct 8am,184776.04,24-10-2024 08:00,27.37,55.65
2024,24-Oct 9am,188769.6,24-10-2024 09:00,30.13,46.13
2024,24-Oct 10am,190652.67,24-10-2024 10:00,30.17,50.97
2024,24-Oct 11am,189162.66,24-10-2024 11:00,29.63,48.54
2024,24-Oct 12pm,186802.11,24-10-2024 12:00,33.45,49.64
2024,24-Oct 1pm,181694.31,24-10-2024 13:00,32.63,48.28
2024,24-Oct 2pm,185844.48,24-10-2024 14:00,33.27,49.05
2024,24-Oct 3pm,187060.62,24-10-2024 15:00,33.76,53.23
2024,24-Oct 4pm,186764.8,24-10-2024 16:00,34.43,50.93
2024,24-Oct 5pm,191413.94,24-10-2024 17:00,34.22,54.97
2024,24-Oct 6pm,202331.91,24-10-2024 18:00,31.25,52.87
2024,24-Oct 7pm,197907.32,24-10-2024 19:00,30.72,47.74
2024,24-Oct 8pm,188932.71,24-10-2024 20:00,30.94,47.64
2024,24-Oct 9pm,182926.1,24-10-2024 21:00,28.12,38.36
2024,24-Oct 10pm,179174.94,24-10-2024 22:00,28.27,43.43
2024,24-Oct 11pm,173627.04,24-10-2024 23:00,27.6,55.27
2024,25-Oct 12am,168014.95,25-10-2024 00:00,25.46,57.3
2024,25-Oct 1am,162732.33,25-10-2024 01:00,25.39,64.05
2024,25-Oct 2am,159956.83,25-10-2024 02:00,24.77,61.4
2024,25-Oct 3am,157377.57,25-10-2024 03:00,25.32,57.27
2024,25-Oct 4am,158182.16,25-10-2024 04:00,25.02,57.19
2024,25-Oct 5am,164838.61,25-10-2024 05:00,24.96,63.63
2024,25-Oct 6am,175991.81,25-10-2024 06:00,26.81,63.94
2024,25-Oct 7am,181288.52,25-10-2024 07:00,27.08,57.56
2024,25-Oct 8am,183577.16,25-10-2024 08:00,27.23,59.21
2024,25-Oct 9am,188161.08,25-10-2024 09:00,29.91,53.35
2024,25-Oct 10am,190124.22,25-10-2024 10:00,30.13,52.71
2024,25-Oct 11am,189108.05,25-10-2024 11:00,30.2,53.14
2024,25-Oct 12pm,187069.05,25-10-2024 12:00,33.21,50.18
2024,25-Oct 1pm,179657.42,25-10-2024 13:00,32.55,54.12
2024,25-Oct 2pm,184781.32,25-10-2024 14:00,33.36,48.26
2024,25-Oct 3pm,186426.83,25-10-2024 15:00,33.96,46.57
2024,25-Oct 4pm,185382.83,25-10-2024 16:00,33.76,52.09
2024,25-Oct 5pm,189258.83,25-10-2024 17:00,33.74,50.39
2024,25-Oct 6pm,199902.86,25-10-2024 18:00,30.98,53.55
2024,25-Oct 7pm,194992.6,25-10-2024 19:00,31.39,45.81
2024,25-Oct 8pm,185398.09,25-10-2024 20:00,30.88,53.44
2024,25-Oct 9pm,179716.37,25-10-2024 21:00,28.25,37.93
2024,25-Oct 10pm,176383.99,25-10-2024 22:00,27.6,61.55
2024,25-Oct 11pm,171410.37,25-10-2024 23:00,27.98,55.4
2024,26-Oct 12am,166639.83,26-10-2024 00:00,25.49,61.1
2024,26-Oct 1am,161853.47,26-10-2024 01:00,25.27,62.17
2024,26-Oct 2am,158473.68,26-10-2024 02:00,24.71,58.69
2024,26-Oct 3am,155950.2,26-10-2024 03:00,25,57.15
2024,26-Oct 4am,157167.98,26-10-2024 04:00,24.73,60.38
2024,26-Oct 5am,164183.02,26-10-2024 05:00,24.91,63.33
2024,26-Oct 6am,173529.07,26-10-2024 06:00,27.28,58.24
2024,26-Oct 7am,178572.13,26-10-2024 07:00,27.27,57.52
2024,26-Oct 8am,181515.29,26-10-2024 08:00,26.73,57.79
2024,26-Oct 9am,187069.42,26-10-2024 09:00,30.42,54.49
2024,26-Oct 10am,189855.96,26-10-2024 10:00,30.09,48.59
2024,26-Oct 11am,188136.49,26-10-2024 11:00,29.88,45.04
2024,26-Oct 12pm,187144.56,26-10-2024 12:00,33,52.82
2024,26-Oct 1pm,181813.99,26-10-2024 13:00,33.11,51.99
2024,26-Oct 2pm,185871.35,26-10-2024 14:00,33.06,46.29
2024,26-Oct 3pm,187458.7,26-10-2024 15:00,33.99,54.85
2024,26-Oct 4pm,187652.08,26-10-2024 16:00,34,51.08
2024,26-Oct 5pm,190131.78,26-10-2024 17:00,33.68,50.01
2024,26-Oct 6pm,201165.86,26-10-2024 18:00,31.31,48.82
2024,26-Oct 7pm,195940.57,26-10-2024 19:00,31.04,53.99
2024,26-Oct 8pm,186850.68,26-10-2024 20:00,30.63,47.44
2024,26-Oct 9pm,181741.99,26-10-2024 21:00,28.27,37.86
2024,26-Oct 10pm,177603.72,26-10-2024 22:00,28.43,36.22
2024,26-Oct 11pm,173731.52,26-10-2024 23:00,28.45,42.59
2024,27-Oct 12am,168913.85,27-10-2024 00:00,24.87,60.96
2024,27-Oct 1am,164027.69,27-10-2024 01:00,24.64,61.09
2024,27-Oct 2am,160781.6,27-10-2024 02:00,25.02,57.18
2024,27-Oct 3am,158767.34,27-10-2024 03:00,24.61,61.51
2024,27-Oct 4am,159137.61,27-10-2024 04:00,25.43,62.65
2024,27-Oct 5am,163839.75,27-10-2024 05:00,24.68,58.58
2024,27-Oct 6am,170194.35,27-10-2024 06:00,26.75,63.01
2024,27-Oct 7am,174690.14,27-10-2024 07:00,26.91,58.49
2024,27-Oct 8am,177871.82,27-10-2024 08:00,26.88,62.58
2024,27-Oct 9am,183935.17,27-10-2024 09:00,30.29,45.34
2024,27-Oct 10am,186563.41,27-10-2024 10:00,29.96,50.51
2024,27-Oct 11am,186829.93,27-10-2024 11:00,29.67,54.7
2024,27-Oct 12pm,185349.63,27-10-2024 12:00,32.77,54.81
2024,27-Oct 1pm,181646.27,27-10-2024 13:00,33.01,47.82
2024,27-Oct 2pm,181781.4,27-10-2024 14:00,32.65,49.41
2024,27-Oct 3pm,181458.29,27-10-2024 15:00,34.11,45.63
2024,27-Oct 4pm,178744.44,27-10-2024 16:00,34.07,53.73
2024,27-Oct 5pm,180882.54,27-10-2024 17:00,34.21,50.69
2024,27-Oct 6pm,192233.76,27-10-2024 18:00,31.44,48.85
2024,27-Oct 7pm,189475.47,27-10-2024 19:00,31.41,46.13
2024,27-Oct 8pm,182676.61,27-10-2024 20:00,31.45,54.47
2024,27-Oct 9pm,178532.26,27-10-2024 21:00,27.74,60.3
2024,27-Oct 10pm,175766.02,27-10-2024 22:00,27.63,57.83
2024,27-Oct 11pm,172248.32,27-10-2024 23:00,27.8,58.5
2024,28-Oct 12am,166678.6,28-10-2024 00:00,25.4,57.71
2024,28-Oct 1am,162335.28,28-10-2024 01:00,25.47,61.02
2024,28-Oct 2am,159236.65,28-10-2024 02:00,25.36,64.3
2024,28-Oct 3am,157100.21,28-10-2024 03:00,24.61,63.57
2024,28-Oct 4am,158800.32,28-10-2024 04:00,25.45,59.6
2024,28-Oct 5am,166770.82,28-10-2024 05:00,24.92,63.26
2024,28-Oct 6am,178722.42,28-10-2024 06:00,26.51,59.23
2024,28-Oct 7am,185554.87,28-10-2024 07:00,26.94,57.52
2024,28-Oct 8am,188897.31,28-10-2024 08:00,26.55,64.83
2024,28-Oct 9am,197107.84,28-10-2024 09:00,30.04,48.04
2024,28-Oct 10am,201586.49,28-10-2024 10:00,29.84,48.24
2024,28-Oct 11am,202779.94,28-10-2024 11:00,29.97,54.9
2024,28-Oct 12pm,201033.27,28-10-2024 12:00,33.11,46.34
2024,28-Oct 1pm,196079.12,28-10-2024 13:00,33.37,52.61
2024,28-Oct 2pm,200929.6,28-10-2024 14:00,33.16,54.36
2024,28-Oct 3pm,201274.2,28-10-2024 15:00,33.93,50.12
2024,28-Oct 4pm,197417.68,28-10-2024 16:00,34.32,45.03
2024,28-Oct 5pm,196111.44,28-10-2024 17:00,34.41,48.75
2024,28-Oct 6pm,204739.5,28-10-2024 18:00,30.62,46.12
2024,28-Oct 7pm,200524.91,28-10-2024 19:00,31.03,49.16
2024,28-Oct 8pm,192384.67,28-10-2024 20:00,30.78,52.9
2024,28-Oct 9pm,188038.51,28-10-2024 21:00,27.55,59.39
2024,28-Oct 10pm,184495.12,28-10-2024 22:00,28.17,39.32
2024,28-Oct 11pm,180299.75,28-10-2024 23:00,28.36,40.57
2024,29-Oct 12am,175116.86,29-10-2024 00:00,24.66,60.82
2024,29-Oct 1am,169941.27,29-10-2024 01:00,25.31,63.56
2024,29-Oct 2am,166156.7,29-10-2024 02:00,25.35,58.08
2024,29-Oct 3am,164025.89,29-10-2024 03:00,25.41,63.22
2024,29-Oct 4am,164890.63,29-10-2024 04:00,24.77,60.66
2024,29-Oct 5am,172978.45,29-10-2024 05:00,25.4,58.01
2024,29-Oct 6am,184089.43,29-10-2024 06:00,26.82,57.95
2024,29-Oct 7am,191193.64,29-10-2024 07:00,27.05,58.61
2024,29-Oct 8am,193335.33,29-10-2024 08:00,26.55,61.23
2024,29-Oct 9am,202507.62,29-10-2024 09:00,29.54,47.31
2024,29-Oct 10am,206016.13,29-10-2024 10:00,30.22,54.2
2024,29-Oct 11am,206345.88,29-10-2024 11:00,29.94,50.75
2024,29-Oct 12pm,205093.93,29-10-2024 12:00,32.76,54.2
2024,29-Oct 1pm,200215.59,29-10-2024 13:00,32.69,45.46
2024,29-Oct 2pm,203022.26,29-10-2024 14:00,33.17,48.43
2024,29-Oct 3pm,203697.59,29-10-2024 15:00,33.5,45.23
2024,29-Oct 4pm,200675.89,29-10-2024 16:00,34.31,47.72
2024,29-Oct 5pm,199602.03,29-10-2024 17:00,33.58,53.62
2024,29-Oct 6pm,205556.85,29-10-2024 18:00,30.69,45.37
2024,29-Oct 7pm,199770.96,29-10-2024 19:00,30.89,49.36
2024,29-Oct 8pm,192278.45,29-10-2024 20:00,30.98,46.18
2024,29-Oct 9pm,188495.09,29-10-2024 21:00,27.85,59.17
2024,29-Oct 10pm,185573.49,29-10-2024 22:00,27.82,63.39
2024,29-Oct 11pm,181493.7,29-10-2024 23:00,28.46,41.23
2024,30-Oct 12am,176078.71,30-10-2024 00:00,25.14,62.37
2024,30-Oct 1am,170602.63,30-10-2024 01:00,24.52,58.49
2024,30-Oct 2am,166984.99,30-10-2024 02:00,24.93,64.44
2024,30-Oct 3am,164374.49,30-10-2024 03:00,25.38,62.09
2024,30-Oct 4am,165386.73,30-10-2024 04:00,24.8,59.22
2024,30-Oct 5am,172355.08,30-10-2024 05:00,24.59,59.26
2024,30-Oct 6am,182162.85,30-10-2024 06:00,27.26,64.19
2024,30-Oct 7am,188866.03,30-10-2024 07:00,27.11,60.76
2024,30-Oct 8am,190733.86,30-10-2024 08:00,27.07,62.06
2024,30-Oct 9am,199403.61,30-10-2024 09:00,29.55,49.17
2024,30-Oct 10am,203600.38,30-10-2024 10:00,29.64,47.24
2024,30-Oct 11am,203124.98,30-10-2024 11:00,30.12,52.24
2024,30-Oct 12pm,201492.07,30-10-2024 12:00,32.71,51.08
2024,30-Oct 1pm,197532.18,30-10-2024 13:00,33,50.01
2024,30-Oct 2pm,198046.69,30-10-2024 14:00,33.04,51.24
2024,30-Oct 3pm,196034.19,30-10-2024 15:00,33.78,47.08
2024,30-Oct 4pm,191857.23,30-10-2024 16:00,34.45,52.94
2024,30-Oct 5pm,191569.97,30-10-2024 17:00,34.34,54.48
2024,30-Oct 6pm,197197.19,30-10-2024 18:00,31.22,53.91
2024,30-Oct 7pm,192298.92,30-10-2024 19:00,30.58,48.21
2024,30-Oct 8pm,184683.47,30-10-2024 20:00,30.61,49.06
2024,30-Oct 9pm,181374.63,30-10-2024 21:00,27.99,63.08
2024,30-Oct 10pm,179134.09,30-10-2024 22:00,27.66,60.95
2024,30-Oct 11pm,174719.15,30-10-2024 23:00,28.48,40.48
2024,31-Oct 12am,168981.31,31-10-2024 00:00,24.66,64.27
2024,31-Oct 1am,163728.32,31-10-2024 01:00,24.99,60.36
2024,31-Oct 2am,160040.07,31-10-2024 02:00,24.86,60.15
2024,31-Oct 3am,157874.29,31-10-2024 03:00,25.14,55.42
2024,31-Oct 4am,158836.74,31-10-2024 04:00,24.63,55.69
2024,31-Oct 5am,165018.75,31-10-2024 05:00,24.93,55.07
2024,31-Oct 6am,171893.2,31-10-2024 06:00,26.77,64.13
2024,31-Oct 7am,174908.78,31-10-2024 07:00,27.39,59.08
2024,31-Oct 8am,175641.58,31-10-2024 08:00,26.54,59.69
2024,31-Oct 9am,179875.22,31-10-2024 09:00,30.41,53.45
2024,31-Oct 10am,180578.29,31-10-2024 10:00,30.33,51.09
2024,31-Oct 11am,180091.98,31-10-2024 11:00,29.8,51.1
2024,31-Oct 12pm,178266.28,31-10-2024 12:00,33.29,47.97
2024,31-Oct 1pm,174609.17,31-10-2024 13:00,32.53,53.34
2024,31-Oct 2pm,173994.94,31-10-2024 14:00,33.47,46.66
2024,31-Oct 3pm,172884.85,31-10-2024 15:00,34.03,45.53
2024,31-Oct 4pm,167409.79,31-10-2024 16:00,33.8,46.92
2024,31-Oct 5pm,167357.7,31-10-2024 17:00,33.86,47.68
2024,31-Oct 6pm,172175.29,31-10-2024 18:00,30.57,47.82
2024,31-Oct 7pm,164775.17,31-10-2024 19:00,31.49,51.71
2024,31-Oct 8pm,160047.62,31-10-2024 20:00,30.54,47.18
2024,31-Oct 9pm,158300.01,31-10-2024 21:00,28.15,41.77
2024,31-Oct 10pm,157301.97,31-10-2024 22:00,27.94,55.91
2024,31-Oct 11pm,154522.64,31-10-2024 23:00,28.45,36.47
2024,01-Nov 12am,150785.48,01-11-2024 00:00,21.75,75.09
2024,01-Nov 1am,146718.3,01-11-2024 01:00,22.03,44.22
2024,01-Nov 2am,144562.73,01-11-2024 02:00,21.98,78.6
2024,01-Nov 3am,144551.28,01-11-2024 03:00,22.2,44.69
2024,01-Nov 4am,144548.26,01-11-2024 04:00,21.57,76.5
2024,01-Nov 5am,144581.53,01-11-2024 05:00,21.69,76.76
2024,01-Nov 6am,144676,01-11-2024 06:00,23.71,61.25
2024,01-Nov 7am,144740.9,01-11-2024 07:00,24.24,61.23
2024,01-Nov 8am,144736.39,01-11-2024 08:00,23.69,56.47
2024,01-Nov 9am,144708.03,01-11-2024 09:00,27.07,60.44
2024,01-Nov 10am,166707.39,01-11-2024 10:00,26.72,58.86
2024,01-Nov 11am,169764.12,01-11-2024 11:00,27.36,59.43
2024,01-Nov 12pm,169220.04,01-11-2024 12:00,30.44,50.24
2024,01-Nov 1pm,164771,01-11-2024 13:00,30.02,46.28
2024,01-Nov 2pm,164932,01-11-2024 14:00,29.85,48.59
2024,01-Nov 3pm,163350.21,01-11-2024 15:00,30.73,45.63
2024,01-Nov 4pm,160225.56,01-11-2024 16:00,30.55,54.8
2024,01-Nov 5pm,162169.03,01-11-2024 17:00,30.77,46.19
2024,01-Nov 6pm,168787.76,01-11-2024 18:00,28.15,37.59
2024,01-Nov 7pm,163928.58,01-11-2024 19:00,28.03,43.91
2024,01-Nov 8pm,158601.61,01-11-2024 20:00,28.44,39.83
2024,01-Nov 9pm,156003.36,01-11-2024 21:00,24.9,56.36
2024,01-Nov 10pm,154288.52,01-11-2024 22:00,25.19,58.84
2024,01-Nov 11pm,151202.62,01-11-2024 23:00,24.99,56.16
2024,02-Nov 12am,148277,02-11-2024 00:00,22.01,37
2024,02-Nov 1am,143609.66,02-11-2024 01:00,21.77,70.52
2024,02-Nov 2am,140480.83,02-11-2024 02:00,21.95,74.38
2024,02-Nov 3am,138257.49,02-11-2024 03:00,21.97,78.07
2024,02-Nov 4am,140373.66,02-11-2024 04:00,22.21,40.86
2024,02-Nov 5am,146527.49,02-11-2024 05:00,22.44,41.06
2024,02-Nov 6am,155519.61,02-11-2024 06:00,23.83,57.01
2024,02-Nov 7am,160558.21,02-11-2024 07:00,23.54,58.44
2024,02-Nov 8am,163258.65,02-11-2024 08:00,24,63.45
2024,02-Nov 9am,166992.36,02-11-2024 09:00,27.04,55.88
2024,02-Nov 10am,168226.49,02-11-2024 10:00,26.67,63.58
2024,02-Nov 11am,167926.56,02-11-2024 11:00,27.26,59.84
2024,02-Nov 12pm,166815.35,02-11-2024 12:00,30.48,53.37
2024,02-Nov 1pm,164717.7,02-11-2024 13:00,30.45,48.18
2024,02-Nov 2pm,165437.81,02-11-2024 14:00,29.7,48.39
2024,02-Nov 3pm,165839.43,02-11-2024 15:00,31.38,52.52
2024,02-Nov 4pm,163659.77,02-11-2024 16:00,31.2,52.85
2024,02-Nov 5pm,164929.16,02-11-2024 17:00,30.95,47.3
2024,02-Nov 6pm,171613.38,02-11-2024 18:00,28.04,44.73
2024,02-Nov 7pm,166678.82,02-11-2024 19:00,28.35,35.84
2024,02-Nov 8pm,161049.42,02-11-2024 20:00,27.98,55.69
2024,02-Nov 9pm,156755.91,02-11-2024 21:00,24.87,60.96
2024,02-Nov 10pm,154073.92,02-11-2024 22:00,24.99,62.23
2024,02-Nov 11pm,151781.48,02-11-2024 23:00,25.08,64.61
2024,03-Nov 12am,147900.34,03-11-2024 00:00,21.69,74.05
2024,03-Nov 1am,143883.82,03-11-2024 01:00,22.4,35.25
2024,03-Nov 2am,141074.66,03-11-2024 02:00,22.17,41.03
2024,03-Nov 3am,139393.18,03-11-2024 03:00,22.13,37.9
2024,03-Nov 4am,140286.2,03-11-2024 04:00,21.6,74.33
2024,03-Nov 5am,146616.59,03-11-2024 05:00,22.1,39.88
2024,03-Nov 6am,154392.21,03-11-2024 06:00,23.62,55.65
2024,03-Nov 7am,161135.55,03-11-2024 07:00,23.58,59.86
2024,03-Nov 8am,164647.76,03-11-2024 08:00,24.03,59.26
2024,03-Nov 9am,169221.32,03-11-2024 09:00,26.9,62.13
2024,03-Nov 10am,169239.22,03-11-2024 10:00,27.09,61.46
2024,03-Nov 11am,168719.38,03-11-2024 11:00,26.59,56.85
2024,03-Nov 12pm,167902.77,03-11-2024 12:00,29.93,47.06
2024,03-Nov 1pm,164751.85,03-11-2024 13:00,29.67,47.51
2024,03-Nov 2pm,165856.03,03-11-2024 14:00,30.49,46.79
2024,03-Nov 3pm,164394.4,03-11-2024 15:00,31.06,51.57
2024,03-Nov 4pm,161553.94,03-11-2024 16:00,31.19,54.94
2024,03-Nov 5pm,163028.11,03-11-2024 17:00,30.83,51.52
2024,03-Nov 6pm,170672.88,03-11-2024 18:00,27.59,61.07
2024,03-Nov 7pm,166100.15,03-11-2024 19:00,28.48,39.1
2024,03-Nov 8pm,160219.79,03-11-2024 20:00,27.79,58.13
2024,03-Nov 9pm,157229.99,03-11-2024 21:00,24.92,64.11
2024,03-Nov 10pm,155711.58,03-11-2024 22:00,25.15,64.69
2024,03-Nov 11pm,152691.68,03-11-2024 23:00,24.52,59.97
2024,04-Nov 12am,148663.76,04-11-2024 00:00,22.31,37.9
2024,04-Nov 1am,144810.43,04-11-2024 01:00,22.04,42.7
2024,04-Nov 2am,142667.24,04-11-2024 02:00,21.78,71.32
2024,04-Nov 3am,140972.01,04-11-2024 03:00,21.56,77.66
2024,04-Nov 4am,143326.71,04-11-2024 04:00,21.66,78.19
2024,04-Nov 5am,151322.26,04-11-2024 05:00,22.4,36.25
2024,04-Nov 6am,164097.72,04-11-2024 06:00,24.19,64.77
2024,04-Nov 7am,172891.69,04-11-2024 07:00,23.75,64.86
2024,04-Nov 8am,174881.15,04-11-2024 08:00,23.57,64.37
2024,04-Nov 9am,182158.65,04-11-2024 09:00,27.19,59.96
2024,04-Nov 10am,184846.39,04-11-2024 10:00,27.07,57.46
2024,04-Nov 11am,184823.04,04-11-2024 11:00,26.9,60.82
2024,04-Nov 12pm,184254.95,04-11-2024 12:00,29.86,49.2
2024,04-Nov 1pm,179905.02,04-11-2024 13:00,29.72,47.06
2024,04-Nov 2pm,182193.45,04-11-2024 14:00,30.17,49.24
2024,04-Nov 3pm,182631.5,04-11-2024 15:00,31.47,51.64
2024,04-Nov 4pm,180260.09,04-11-2024 16:00,30.68,45.71
2024,04-Nov 5pm,182212.01,04-11-2024 17:00,31.1,48.33
2024,04-Nov 6pm,188116.35,04-11-2024 18:00,27.92,55.18
2024,04-Nov 7pm,181924.48,04-11-2024 19:00,27.95,62.49
2024,04-Nov 8pm,172848.77,04-11-2024 20:00,27.75,61.41
2024,04-Nov 9pm,167748.97,04-11-2024 21:00,25.33,55.63
2024,04-Nov 10pm,164334.23,04-11-2024 22:00,24.99,64.65
2024,04-Nov 11pm,160579.76,04-11-2024 23:00,25.04,55.23
2024,05-Nov 12am,156754.62,05-11-2024 00:00,21.8,75.9
2024,05-Nov 1am,153341.43,05-11-2024 01:00,21.68,77.76
2024,05-Nov 2am,151262.63,05-11-2024 02:00,21.59,77.88
2024,05-Nov 3am,149793.83,05-11-2024 03:00,22.21,35.34
2024,05-Nov 4am,151759.45,05-11-2024 04:00,21.7,79.06
2024,05-Nov 5am,159320.01,05-11-2024 05:00,22.19,44.18
2024,05-Nov 6am,171533.25,05-11-2024 06:00,23.89,60.61
2024,05-Nov 7am,178804.19,05-11-2024 07:00,23.92,59.82
2024,05-Nov 8am,180809.88,05-11-2024 08:00,23.97,55.45
2024,05-Nov 9am,187954.62,05-11-2024 09:00,26.87,60.62
2024,05-Nov 10am,189955.96,05-11-2024 10:00,26.6,59.09
2024,05-Nov 11am,189350.67,05-11-2024 11:00,26.81,62.73
2024,05-Nov 12pm,188406.18,05-11-2024 12:00,30.16,49.04
2024,05-Nov 1pm,184027.78,05-11-2024 13:00,30.17,51.84
2024,05-Nov 2pm,187120,05-11-2024 14:00,29.79,46.01
2024,05-Nov 3pm,188590.8,05-11-2024 15:00,30.96,46.33
2024,05-Nov 4pm,186463.96,05-11-2024 16:00,30.69,46.4
2024,05-Nov 5pm,188187.06,05-11-2024 17:00,30.71,45.46
2024,05-Nov 6pm,192833.82,05-11-2024 18:00,27.52,60.41
2024,05-Nov 7pm,185922.68,05-11-2024 19:00,28.4,42.94
2024,05-Nov 8pm,176529.24,05-11-2024 20:00,27.71,61.1
2024,05-Nov 9pm,171364.57,05-11-2024 21:00,24.73,60.75
2024,05-Nov 10pm,168207.31,05-11-2024 22:00,24.78,61.81
2024,05-Nov 11pm,164385.58,05-11-2024 23:00,24.63,58.4
2024,06-Nov 12am,159056.92,06-11-2024 00:00,22.14,38.62
2024,06-Nov 1am,155441.56,06-11-2024 01:00,21.58,73.14
2024,06-Nov 2am,152772.29,06-11-2024 02:00,21.63,77.12
2024,06-Nov 3am,150994.83,06-11-2024 03:00,22.14,36.62
2024,06-Nov 4am,153188.17,06-11-2024 04:00,21.84,70.13
2024,06-Nov 5am,162546.13,06-11-2024 05:00,22.21,40.96
2024,06-Nov 6am,175919.08,06-11-2024 06:00,24.06,64.42
2024,06-Nov 7am,184285.1,06-11-2024 07:00,23.76,61.09
2024,06-Nov 8am,186168.52,06-11-2024 08:00,24.15,62.83
2024,06-Nov 9am,193264.09,06-11-2024 09:00,26.62,61.73
2024,06-Nov 10am,194951.18,06-11-2024 10:00,27.04,59.97
2024,06-Nov 11am,194178.46,06-11-2024 11:00,26.94,62.18
2024,06-Nov 12pm,192072.69,06-11-2024 12:00,29.77,53.24
2024,06-Nov 1pm,187593.93,06-11-2024 13:00,30.1,47.25
2024,06-Nov 2pm,191433.6,06-11-2024 14:00,30.37,48.36
2024,06-Nov 3pm,192411.55,06-11-2024 15:00,31.5,47.24
2024,06-Nov 4pm,190217.65,06-11-2024 16:00,31.11,49.52
2024,06-Nov 5pm,191222.04,06-11-2024 17:00,30.9,53.85
2024,06-Nov 6pm,197281.21,06-11-2024 18:00,27.73,58.45
2024,06-Nov 7pm,188516.35,06-11-2024 19:00,27.76,58.74
2024,06-Nov 8pm,178832.31,06-11-2024 20:00,27.98,63.6
2024,06-Nov 9pm,173267.35,06-11-2024 21:00,24.87,60.15
2024,06-Nov 10pm,169837.38,06-11-2024 22:00,25.41,60.35
2024,06-Nov 11pm,165969.67,06-11-2024 23:00,24.87,63.61
2024,07-Nov 12am,161432.85,07-11-2024 00:00,21.87,74.91
2024,07-Nov 1am,157012.66,07-11-2024 01:00,21.88,76.82
2024,07-Nov 2am,154315.93,07-11-2024 02:00,22.34,35.86
2024,07-Nov 3am,152934.41,07-11-2024 03:00,22.15,36.79
2024,07-Nov 4am,154614.02,07-11-2024 04:00,22.11,39.04
2024,07-Nov 5am,163209.98,07-11-2024 05:00,21.83,74.95
2024,07-Nov 6am,176050.94,07-11-2024 06:00,24.32,64.66
2024,07-Nov 7am,185046.42,07-11-2024 07:00,23.54,64.71
2024,07-Nov 8am,187569.46,07-11-2024 08:00,24.37,63.51
2024,07-Nov 9am,195284.03,07-11-2024 09:00,27.01,58.16
2024,07-Nov 10am,197311.96,07-11-2024 10:00,26.9,64.64
2024,07-Nov 11am,195894.14,07-11-2024 11:00,27,61.89
2024,07-Nov 12pm,193832.58,07-11-2024 12:00,30.17,48.93
2024,07-Nov 1pm,188990.62,07-11-2024 13:00,29.51,52.02
2024,07-Nov 2pm,191933.09,07-11-2024 14:00,30.37,45.17
2024,07-Nov 3pm,192161.6,07-11-2024 15:00,30.95,46.46
2024,07-Nov 4pm,187851.77,07-11-2024 16:00,30.84,53.3
2024,07-Nov 5pm,188288.42,07-11-2024 17:00,30.64,51.46
2024,07-Nov 6pm,194977.89,07-11-2024 18:00,27.94,58.64
2024,07-Nov 7pm,186760.5,07-11-2024 19:00,28,60.01
2024,07-Nov 8pm,177337.04,07-11-2024 20:00,27.9,64.05
2024,07-Nov 9pm,172343.96,07-11-2024 21:00,25.18,61.32
2024,07-Nov 10pm,168426.71,07-11-2024 22:00,24.92,58.98
2024,07-Nov 11pm,164755.55,07-11-2024 23:00,25.46,56.2
2024,08-Nov 12am,160210.98,08-11-2024 00:00,22.1,37.94
2024,08-Nov 1am,156323.61,08-11-2024 01:00,22.31,44.78
2024,08-Nov 2am,153560.91,08-11-2024 02:00,21.61,74.37
2024,08-Nov 3am,152724.11,08-11-2024 03:00,21.9,74.72
2024,08-Nov 4am,154178.65,08-11-2024 04:00,21.84,74.99
2024,08-Nov 5am,162335.65,08-11-2024 05:00,22.07,43.84
2024,08-Nov 6am,174319.13,08-11-2024 06:00,24.36,61.04
2024,08-Nov 7am,184472.51,08-11-2024 07:00,23.58,61.94
2024,08-Nov 8am,188005.35,08-11-2024 08:00,23.57,58.89
2024,08-Nov 9am,195858.76,08-11-2024 09:00,27.35,55.29
2024,08-Nov 10am,198154.69,08-11-2024 10:00,26.71,64.31
2024,08-Nov 11am,197300.49,08-11-2024 11:00,27.17,64.49
2024,08-Nov 12pm,195779.09,08-11-2024 12:00,30.04,54.49
2024,08-Nov 1pm,189787.16,08-11-2024 13:00,30.33,54.44
2024,08-Nov 2pm,192648.2,08-11-2024 14:00,29.63,53.15
2024,08-Nov 3pm,193503.5,08-11-2024 15:00,30.63,51.85
2024,08-Nov 4pm,192373.4,08-11-2024 16:00,31.06,53.45
2024,08-Nov 5pm,193034.96,08-11-2024 17:00,31.45,51.01
2024,08-Nov 6pm,197740.95,08-11-2024 18:00,27.91,56.34
2024,08-Nov 7pm,189247.4,08-11-2024 19:00,27.83,58.91
2024,08-Nov 8pm,178748.5,08-11-2024 20:00,28.11,44.71
2024,08-Nov 9pm,173287.23,08-11-2024 21:00,25.43,58.51
2024,08-Nov 10pm,170291.81,08-11-2024 22:00,25.34,63.68
2024,08-Nov 11pm,166516.48,08-11-2024 23:00,25.5,55.93
2024,09-Nov 12am,161653.11,09-11-2024 00:00,21.52,73.34
2024,09-Nov 1am,157411.85,09-11-2024 01:00,21.61,73.51
2024,09-Nov 2am,154886.23,09-11-2024 02:00,22.11,35.52
2024,09-Nov 3am,153670.7,09-11-2024 03:00,22.32,36.19
2024,09-Nov 4am,161853.61,09-11-2024 04:00,21.79,71.93
2024,09-Nov 5am,164029.7,09-11-2024 05:00,21.74,78.38
2024,09-Nov 6am,175768.43,09-11-2024 06:00,24.29,55.63
2024,09-Nov 7am,184556.73,09-11-2024 07:00,23.56,57.99
2024,09-Nov 8am,188015.15,09-11-2024 08:00,23.87,55.1
2024,09-Nov 9am,194531.21,09-11-2024 09:00,27.01,61.96
2024,09-Nov 10am,196237.98,09-11-2024 10:00,27.06,61.2
2024,09-Nov 11am,195250.15,09-11-2024 11:00,27.23,61.45
2024,09-Nov 12pm,193920.9,09-11-2024 12:00,29.85,48.74
2024,09-Nov 1pm,189412.04,09-11-2024 13:00,30.11,47.08
2024,09-Nov 2pm,193040.3,09-11-2024 14:00,30.09,52.2
2024,09-Nov 3pm,194671.4,09-11-2024 15:00,31.05,53.11
2024,09-Nov 4pm,192287.51,09-11-2024 16:00,31.14,46.39
2024,09-Nov 5pm,193420.96,09-11-2024 17:00,30.76,49.87
2024,09-Nov 6pm,197081.49,09-11-2024 18:00,27.58,57.49
2024,09-Nov 7pm,188316.78,09-11-2024 19:00,27.62,56.68
2024,09-Nov 8pm,178584.49,09-11-2024 20:00,27.72,62.34
2024,09-Nov 9pm,173009.55,09-11-2024 21:00,25,60.38
2024,09-Nov 10pm,170247.96,09-11-2024 22:00,25.34,57.16
2024,09-Nov 11pm,166419.77,09-11-2024 23:00,25.2,58.1
2024,10-Nov 12am,162059.21,10-11-2024 00:00,22.29,44.67
2024,10-Nov 1am,158594.2,10-11-2024 01:00,21.85,78.49
2024,10-Nov 2am,155989.94,10-11-2024 02:00,21.9,78.8
2024,10-Nov 3am,154443.47,10-11-2024 03:00,21.89,74.6
2024,10-Nov 4am,155808.02,10-11-2024 04:00,21.69,76.24
2024,10-Nov 5am,162534.71,10-11-2024 05:00,21.56,73.77
2024,10-Nov 6am,170888.25,10-11-2024 06:00,24.09,55.78
2024,10-Nov 7am,177359.1,10-11-2024 07:00,24.49,59.01
2024,10-Nov 8am,182256.88,10-11-2024 08:00,23.67,60.94
2024,10-Nov 9am,188966.16,10-11-2024 09:00,26.55,57.87
2024,10-Nov 10am,190032.18,10-11-2024 10:00,27.28,63.48
2024,10-Nov 11am,189153.42,10-11-2024 11:00,26.75,56.51
2024,10-Nov 12pm,186604.49,10-11-2024 12:00,30.33,48.67
2024,10-Nov 1pm,182280.08,10-11-2024 13:00,30.2,46.25
2024,10-Nov 2pm,182180.87,10-11-2024 14:00,30.45,49.05
2024,10-Nov 3pm,181657.29,10-11-2024 15:00,30.91,45.4
2024,10-Nov 4pm,179142.13,10-11-2024 16:00,31.16,47.73
2024,10-Nov 5pm,179301.22,10-11-2024 17:00,30.96,49.01
2024,10-Nov 6pm,184230.34,10-11-2024 18:00,28.13,39.78
2024,10-Nov 7pm,176680.36,10-11-2024 19:00,27.95,60.44
2024,10-Nov 8pm,168668.8,10-11-2024 20:00,27.69,57.75
2024,10-Nov 9pm,164383.1,10-11-2024 21:00,25.01,60.23
2024,10-Nov 10pm,162573.18,10-11-2024 22:00,25.03,60.09
2024,10-Nov 11pm,159509.29,10-11-2024 23:00,25.31,58.16
2024,11-Nov 12am,155297.68,11-11-2024 00:00,22.24,43.3
2024,11-Nov 1am,151160.58,11-11-2024 01:00,22.16,40.46
2024,11-Nov 2am,148723.62,11-11-2024 02:00,21.61,73.32
2024,11-Nov 3am,147560.12,11-11-2024 03:00,22.22,44.47
2024,11-Nov 4am,150477.44,11-11-2024 04:00,22,78.45
2024,11-Nov 5am,160340.69,11-11-2024 05:00,22.39,44.83
2024,11-Nov 6am,175118.04,11-11-2024 06:00,24.42,61.92
2024,11-Nov 7am,185580.83,11-11-2024 07:00,23.56,58.78
2024,11-Nov 8am,189451.85,11-11-2024 08:00,24.32,57.81
2024,11-Nov 9am,198275.01,11-11-2024 09:00,26.54,61.63
2024,11-Nov 10am,199977.28,11-11-2024 10:00,26.87,64.81
2024,11-Nov 11am,198877.89,11-11-2024 11:00,27.04,61.27
2024,11-Nov 12pm,196300.34,11-11-2024 12:00,29.65,53.82
2024,11-Nov 1pm,190746.23,11-11-2024 13:00,30.25,48.29
2024,11-Nov 2pm,194565.04,11-11-2024 14:00,29.51,49.07
2024,11-Nov 3pm,196181.3,11-11-2024 15:00,30.67,54.06
2024,11-Nov 4pm,193269.88,11-11-2024 16:00,31.08,52.57
2024,11-Nov 5pm,192484.2,11-11-2024 17:00,31.21,54.81
2024,11-Nov 6pm,196434.02,11-11-2024 18:00,28.42,42.75
2024,11-Nov 7pm,188644.55,11-11-2024 19:00,28.21,39.49
2024,11-Nov 8pm,177839.96,11-11-2024 20:00,28.17,40.31
2024,11-Nov 9pm,172689.25,11-11-2024 21:00,24.89,64.01
2024,11-Nov 10pm,169628.29,11-11-2024 22:00,24.5,60.52
2024,11-Nov 11pm,165161.75,11-11-2024 23:00,24.62,57.55
2024,12-Nov 12am,161052.54,12-11-2024 00:00,22.03,39.36
2024,12-Nov 1am,156631.15,12-11-2024 01:00,22.18,40.16
2024,12-Nov 2am,154259.9,12-11-2024 02:00,21.92,70.97
2024,12-Nov 3am,152711.95,12-11-2024 03:00,22.23,42.44
2024,12-Nov 4am,155183.1,12-11-2024 04:00,22.02,36.09
2024,12-Nov 5am,164798.15,12-11-2024 05:00,21.57,74.05
2024,12-Nov 6am,179611.16,12-11-2024 06:00,23.69,63.05
2024,12-Nov 7am,189504.17,12-11-2024 07:00,24.34,59.68
2024,12-Nov 8am,192473.83,12-11-2024 08:00,24.22,63.42
2024,12-Nov 9am,198100.21,12-11-2024 09:00,27.39,58.42
2024,12-Nov 10am,199977.88,12-11-2024 10:00,26.62,64.58
2024,12-Nov 11am,198670.27,12-11-2024 11:00,27.49,57.09
2024,12-Nov 12pm,197423.78,12-11-2024 12:00,29.71,45.38
2024,12-Nov 1pm,190783.41,12-11-2024 13:00,29.51,53.72
2024,12-Nov 2pm,193737.15,12-11-2024 14:00,30.5,52.52
2024,12-Nov 3pm,195279.09,12-11-2024 15:00,30.78,47.32
2024,12-Nov 4pm,193576.8,12-11-2024 16:00,31.17,54.85
2024,12-Nov 5pm,194503.11,12-11-2024 17:00,30.68,50.02
2024,12-Nov 6pm,198073.03,12-11-2024 18:00,28.08,44.51
2024,12-Nov 7pm,189054.12,12-11-2024 19:00,28.4,40.05
2024,12-Nov 8pm,177539.08,12-11-2024 20:00,27.82,59.72
2024,12-Nov 9pm,171286.71,12-11-2024 21:00,25.17,59.49
2024,12-Nov 10pm,168605.17,12-11-2024 22:00,24.69,58.35
2024,12-Nov 11pm,163850.79,12-11-2024 23:00,25.12,60.34
2024,13-Nov 12am,159515.76,13-11-2024 00:00,21.84,74.53
2024,13-Nov 1am,155060.9,13-11-2024 01:00,21.71,70.37
2024,13-Nov 2am,152584.5,13-11-2024 02:00,21.81,72.6
2024,13-Nov 3am,149922.94,13-11-2024 03:00,21.68,72.13
2024,13-Nov 4am,152901.71,13-11-2024 04:00,22.4,43.67
2024,13-Nov 5am,161958.49,13-11-2024 05:00,21.9,75.99
2024,13-Nov 6am,177503.88,13-11-2024 06:00,23.75,62.64
2024,13-Nov 7am,187626.25,13-11-2024 07:00,23.95,64.57
2024,13-Nov 8am,189800.17,13-11-2024 08:00,23.82,61.44
2024,13-Nov 9am,196089.14,13-11-2024 09:00,27.24,64.83
2024,13-Nov 10am,195594.22,13-11-2024 10:00,27.47,58.12
2024,13-Nov 11am,195586.4,13-11-2024 11:00,26.94,56.86
2024,13-Nov 12pm,191985.19,13-11-2024 12:00,30.36,49.03
2024,13-Nov 1pm,186063.32,13-11-2024 13:00,30.07,49.71
2024,13-Nov 2pm,189837.69,13-11-2024 14:00,29.66,53.95
2024,13-Nov 3pm,191352.03,13-11-2024 15:00,31.19,50.6
2024,13-Nov 4pm,190953.76,13-11-2024 16:00,31.01,47.92
2024,13-Nov 5pm,193682.13,13-11-2024 17:00,31.15,52.43
2024,13-Nov 6pm,197478.79,13-11-2024 18:00,28.39,40.06
2024,13-Nov 7pm,186901.65,13-11-2024 19:00,27.94,56.62
2024,13-Nov 8pm,175449.52,13-11-2024 20:00,28.4,40.77
2024,13-Nov 9pm,169619.3,13-11-2024 21:00,25.25,64.11
2024,13-Nov 10pm,166167.56,13-11-2024 22:00,24.99,63.43
2024,13-Nov 11pm,161493.66,13-11-2024 23:00,25.1,60.87
2024,14-Nov 12am,157071.44,14-11-2024 00:00,21.83,73.77
2024,14-Nov 1am,152356.85,14-11-2024 01:00,22.48,35.87
2024,14-Nov 2am,150291.36,14-11-2024 02:00,22.17,39.7
2024,14-Nov 3am,148772.98,14-11-2024 03:00,21.54,77.52
2024,14-Nov 4am,150436.46,14-11-2024 04:00,21.83,73.6
2024,14-Nov 5am,160034.09,14-11-2024 05:00,22.12,37.35
2024,14-Nov 6am,175715.09,14-11-2024 06:00,23.56,64.31
2024,14-Nov 7am,187128.58,14-11-2024 07:00,23.52,63.22
2024,14-Nov 8am,189194.54,14-11-2024 08:00,23.95,61.38
2024,14-Nov 9am,196462.6,14-11-2024 09:00,26.83,56.37
2024,14-Nov 10am,197708.76,14-11-2024 10:00,26.94,56.45
2024,14-Nov 11am,195881.48,14-11-2024 11:00,26.76,56.03
2024,14-Nov 12pm,192776.44,14-11-2024 12:00,29.66,51.16
2024,14-Nov 1pm,186571.52,14-11-2024 13:00,30.19,46.16
2024,14-Nov 2pm,189376.25,14-11-2024 14:00,30.01,53.43
2024,14-Nov 3pm,190743.31,14-11-2024 15:00,30.7,54.93
2024,14-Nov 4pm,189583.17,14-11-2024 16:00,30.82,48.66
2024,14-Nov 5pm,190911.51,14-11-2024 17:00,31.09,49.54
2024,14-Nov 6pm,194353.64,14-11-2024 18:00,27.57,62.12
2024,14-Nov 7pm,184750.39,14-11-2024 19:00,27.65,64.37
2024,14-Nov 8pm,172522.45,14-11-2024 20:00,27.57,63.94
2024,14-Nov 9pm,165529.97,14-11-2024 21:00,25.31,55.58
2024,14-Nov 10pm,162118.01,14-11-2024 22:00,25.25,56.69
2024,14-Nov 11pm,157887.83,14-11-2024 23:00,25.25,62.55
2024,15-Nov 12am,153469.92,15-11-2024 00:00,22.22,41.89
2024,15-Nov 1am,149748.13,15-11-2024 01:00,22.17,36.33
2024,15-Nov 2am,147487.25,15-11-2024 02:00,21.98,75.02
2024,15-Nov 3am,146442.25,15-11-2024 03:00,22.14,42.81
2024,15-Nov 4am,149683.9,15-11-2024 04:00,21.54,72.19
2024,15-Nov 5am,159564.14,15-11-2024 05:00,22.12,43.71
2024,15-Nov 6am,171761.94,15-11-2024 06:00,24.28,55.53
2024,15-Nov 7am,183624.52,15-11-2024 07:00,24,62.82
2024,15-Nov 8am,187837.33,15-11-2024 08:00,23.86,61.16
2024,15-Nov 9am,195907.2,15-11-2024 09:00,26.78,58.15
2024,15-Nov 10am,198086.02,15-11-2024 10:00,27.14,62.21
2024,15-Nov 11am,196745.41,15-11-2024 11:00,27.19,62.82
2024,15-Nov 12pm,192265.06,15-11-2024 12:00,30.37,54.34
2024,15-Nov 1pm,184564.32,15-11-2024 13:00,29.84,48.68
2024,15-Nov 2pm,186624.94,15-11-2024 14:00,30.27,51.86
2024,15-Nov 3pm,187099.94,15-11-2024 15:00,31.06,51.03
2024,15-Nov 4pm,186423.41,15-11-2024 16:00,31.38,50.25
2024,15-Nov 5pm,188907.35,15-11-2024 17:00,31.03,53.9
2024,15-Nov 6pm,192134.64,15-11-2024 18:00,28.02,35.03
2024,15-Nov 7pm,182675.52,15-11-2024 19:00,28.08,37.82
2024,15-Nov 8pm,170764.85,15-11-2024 20:00,28.25,40.38
2024,15-Nov 9pm,163820.35,15-11-2024 21:00,25.46,56.78
2024,15-Nov 10pm,160308.25,15-11-2024 22:00,24.57,64.08
2024,15-Nov 11pm,158120.64,15-11-2024 23:00,24.55,61.48
2024,16-Nov 12am,151885.38,16-11-2024 00:00,22.44,39.78
2024,16-Nov 1am,147897.46,16-11-2024 01:00,22.03,43.15
2024,16-Nov 2am,145819,16-11-2024 02:00,22.11,39.51
2024,16-Nov 3am,144304.94,16-11-2024 03:00,21.98,75.59
2024,16-Nov 4am,146958.65,16-11-2024 04:00,21.59,70.03
2024,16-Nov 5am,155363.4,16-11-2024 05:00,22.27,38.66
2024,16-Nov 6am,168230.23,16-11-2024 06:00,24.25,56.39
2024,16-Nov 7am,179493.05,16-11-2024 07:00,23.81,61.9
2024,16-Nov 8am,183821.06,16-11-2024 08:00,23.81,59.79
2024,16-Nov 9am,191710.65,16-11-2024 09:00,27.34,58.02
2024,16-Nov 10am,191682.12,16-11-2024 10:00,26.57,59.68
2024,16-Nov 11am,190075.42,16-11-2024 11:00,27.38,57.1
2024,16-Nov 12pm,186191.32,16-11-2024 12:00,29.76,54.25
2024,16-Nov 1pm,180310.38,16-11-2024 13:00,30.09,45.54
2024,16-Nov 2pm,183234.19,16-11-2024 14:00,30.44,53.65
2024,16-Nov 3pm,185059.67,16-11-2024 15:00,31.18,50.11
2024,16-Nov 4pm,183102.5,16-11-2024 16:00,30.91,51.19
2024,16-Nov 5pm,186909.84,16-11-2024 17:00,31.19,48.03
2024,16-Nov 6pm,192222.11,16-11-2024 18:00,27.84,64.67
2024,16-Nov 7pm,182137.85,16-11-2024 19:00,27.78,57.82
2024,16-Nov 8pm,169523.84,16-11-2024 20:00,28.5,40.89
2024,16-Nov 9pm,162158.88,16-11-2024 21:00,25.25,64.93
2024,16-Nov 10pm,159152.72,16-11-2024 22:00,25.14,63.81
2024,16-Nov 11pm,154773.78,16-11-2024 23:00,24.86,60.36
2024,17-Nov 12am,150186.91,17-11-2024 00:00,21.55,79.9
2024,17-Nov 1am,146312.48,17-11-2024 01:00,21.53,77.01
2024,17-Nov 2am,144255.65,17-11-2024 02:00,22.05,37.09
2024,17-Nov 3am,142719.14,17-11-2024 03:00,22.26,39.06
2024,17-Nov 4am,144440.14,17-11-2024 04:00,22.04,38.34
2024,17-Nov 5am,152237.43,17-11-2024 05:00,22.34,38.44
2024,17-Nov 6am,162122.3,17-11-2024 06:00,23.53,62.6
2024,17-Nov 7am,170685.61,17-11-2024 07:00,23.87,60.84
2024,17-Nov 8am,175534.75,17-11-2024 08:00,23.74,55.38
2024,17-Nov 9am,183249.35,17-11-2024 09:00,26.95,63.77
2024,17-Nov 10am,184111.95,17-11-2024 10:00,26.57,57.97
2024,17-Nov 11am,182204,17-11-2024 11:00,27.45,64.97
2024,17-Nov 12pm,178158.04,17-11-2024 12:00,29.72,54.54
2024,17-Nov 1pm,173371.91,17-11-2024 13:00,30.42,54.41
2024,17-Nov 2pm,172845.51,17-11-2024 14:00,29.93,53.11
2024,17-Nov 3pm,170960.69,17-11-2024 15:00,31.49,47.21
2024,17-Nov 4pm,169195.52,17-11-2024 16:00,31.05,50.33
2024,17-Nov 5pm,171038.26,17-11-2024 17:00,31.43,47.24
2024,17-Nov 6pm,178294.5,17-11-2024 18:00,27.51,57.6
2024,17-Nov 7pm,170043.8,17-11-2024 19:00,28.25,41.11
2024,17-Nov 8pm,159902.15,17-11-2024 20:00,28.4,35.41
2024,17-Nov 9pm,153374.75,17-11-2024 21:00,24.64,64.69
2024,17-Nov 10pm,150011.76,17-11-2024 22:00,24.6,64.19
2024,17-Nov 11pm,146142.36,17-11-2024 23:00,24.92,58.81
2024,18-Nov 12am,142501.56,18-11-2024 00:00,22.43,40.15
2024,18-Nov 1am,139485.17,18-11-2024 01:00,22.04,39.66
2024,18-Nov 2am,137024.03,18-11-2024 02:00,22.03,43.82
2024,18-Nov 3am,135906.71,18-11-2024 03:00,21.64,76.89
2024,18-Nov 4am,139000,18-11-2024 04:00,21.5,72.78
2024,18-Nov 5am,149599.3,18-11-2024 05:00,22.31,39.47
2024,18-Nov 6am,166778.87,18-11-2024 06:00,23.59,59.29
2024,18-Nov 7am,180512.6,18-11-2024 07:00,24.13,64.59
2024,18-Nov 8am,184316.78,18-11-2024 08:00,24.41,56.75
2024,18-Nov 9am,192235.62,18-11-2024 09:00,26.71,55.9
2024,18-Nov 10am,194064.06,18-11-2024 10:00,27.17,63.81
2024,18-Nov 11am,191808.3,18-11-2024 11:00,26.58,63.97
2024,18-Nov 12pm,187251.92,18-11-2024 12:00,30.1,53.72
2024,18-Nov 1pm,180646.99,18-11-2024 13:00,29.66,50.11
2024,18-Nov 2pm,182553.17,18-11-2024 14:00,30.24,51.6
2024,18-Nov 3pm,184225.02,18-11-2024 15:00,30.8,50.63
2024,18-Nov 4pm,184880.08,18-11-2024 16:00,30.96,45.69
2024,18-Nov 5pm,187939.08,18-11-2024 17:00,31.1,50.96
2024,18-Nov 6pm,192555.53,18-11-2024 18:00,27.67,55.14
2024,18-Nov 7pm,181691.77,18-11-2024 19:00,28.24,38.25
2024,18-Nov 8pm,168479.6,18-11-2024 20:00,27.8,64.32
2024,18-Nov 9pm,159655.31,18-11-2024 21:00,25.16,58.04
2024,18-Nov 10pm,155046.33,18-11-2024 22:00,24.66,64.4
2024,18-Nov 11pm,150176.6,18-11-2024 23:00,25.19,57.5
2024,19-Nov 12am,145982.64,19-11-2024 00:00,21.63,73.15
2024,19-Nov 1am,142711.14,19-11-2024 01:00,21.93,76.28
2024,19-Nov 2am,140743.29,19-11-2024 02:00,21.75,77.62
2024,19-Nov 3am,139689.3,19-11-2024 03:00,22.25,40.01
2024,19-Nov 4am,143209.2,19-11-2024 04:00,21.76,78.82
2024,19-Nov 5am,154260.07,19-11-2024 05:00,22.38,35.4
2024,19-Nov 6am,171207.31,19-11-2024 06:00,24.39,64.22
2024,19-Nov 7am,185014.39,19-11-2024 07:00,23.7,56.96
2024,19-Nov 8am,187385.47,19-11-2024 08:00,24.11,63.84
2024,19-Nov 9am,194531.73,19-11-2024 09:00,26.59,59.01
2024,19-Nov 10am,195345.96,19-11-2024 10:00,26.89,63.33
2024,19-Nov 11am,192907.34,19-11-2024 11:00,27.21,61.72
2024,19-Nov 12pm,189492.12,19-11-2024 12:00,30.16,46.76
2024,19-Nov 1pm,181978.1,19-11-2024 13:00,30.12,54.18
2024,19-Nov 2pm,184755.36,19-11-2024 14:00,29.78,47.46
2024,19-Nov 3pm,185949.62,19-11-2024 15:00,30.88,47.44
2024,19-Nov 4pm,186201.16,19-11-2024 16:00,30.6,53.14
2024,19-Nov 5pm,190106.74,19-11-2024 17:00,31.22,46.06
2024,19-Nov 6pm,194188.87,19-11-2024 18:00,28,57.22
2024,19-Nov 7pm,182385.21,19-11-2024 19:00,28.21,40.04
2024,19-Nov 8pm,168055.26,19-11-2024 20:00,27.75,63.3
2024,19-Nov 9pm,159027.36,19-11-2024 21:00,24.82,56.47
2024,19-Nov 10pm,154742.79,19-11-2024 22:00,24.83,60.48
2024,19-Nov 11pm,149704.94,19-11-2024 23:00,24.53,62.11
2024,20-Nov 12am,146087.09,20-11-2024 00:00,21.84,78.61
2024,20-Nov 1am,141995.85,20-11-2024 01:00,22.3,44.36
2024,20-Nov 2am,140140.99,20-11-2024 02:00,22.4,42.85
2024,20-Nov 3am,139259.69,20-11-2024 03:00,22.02,41.53
2024,20-Nov 4am,142715.97,20-11-2024 04:00,21.96,74.34
2024,20-Nov 5am,153613.62,20-11-2024 05:00,21.53,71.12
2024,20-Nov 6am,171427.15,20-11-2024 06:00,24.38,62.1
2024,20-Nov 7am,184616.66,20-11-2024 07:00,23.51,64.93
2024,20-Nov 8am,188065.85,20-11-2024 08:00,24.44,62.37
2024,20-Nov 9am,194878.32,20-11-2024 09:00,26.99,55.17
2024,20-Nov 10am,194368.11,20-11-2024 10:00,26.84,59.96
2024,20-Nov 11am,191596.36,20-11-2024 11:00,27.42,61.15
2024,20-Nov 12pm,187109.74,20-11-2024 12:00,29.52,51.9
2024,20-Nov 1pm,179599.27,20-11-2024 13:00,30.08,52.2
2024,20-Nov 2pm,182155.68,20-11-2024 14:00,30.05,50.58
2024,20-Nov 3pm,182983.95,20-11-2024 15:00,30.72,47.23
2024,20-Nov 4pm,182352.2,20-11-2024 16:00,30.93,54.42
2024,20-Nov 5pm,186939.11,20-11-2024 17:00,31.15,51.97
2024,20-Nov 6pm,190599.08,20-11-2024 18:00,28.23,37.37
2024,20-Nov 7pm,179830.76,20-11-2024 19:00,27.5,58.22
2024,20-Nov 8pm,166698.09,20-11-2024 20:00,28.44,44.22
2024,20-Nov 9pm,158029.95,20-11-2024 21:00,24.66,63.87
2024,20-Nov 10pm,152621.85,20-11-2024 22:00,24.73,59.05
2024,20-Nov 11pm,147723.34,20-11-2024 23:00,24.76,55.38
2024,21-Nov 12am,142975.2,21-11-2024 00:00,21.54,70.48
2024,21-Nov 1am,139929.24,21-11-2024 01:00,21.62,72.84
2024,21-Nov 2am,137722.08,21-11-2024 02:00,22.49,41.29
2024,21-Nov 3am,137411.4,21-11-2024 03:00,21.82,75.84
2024,21-Nov 4am,141319.05,21-11-2024 04:00,21.62,76.34
2024,21-Nov 5am,153312.27,21-11-2024 05:00,21.61,77.17
2024,21-Nov 6am,170812.2,21-11-2024 06:00,24.22,55.19
2024,21-Nov 7am,186006.11,21-11-2024 07:00,24.35,56.05
2024,21-Nov 8am,191277.9,21-11-2024 08:00,23.76,58.59
2024,21-Nov 9am,197476.85,21-11-2024 09:00,26.52,56.55
2024,21-Nov 10am,197213.31,21-11-2024 10:00,26.72,55.75
2024,21-Nov 11am,194889.13,21-11-2024 11:00,26.56,61.41
2024,21-Nov 12pm,189558.55,21-11-2024 12:00,29.6,53.15
2024,21-Nov 1pm,182412.91,21-11-2024 13:00,29.93,52.53
2024,21-Nov 2pm,185756.56,21-11-2024 14:00,29.73,53.17
2024,21-Nov 3pm,186263.49,21-11-2024 15:00,31.02,51.66
2024,21-Nov 4pm,185353.72,21-11-2024 16:00,30.75,52.35
2024,21-Nov 5pm,188704.12,21-11-2024 17:00,31.44,47.72
2024,21-Nov 6pm,193285.42,21-11-2024 18:00,28.41,44.93
2024,21-Nov 7pm,182139.76,21-11-2024 19:00,28.07,36.83
2024,21-Nov 8pm,168523.94,21-11-2024 20:00,27.85,57.14
2024,21-Nov 9pm,159042.06,21-11-2024 21:00,24.88,57.89
2024,21-Nov 10pm,153373.29,21-11-2024 22:00,24.91,64.75
2024,21-Nov 11pm,148023.22,21-11-2024 23:00,25.23,64.88
2024,22-Nov 12am,143762.86,22-11-2024 00:00,21.95,77.95
2024,22-Nov 1am,140081.16,22-11-2024 01:00,22.36,41.29
2024,22-Nov 2am,138158.61,22-11-2024 02:00,22.44,40.2
2024,22-Nov 3am,137980.16,22-11-2024 03:00,21.84,79.71
2024,22-Nov 4am,141899.13,22-11-2024 04:00,22.06,41.96
2024,22-Nov 5am,153627.7,22-11-2024 05:00,21.6,79.45
2024,22-Nov 6am,172291.04,22-11-2024 06:00,23.7,58.17
2024,22-Nov 7am,188516.97,22-11-2024 07:00,23.91,58.34
2024,22-Nov 8am,193850.4,22-11-2024 08:00,23.71,63.55
2024,22-Nov 9am,201400.3,22-11-2024 09:00,27.38,56.5
2024,22-Nov 10am,200962.4,22-11-2024 10:00,26.66,64.46
2024,22-Nov 11am,197434.16,22-11-2024 11:00,26.96,60.07
2024,22-Nov 12pm,193590.12,22-11-2024 12:00,30.11,54.26
2024,22-Nov 1pm,185716.24,22-11-2024 13:00,30.19,48.37
2024,22-Nov 2pm,186370.27,22-11-2024 14:00,29.88,52.16
2024,22-Nov 3pm,187430.37,22-11-2024 15:00,31.37,49.83
2024,22-Nov 4pm,186296.83,22-11-2024 16:00,31.07,51.27
2024,22-Nov 5pm,189131.26,22-11-2024 17:00,30.94,50.04
2024,22-Nov 6pm,193270.62,22-11-2024 18:00,27.57,64.67
2024,22-Nov 7pm,181854.67,22-11-2024 19:00,27.96,61.92
2024,22-Nov 8pm,167330.14,22-11-2024 20:00,28.32,37.51
2024,22-Nov 9pm,157514.41,22-11-2024 21:00,25.11,64.1
2024,22-Nov 10pm,153115.25,22-11-2024 22:00,25.33,57.94
2024,22-Nov 11pm,148179.21,22-11-2024 23:00,24.99,58.72
2024,23-Nov 12am,143485.97,23-11-2024 00:00,21.62,71.02
2024,23-Nov 1am,140253.93,23-11-2024 01:00,21.51,79
2024,23-Nov 2am,138390.73,23-11-2024 02:00,21.8,72.86
2024,23-Nov 3am,138138.65,23-11-2024 03:00,22.2,37.59
2024,23-Nov 4am,141780.46,23-11-2024 04:00,22.29,44.2
2024,23-Nov 5am,153205.06,23-11-2024 05:00,21.8,78.06
2024,23-Nov 6am,170247.06,23-11-2024 06:00,24,56.41
2024,23-Nov 7am,184845.79,23-11-2024 07:00,23.92,62.69
2024,23-Nov 8am,191665.59,23-11-2024 08:00,23.91,64.13
2024,23-Nov 9am,201006.46,23-11-2024 09:00,26.73,55.79
2024,23-Nov 10am,201662.53,23-11-2024 10:00,26.64,63.25
2024,23-Nov 11am,198112.15,23-11-2024 11:00,26.7,60.47
2024,23-Nov 12pm,193723.95,23-11-2024 12:00,29.56,51.69
2024,23-Nov 1pm,186061.45,23-11-2024 13:00,29.7,49.93
2024,23-Nov 2pm,187133.84,23-11-2024 14:00,29.51,51.98
2024,23-Nov 3pm,187852.15,23-11-2024 15:00,31.13,45.34
2024,23-Nov 4pm,186595.79,23-11-2024 16:00,30.82,52.63
2024,23-Nov 5pm,188026.95,23-11-2024 17:00,31.47,45.33
2024,23-Nov 6pm,189597.78,23-11-2024 18:00,27.69,59.55
2024,23-Nov 7pm,179676.09,23-11-2024 19:00,27.85,56.51
2024,23-Nov 8pm,166747.92,23-11-2024 20:00,27.86,63.24
2024,23-Nov 9pm,157951.71,23-11-2024 21:00,24.51,58.14
2024,23-Nov 10pm,152643.86,23-11-2024 22:00,25.34,59.54
2024,23-Nov 11pm,147566.44,23-11-2024 23:00,24.53,59.29
2024,24-Nov 12am,143585.51,24-11-2024 00:00,22.44,42.73
2024,24-Nov 1am,140581.48,24-11-2024 01:00,22.39,39.81
2024,24-Nov 2am,138999.29,24-11-2024 02:00,22.04,42.89
2024,24-Nov 3am,137934.79,24-11-2024 03:00,22.04,35.74
2024,24-Nov 4am,141214.21,24-11-2024 04:00,22.15,36.92
2024,24-Nov 5am,150618.44,24-11-2024 05:00,21.89,75.52
2024,24-Nov 6am,162806.31,24-11-2024 06:00,24.15,64.47
2024,24-Nov 7am,175700.73,24-11-2024 07:00,23.54,55.75
2024,24-Nov 8am,185286.21,24-11-2024 08:00,23.55,55.43
2024,24-Nov 9am,194084.43,24-11-2024 09:00,26.96,56.57
2024,24-Nov 10am,194764.76,24-11-2024 10:00,27.05,61.41
2024,24-Nov 11am,191749.49,24-11-2024 11:00,27.39,58.99
2024,24-Nov 12pm,187328.26,24-11-2024 12:00,29.6,53.26
2024,24-Nov 1pm,180692.72,24-11-2024 13:00,30.32,45.72
2024,24-Nov 2pm,178562.48,24-11-2024 14:00,29.71,46.96
2024,24-Nov 3pm,177314.27,24-11-2024 15:00,30.89,48
2024,24-Nov 4pm,173779.41,24-11-2024 16:00,30.82,51.27
2024,24-Nov 5pm,176509.44,24-11-2024 17:00,30.9,51.85
2024,24-Nov 6pm,179181.22,24-11-2024 18:00,27.65,56.24
2024,24-Nov 7pm,168925.99,24-11-2024 19:00,28,64.44
2024,24-Nov 8pm,158312.29,24-11-2024 20:00,28.3,38.41
2024,24-Nov 9pm,150006.34,24-11-2024 21:00,24.94,62.13
2024,24-Nov 10pm,145677.04,24-11-2024 22:00,24.99,60.24
2024,24-Nov 11pm,141074.96,24-11-2024 23:00,25.35,57.23
2024,25-Nov 12am,137274.57,25-11-2024 00:00,22.21,43.46
2024,25-Nov 1am,134120.82,25-11-2024 01:00,21.99,78.18
2024,25-Nov 2am,132535.92,25-11-2024 02:00,21.76,73.96
2024,25-Nov 3am,132399.12,25-11-2024 03:00,22.38,40.89
2024,25-Nov 4am,136814.29,25-11-2024 04:00,22.08,37.58
2024,25-Nov 5am,149615.74,25-11-2024 05:00,21.72,76.9
2024,25-Nov 6am,168575.21,25-11-2024 06:00,23.77,58.09
2024,25-Nov 7am,184754.93,25-11-2024 07:00,24.3,63.44
2024,25-Nov 8am,191887.43,25-11-2024 08:00,23.54,57.17
2024,25-Nov 9am,201835.75,25-11-2024 09:00,27.49,55.15
2024,25-Nov 10am,201643.45,25-11-2024 10:00,26.63,57.69
2024,25-Nov 11am,198233.73,25-11-2024 11:00,27.3,56.91
2024,25-Nov 12pm,193246.27,25-11-2024 12:00,29.89,50.08
2024,25-Nov 1pm,185717.4,25-11-2024 13:00,29.99,47.04
2024,25-Nov 2pm,186521.48,25-11-2024 14:00,30.38,52.63
2024,25-Nov 3pm,187689.6,25-11-2024 15:00,30.91,47.41
2024,25-Nov 4pm,185987,25-11-2024 16:00,31.04,52.07
2024,25-Nov 5pm,187627.67,25-11-2024 17:00,30.55,50.78
2024,25-Nov 6pm,189880.21,25-11-2024 18:00,27.5,64.86
2024,25-Nov 7pm,180811.75,25-11-2024 19:00,27.74,65
2024,25-Nov 8pm,167414.92,25-11-2024 20:00,28.18,43.7
2024,25-Nov 9pm,157243.03,25-11-2024 21:00,24.62,62.6
2024,25-Nov 10pm,152208.52,25-11-2024 22:00,24.61,58.86
2024,25-Nov 11pm,146562.71,25-11-2024 23:00,24.91,62.53
2024,26-Nov 12am,142911.56,26-11-2024 00:00,22.15,44.57
2024,26-Nov 1am,139247.93,26-11-2024 01:00,22.21,35.23
2024,26-Nov 2am,137635.91,26-11-2024 02:00,21.68,75.38
2024,26-Nov 3am,137230.9,26-11-2024 03:00,21.58,72.18
2024,26-Nov 4am,141200.48,26-11-2024 04:00,22.44,40.58
2024,26-Nov 5am,153911.57,26-11-2024 05:00,21.76,74.66
2024,26-Nov 6am,171900.66,26-11-2024 06:00,24.35,60.76
2024,26-Nov 7am,186963.01,26-11-2024 07:00,24.36,60.51
2024,26-Nov 8am,193455.38,26-11-2024 08:00,24.27,64.6
2024,26-Nov 9am,201803.35,26-11-2024 09:00,26.67,60.52
2024,26-Nov 10am,201211.09,26-11-2024 10:00,27.32,63.46
2024,26-Nov 11am,197008.44,26-11-2024 11:00,27.27,58.2
2024,26-Nov 12pm,192133.09,26-11-2024 12:00,30.1,49.38
2024,26-Nov 1pm,184560.99,26-11-2024 13:00,29.84,49.7
2024,26-Nov 2pm,185468.01,26-11-2024 14:00,29.76,47.79
2024,26-Nov 3pm,186042.95,26-11-2024 15:00,30.62,48.8
2024,26-Nov 4pm,184647.95,26-11-2024 16:00,31.01,50.99
2024,26-Nov 5pm,186269.36,26-11-2024 17:00,31.09,50.8
2024,26-Nov 6pm,190272.06,26-11-2024 18:00,27.86,61.36
2024,26-Nov 7pm,179818.62,26-11-2024 19:00,27.98,58.52
2024,26-Nov 8pm,166730.8,26-11-2024 20:00,27.86,58.16
2024,26-Nov 9pm,156612.21,26-11-2024 21:00,25.14,61.12
2024,26-Nov 10pm,150056.86,26-11-2024 22:00,25.4,56.33
2024,26-Nov 11pm,144792.4,26-11-2024 23:00,24.66,57.53
2024,27-Nov 12am,141034.75,27-11-2024 00:00,21.88,70.42
2024,27-Nov 1am,137359.84,27-11-2024 01:00,21.64,70.73
2024,27-Nov 2am,135681.76,27-11-2024 02:00,22.12,37.43
2024,27-Nov 3am,134624.38,27-11-2024 03:00,22.23,35.2
2024,27-Nov 4am,138841.17,27-11-2024 04:00,22.43,37.45
2024,27-Nov 5am,151619.55,27-11-2024 05:00,21.78,76.55
2024,27-Nov 6am,171622.32,27-11-2024 06:00,24.45,55.61
2024,27-Nov 7am,186957.09,27-11-2024 07:00,23.56,59.37
2024,27-Nov 8am,192547.08,27-11-2024 08:00,24.1,64.13
2024,27-Nov 9am,200535.24,27-11-2024 09:00,26.56,62.91
2024,27-Nov 10am,199859.99,27-11-2024 10:00,27.39,58.05
2024,27-Nov 11am,196523.42,27-11-2024 11:00,27.03,64.25
2024,27-Nov 12pm,191086.83,27-11-2024 12:00,30.17,48.3
2024,27-Nov 1pm,184037.64,27-11-2024 13:00,30.33,45.73
2024,27-Nov 2pm,185886.1,27-11-2024 14:00,29.65,54.94
2024,27-Nov 3pm,185662.55,27-11-2024 15:00,30.54,53.7
2024,27-Nov 4pm,185551.57,27-11-2024 16:00,31.38,49.66
2024,27-Nov 5pm,188193.38,27-11-2024 17:00,30.81,51.66
2024,27-Nov 6pm,190761.47,27-11-2024 18:00,27.63,61.71
2024,27-Nov 7pm,179952.67,27-11-2024 19:00,27.97,56.94
2024,27-Nov 8pm,166808.87,27-11-2024 20:00,28.1,37
2024,27-Nov 9pm,156507.92,27-11-2024 21:00,24.53,59.7
2024,27-Nov 10pm,150368.99,27-11-2024 22:00,24.77,64.12
2024,27-Nov 11pm,144674.05,27-11-2024 23:00,24.53,55.1
2024,28-Nov 12am,140522.9,28-11-2024 00:00,21.92,77.83
2024,28-Nov 1am,136978.57,28-11-2024 01:00,22.4,35.58
2024,28-Nov 2am,134737.23,28-11-2024 02:00,22.48,39.78
2024,28-Nov 3am,134243.6,28-11-2024 03:00,22.14,41.38
2024,28-Nov 4am,138697.27,28-11-2024 04:00,21.66,76.87
2024,28-Nov 5am,151536,28-11-2024 05:00,22.41,35.58
2024,28-Nov 6am,171415.24,28-11-2024 06:00,24.02,59.19
2024,28-Nov 7am,189179.03,28-11-2024 07:00,23.65,60.84
2024,28-Nov 8am,193237.14,28-11-2024 08:00,24.42,55.66
2024,28-Nov 9am,201781.11,28-11-2024 09:00,27.26,56.35
2024,28-Nov 10am,200284.86,28-11-2024 10:00,27.23,61.64
2024,28-Nov 11am,194621.49,28-11-2024 11:00,27.21,60.22
2024,28-Nov 12pm,190254.08,28-11-2024 12:00,29.7,46.62
2024,28-Nov 1pm,183356.01,28-11-2024 13:00,29.71,50.35
2024,28-Nov 2pm,185242.66,28-11-2024 14:00,30.19,54.13
2024,28-Nov 3pm,187153.29,28-11-2024 15:00,30.72,45.16
2024,28-Nov 4pm,186507.42,28-11-2024 16:00,30.94,51.43
2024,28-Nov 5pm,189554.4,28-11-2024 17:00,31.28,45.74
2024,28-Nov 6pm,191492.28,28-11-2024 18:00,28.28,35.06
2024,28-Nov 7pm,181070.42,28-11-2024 19:00,27.95,56.51
2024,28-Nov 8pm,166539.84,28-11-2024 20:00,28.29,39.23
2024,28-Nov 9pm,156361.35,28-11-2024 21:00,25.34,63.02
2024,28-Nov 10pm,150112.75,28-11-2024 22:00,25.15,57.82
2024,28-Nov 11pm,144872.94,28-11-2024 23:00,24.73,61.26
2024,29-Nov 12am,140360.74,29-11-2024 00:00,21.77,74.11
2024,29-Nov 1am,137526.6,29-11-2024 01:00,21.81,72.34
2024,29-Nov 2am,134638.73,29-11-2024 02:00,21.62,75.14
2024,29-Nov 3am,133753.02,29-11-2024 03:00,21.77,77.97
2024,29-Nov 4am,138875.69,29-11-2024 04:00,21.71,78.32
2024,29-Nov 5am,151040.57,29-11-2024 05:00,21.96,78.47
2024,29-Nov 6am,171505.95,29-11-2024 06:00,24.41,58.39
2024,29-Nov 7am,189727.13,29-11-2024 07:00,23.6,62.93
2024,29-Nov 8am,196241.72,29-11-2024 08:00,24.22,57.12
2024,29-Nov 9am,205178.07,29-11-2024 09:00,27.19,62.38
2024,29-Nov 10am,204369.42,29-11-2024 10:00,26.6,64.48
2024,29-Nov 11am,201733.64,29-11-2024 11:00,27.42,55.14
2024,29-Nov 12pm,197660.37,29-11-2024 12:00,30.07,49.4
2024,29-Nov 1pm,188567.86,29-11-2024 13:00,29.86,51.48
2024,29-Nov 2pm,188063.85,29-11-2024 14:00,30.26,52.02
2024,29-Nov 3pm,187748.16,29-11-2024 15:00,30.76,46.76
2024,29-Nov 4pm,185384.35,29-11-2024 16:00,31.19,54.72
2024,29-Nov 5pm,188130.67,29-11-2024 17:00,30.54,51.15
2024,29-Nov 6pm,190456.98,29-11-2024 18:00,28.34,36.64
2024,29-Nov 7pm,182265.3,29-11-2024 19:00,27.95,55.21
2024,29-Nov 8pm,168306.51,29-11-2024 20:00,28.14,42.83
2024,29-Nov 9pm,158416.97,29-11-2024 21:00,24.72,55.8
2024,29-Nov 10pm,152166,29-11-2024 22:00,25.18,56.41
2024,29-Nov 11pm,146151.05,29-11-2024 23:00,25.27,60.75
2024,30-Nov 12am,141611.46,30-11-2024 00:00,21.97,76.04
2024,30-Nov 1am,138130.69,30-11-2024 01:00,22.12,41.87
2024,30-Nov 2am,135625.72,30-11-2024 02:00,21.96,73.94
2024,30-Nov 3am,135351.82,30-11-2024 03:00,22.39,42.74
2024,30-Nov 4am,139379.64,30-11-2024 04:00,22,79.74
2024,30-Nov 5am,151498.97,30-11-2024 05:00,22.34,37.71
2024,30-Nov 6am,169678.52,30-11-2024 06:00,24.3,62.03
2024,30-Nov 7am,187020.45,30-11-2024 07:00,23.91,64.28
2024,30-Nov 8am,194706.35,30-11-2024 08:00,23.73,61.86
2024,30-Nov 9am,202450.92,30-11-2024 09:00,26.91,61.81
2024,30-Nov 10am,203243.76,30-11-2024 10:00,27.33,57.24
2024,30-Nov 11am,198809.46,30-11-2024 11:00,26.73,60.35
2024,30-Nov 12pm,193268.29,30-11-2024 12:00,30.02,50.63
2024,30-Nov 1pm,185741.06,30-11-2024 13:00,30.31,52
2024,30-Nov 2pm,185502.33,30-11-2024 14:00,29.85,54.97
2024,30-Nov 3pm,183574.18,30-11-2024 15:00,31.14,45.34
2024,30-Nov 4pm,180900.27,30-11-2024 16:00,30.75,45.65
2024,30-Nov 5pm,182973.09,30-11-2024 17:00,30.61,45.78
2024,30-Nov 6pm,186888.35,30-11-2024 18:00,28.29,42.43
2024,30-Nov 7pm,177099.53,30-11-2024 19:00,27.6,56.36
2024,30-Nov 8pm,163177.32,30-11-2024 20:00,27.77,61.22
2024,30-Nov 9pm,153692.81,30-11-2024 21:00,25.36,58.25
2024,30-Nov 10pm,147398.45,30-11-2024 22:00,24.85,59.57
2024,30-Nov 11pm,141530.19,30-11-2024 23:00,25.47,57.16
2024,01-Dec 12am,136970.85,01-12-2024 00:00,19.48,78.66
2024,01-Dec 1am,133783.75,01-12-2024 01:00,18.77,75.86
2024,01-Dec 2am,131492.99,01-12-2024 02:00,18.54,79.45
2024,01-Dec 3am,131073.4,01-12-2024 03:00,19.21,75.75
2024,01-Dec 4am,134919.09,01-12-2024 04:00,18.95,71.24
2024,01-Dec 5am,143779.57,01-12-2024 05:00,18.6,71.71
2024,01-Dec 6am,156378.95,01-12-2024 06:00,21.21,79.89
2024,01-Dec 7am,171325.43,01-12-2024 07:00,20.53,77.26
2024,01-Dec 8am,181410.78,01-12-2024 08:00,21.37,70.49
2024,01-Dec 9am,191556.01,01-12-2024 09:00,23.64,62.04
2024,01-Dec 10am,192797.99,01-12-2024 10:00,23.63,59.12
2024,01-Dec 11am,188819.27,01-12-2024 11:00,23.68,58.07
2024,01-Dec 12pm,184438.07,01-12-2024 12:00,27.46,56.54
2024,01-Dec 1pm,178539.22,01-12-2024 13:00,27.19,63.4
2024,01-Dec 2pm,173584.05,01-12-2024 14:00,27.3,55.64
2024,01-Dec 3pm,170611.01,01-12-2024 15:00,27.9,57.9
2024,01-Dec 4pm,166854.07,01-12-2024 16:00,27.84,58.06
2024,01-Dec 5pm,170464.55,01-12-2024 17:00,27.73,56.61
2024,01-Dec 6pm,173364.97,01-12-2024 18:00,24.98,60.08
2024,01-Dec 7pm,164352.01,01-12-2024 19:00,25.05,55.12
2024,01-Dec 8pm,154444.17,01-12-2024 20:00,25.13,58.01
2024,01-Dec 9pm,145831.9,01-12-2024 21:00,21.76,79.34
2024,01-Dec 10pm,140589.26,01-12-2024 22:00,22.45,38.11
2024,01-Dec 11pm,135131.44,01-12-2024 23:00,21.67,73.6
2024,02-Dec 12am,131292.6,02-12-2024 00:00,19.47,74.73
2024,02-Dec 1am,127882.09,02-12-2024 01:00,18.51,75.62
2024,02-Dec 2am,126150.67,02-12-2024 02:00,18.98,78.09
2024,02-Dec 3am,125963.42,02-12-2024 03:00,18.83,71.9
2024,02-Dec 4am,131067.78,02-12-2024 04:00,18.95,78.72
2024,02-Dec 5am,143257.19,02-12-2024 05:00,19.07,77.58
2024,02-Dec 6am,162397.5,02-12-2024 06:00,20.94,77.23
2024,02-Dec 7am,182294.77,02-12-2024 07:00,20.91,70.87
2024,02-Dec 8am,191317.7,02-12-2024 08:00,21.23,70.22
2024,02-Dec 9am,200297.5,02-12-2024 09:00,24.19,60.94
2024,02-Dec 10am,200198.91,02-12-2024 10:00,24.33,63.63
2024,02-Dec 11am,195757.55,02-12-2024 11:00,23.75,60.84
2024,02-Dec 12pm,191036.77,02-12-2024 12:00,27.11,57.13
2024,02-Dec 1pm,183639.32,02-12-2024 13:00,27.09,55.91
2024,02-Dec 2pm,184742.5,02-12-2024 14:00,26.87,62
2024,02-Dec 3pm,183062.59,02-12-2024 15:00,27.99,62.22
2024,02-Dec 4pm,181125.27,02-12-2024 16:00,27.81,56.73
2024,02-Dec 5pm,185007.58,02-12-2024 17:00,27.64,55.28
2024,02-Dec 6pm,189355.39,02-12-2024 18:00,24.71,59.08
2024,02-Dec 7pm,178495.97,02-12-2024 19:00,24.61,60.83
2024,02-Dec 8pm,165729.18,02-12-2024 20:00,25.18,62.06
2024,02-Dec 9pm,155694.78,02-12-2024 21:00,22.16,43.1
2024,02-Dec 10pm,149172.61,02-12-2024 22:00,22.45,41.11
2024,02-Dec 11pm,143585.96,02-12-2024 23:00,22.23,36.11
2024,03-Dec 12am,139021.43,03-12-2024 00:00,18.55,76.83
2024,03-Dec 1am,135905.18,03-12-2024 01:00,19.38,79.84
2024,03-Dec 2am,132730.11,03-12-2024 02:00,19.36,79.06
2024,03-Dec 3am,132253.97,03-12-2024 03:00,18.94,78.72
2024,03-Dec 4am,135767.2,03-12-2024 04:00,19.09,73.02
2024,03-Dec 5am,147796.91,03-12-2024 05:00,19.48,77.51
2024,03-Dec 6am,167194.9,03-12-2024 06:00,21.03,78.51
2024,03-Dec 7am,184968.9,03-12-2024 07:00,21.41,76.78
2024,03-Dec 8am,192100.58,03-12-2024 08:00,20.58,72.51
2024,03-Dec 9am,200370.56,03-12-2024 09:00,23.69,64.54
2024,03-Dec 10am,198162.32,03-12-2024 10:00,23.94,59.51
2024,03-Dec 11am,194490.73,03-12-2024 11:00,24.08,56.3
2024,03-Dec 12pm,190669.65,03-12-2024 12:00,27.32,56.1
2024,03-Dec 1pm,182065.81,03-12-2024 13:00,27.49,61.48
2024,03-Dec 2pm,183985.83,03-12-2024 14:00,26.89,59.38
2024,03-Dec 3pm,183754.02,03-12-2024 15:00,27.55,55.94
2024,03-Dec 4pm,182443.12,03-12-2024 16:00,28.3,42.4
2024,03-Dec 5pm,187117.53,03-12-2024 17:00,28.1,42.99
2024,03-Dec 6pm,192307.79,03-12-2024 18:00,24.7,62.25
2024,03-Dec 7pm,181912.76,03-12-2024 19:00,24.99,57.02
2024,03-Dec 8pm,168594.9,03-12-2024 20:00,25.24,61.9
2024,03-Dec 9pm,159424.82,03-12-2024 21:00,22.27,35.11
2024,03-Dec 10pm,152777.46,03-12-2024 22:00,22,73.05
2024,03-Dec 11pm,146980.2,03-12-2024 23:00,21.81,73.99
2024,04-Dec 12am,141774.42,04-12-2024 00:00,19.47,78.35
2024,04-Dec 1am,138683.38,04-12-2024 01:00,19.16,73.9
2024,04-Dec 2am,136711.16,04-12-2024 02:00,18.91,70.11
2024,04-Dec 3am,136273.85,04-12-2024 03:00,18.78,73.52
2024,04-Dec 4am,139297.06,04-12-2024 04:00,19.23,74.99
2024,04-Dec 5am,151944.2,04-12-2024 05:00,18.74,79.49
2024,04-Dec 6am,171479.36,04-12-2024 06:00,20.67,79.41
2024,04-Dec 7am,189622.4,04-12-2024 07:00,21.03,71.81
2024,04-Dec 8am,195815.96,04-12-2024 08:00,20.79,71.85
2024,04-Dec 9am,202827.35,04-12-2024 09:00,24.13,56.63
2024,04-Dec 10am,202590.58,04-12-2024 10:00,23.62,62.89
2024,04-Dec 11am,198004.83,04-12-2024 11:00,24.15,55.06
2024,04-Dec 12pm,192292.99,04-12-2024 12:00,26.78,56.27
2024,04-Dec 1pm,184627.07,04-12-2024 13:00,26.5,60.38
2024,04-Dec 2pm,185875.73,04-12-2024 14:00,26.63,57.48
2024,04-Dec 3pm,187208.61,04-12-2024 15:00,28.43,35.92
2024,04-Dec 4pm,185370.43,04-12-2024 16:00,28.37,38.6
2024,04-Dec 5pm,187639.09,04-12-2024 17:00,27.73,57.74
2024,04-Dec 6pm,192818.51,04-12-2024 18:00,25.28,60.11
2024,04-Dec 7pm,183127.81,04-12-2024 19:00,25.11,64.79
2024,04-Dec 8pm,170112.63,04-12-2024 20:00,25.47,56.24
2024,04-Dec 9pm,161639.38,04-12-2024 21:00,21.87,73.73
2024,04-Dec 10pm,155413.98,04-12-2024 22:00,22.18,44.32
2024,04-Dec 11pm,149829.99,04-12-2024 23:00,21.56,78.77
2024,05-Dec 12am,144990.92,05-12-2024 00:00,18.9,73.94
2024,05-Dec 1am,141635.53,05-12-2024 01:00,19.46,76.99
2024,05-Dec 2am,139341.27,05-12-2024 02:00,19.04,70.88
2024,05-Dec 3am,138522.57,05-12-2024 03:00,18.79,77.13
2024,05-Dec 4am,142682.02,05-12-2024 04:00,18.62,79.73
2024,05-Dec 5am,154875.95,05-12-2024 05:00,19.2,75.37
2024,05-Dec 6am,173606.06,05-12-2024 06:00,21.14,74.98
2024,05-Dec 7am,190696.04,05-12-2024 07:00,20.87,71.87
2024,05-Dec 8am,196084.75,05-12-2024 08:00,21.45,76.34
2024,05-Dec 9am,203509.79,05-12-2024 09:00,23.52,60.9
2024,05-Dec 10am,203612.04,05-12-2024 10:00,23.8,61.52
2024,05-Dec 11am,199279.04,05-12-2024 11:00,24.42,55.26
2024,05-Dec 12pm,193696.89,05-12-2024 12:00,26.82,60.49
2024,05-Dec 1pm,184710.46,05-12-2024 13:00,26.75,60.95
2024,05-Dec 2pm,186535.3,05-12-2024 14:00,27.03,57.08
2024,05-Dec 3pm,187837.6,05-12-2024 15:00,28.32,37.08
2024,05-Dec 4pm,183834.05,05-12-2024 16:00,27.6,57.76
2024,05-Dec 5pm,187250.92,05-12-2024 17:00,28.44,42.12
2024,05-Dec 6pm,192396.95,05-12-2024 18:00,25.3,61.06
2024,05-Dec 7pm,184379.7,05-12-2024 19:00,24.68,63.46
2024,05-Dec 8pm,172439.12,05-12-2024 20:00,25.21,57.96
2024,05-Dec 9pm,163289.02,05-12-2024 21:00,21.88,79.12
2024,05-Dec 10pm,157966.55,05-12-2024 22:00,21.9,77.44
2024,05-Dec 11pm,152159.27,05-12-2024 23:00,22.28,38.95
2024,06-Dec 12am,147501.47,06-12-2024 00:00,19.46,70.95
2024,06-Dec 1am,143720.47,06-12-2024 01:00,18.63,72.57
2024,06-Dec 2am,140974.14,06-12-2024 02:00,18.92,79.57
2024,06-Dec 3am,140241.45,06-12-2024 03:00,18.98,73.1
2024,06-Dec 4am,143636.25,06-12-2024 04:00,18.88,73.3
2024,06-Dec 5am,155931.33,06-12-2024 05:00,18.86,71.9
2024,06-Dec 6am,174271.36,06-12-2024 06:00,20.55,78.07
2024,06-Dec 7am,191801.55,06-12-2024 07:00,21.19,72.76
2024,06-Dec 8am,196934.21,06-12-2024 08:00,20.94,73.3
2024,06-Dec 9am,204868.22,06-12-2024 09:00,23.69,59.14
2024,06-Dec 10am,206468.41,06-12-2024 10:00,24.32,59.34
2024,06-Dec 11am,203750.38,06-12-2024 11:00,24.3,59.11
2024,06-Dec 12pm,199036.78,06-12-2024 12:00,26.99,60.04
2024,06-Dec 1pm,188479.11,06-12-2024 13:00,26.8,63.15
2024,06-Dec 2pm,188972.25,06-12-2024 14:00,27.14,63.19
2024,06-Dec 3pm,190233.55,06-12-2024 15:00,27.79,62.98
2024,06-Dec 4pm,187087.98,06-12-2024 16:00,27.74,56.01
2024,06-Dec 5pm,186981.19,06-12-2024 17:00,28.23,43
2024,06-Dec 6pm,189515.78,06-12-2024 18:00,24.54,56.2
2024,06-Dec 7pm,185431.75,06-12-2024 19:00,24.59,56.25
2024,06-Dec 8pm,173159.32,06-12-2024 20:00,24.51,64.48
2024,06-Dec 9pm,163816.46,06-12-2024 21:00,21.65,78.19
2024,06-Dec 10pm,157762.97,06-12-2024 22:00,21.57,75.52
2024,06-Dec 11pm,152133.69,06-12-2024 23:00,22.5,43.75
2024,07-Dec 12am,147314.27,07-12-2024 00:00,18.79,79.89
2024,07-Dec 1am,143482.17,07-12-2024 01:00,18.65,76.11
2024,07-Dec 2am,140992.03,07-12-2024 02:00,18.74,76.13
2024,07-Dec 3am,140590.96,07-12-2024 03:00,19.44,77.54
2024,07-Dec 4am,144152.74,07-12-2024 04:00,19.02,72.32
2024,07-Dec 5am,155482.12,07-12-2024 05:00,18.86,71.67
2024,07-Dec 6am,171911.71,07-12-2024 06:00,21.37,77.6
2024,07-Dec 7am,187637.47,07-12-2024 07:00,20.89,73.45
2024,07-Dec 8am,194889.14,07-12-2024 08:00,20.84,71.35
2024,07-Dec 9am,202513.62,07-12-2024 09:00,23.71,58.15
2024,07-Dec 10am,203340.11,07-12-2024 10:00,23.88,58.59
2024,07-Dec 11am,199280.68,07-12-2024 11:00,23.82,64.65
2024,07-Dec 12pm,194462.91,07-12-2024 12:00,27.18,61.98
2024,07-Dec 1pm,186634.68,07-12-2024 13:00,26.79,60.31
2024,07-Dec 2pm,187518.08,07-12-2024 14:00,27.08,64.69
2024,07-Dec 3pm,190064.82,07-12-2024 15:00,27.57,64.03
2024,07-Dec 4pm,187329.74,07-12-2024 16:00,27.69,60.12
2024,07-Dec 5pm,188581.24,07-12-2024 17:00,27.91,64.06
2024,07-Dec 6pm,193218.04,07-12-2024 18:00,25.44,59.04
2024,07-Dec 7pm,184540.15,07-12-2024 19:00,24.88,57.3
2024,07-Dec 8pm,170942.38,07-12-2024 20:00,25.16,57.33
2024,07-Dec 9pm,162383.28,07-12-2024 21:00,21.76,76.62
2024,07-Dec 10pm,157177.23,07-12-2024 22:00,21.63,75.01
2024,07-Dec 11pm,151400.94,07-12-2024 23:00,21.56,76.59
2024,08-Dec 12am,146322.19,08-12-2024 00:00,18.81,76.86
2024,08-Dec 1am,142617.24,08-12-2024 01:00,18.66,70.22
2024,08-Dec 2am,140250.71,08-12-2024 02:00,18.67,70.54
2024,08-Dec 3am,139383.52,08-12-2024 03:00,19.26,75.33
2024,08-Dec 4am,142632.74,08-12-2024 04:00,18.52,71.91
2024,08-Dec 5am,151758.62,08-12-2024 05:00,19.06,76.33
2024,08-Dec 6am,163806.89,08-12-2024 06:00,20.88,75.52
2024,08-Dec 7am,178017.47,08-12-2024 07:00,21.01,75.86
2024,08-Dec 8am,187410.9,08-12-2024 08:00,21.06,73.02
2024,08-Dec 9am,196961.57,08-12-2024 09:00,23.81,61.4
2024,08-Dec 10am,197484.21,08-12-2024 10:00,23.8,63.29
2024,08-Dec 11am,191084.57,08-12-2024 11:00,24.23,64.98
2024,08-Dec 12pm,186801.47,08-12-2024 12:00,27.37,63.38
2024,08-Dec 1pm,180397.53,08-12-2024 13:00,26.69,60.57
2024,08-Dec 2pm,178864.3,08-12-2024 14:00,26.6,56.93
2024,08-Dec 3pm,175988.26,08-12-2024 15:00,28.4,41.81
2024,08-Dec 4pm,172357.13,08-12-2024 16:00,27.85,64.38
2024,08-Dec 5pm,175694.4,08-12-2024 17:00,28.05,37.12
2024,08-Dec 6pm,181056.83,08-12-2024 18:00,24.86,57.56
2024,08-Dec 7pm,172919.69,08-12-2024 19:00,24.63,56.49
2024,08-Dec 8pm,160870.77,08-12-2024 20:00,25.09,62.37
2024,08-Dec 9pm,153182.13,08-12-2024 21:00,22.03,39.07
2024,08-Dec 10pm,147210.04,08-12-2024 22:00,21.7,70.63
2024,08-Dec 11pm,141835.73,08-12-2024 23:00,21.95,78.75
2024,09-Dec 12am,137469,09-12-2024 00:00,19.3,75.58
2024,09-Dec 1am,134855.47,09-12-2024 01:00,19.09,73.31
2024,09-Dec 2am,132764.19,09-12-2024 02:00,18.6,73.44
2024,09-Dec 3am,131985.13,09-12-2024 03:00,19.05,72.9
2024,09-Dec 4am,135709.78,09-12-2024 04:00,19.2,74.55
2024,09-Dec 5am,147597.83,09-12-2024 05:00,19.29,73.37
2024,09-Dec 6am,166960.52,09-12-2024 06:00,21.13,75.48
2024,09-Dec 7am,186190.2,09-12-2024 07:00,20.65,77.74
2024,09-Dec 8am,194551.71,09-12-2024 08:00,21.21,76.74
2024,09-Dec 9am,203513.69,09-12-2024 09:00,24.18,57.94
2024,09-Dec 10am,204300.32,09-12-2024 10:00,23.52,60.29
2024,09-Dec 11am,200614.41,09-12-2024 11:00,23.91,63.4
2024,09-Dec 12pm,195420.95,09-12-2024 12:00,26.83,55.68
2024,09-Dec 1pm,188095.52,09-12-2024 13:00,27.17,55.78
2024,09-Dec 2pm,188208.39,09-12-2024 14:00,26.72,60.56
2024,09-Dec 3pm,188843.71,09-12-2024 15:00,28.09,41.39
2024,09-Dec 4pm,184975.18,09-12-2024 16:00,28.41,37.11
2024,09-Dec 5pm,188205.2,09-12-2024 17:00,28.3,42.45
2024,09-Dec 6pm,193792.27,09-12-2024 18:00,25.42,61.46
2024,09-Dec 7pm,184873.83,09-12-2024 19:00,25.48,64.23
2024,09-Dec 8pm,170967.72,09-12-2024 20:00,24.51,56.69
2024,09-Dec 9pm,162210.81,09-12-2024 21:00,22.12,42.51
2024,09-Dec 10pm,156057.95,09-12-2024 22:00,21.91,70.84
2024,09-Dec 11pm,150007.52,09-12-2024 23:00,22.36,40.65
2024,10-Dec 12am,144440.63,10-12-2024 00:00,18.75,75.52
2024,10-Dec 1am,140555.51,10-12-2024 01:00,19.48,73.88
2024,10-Dec 2am,138262.57,10-12-2024 02:00,19.11,78.45
2024,10-Dec 3am,138135.19,10-12-2024 03:00,19.29,70.04
2024,10-Dec 4am,141448.51,10-12-2024 04:00,18.59,75.2
2024,10-Dec 5am,153027.85,10-12-2024 05:00,18.68,72.17
2024,10-Dec 6am,172332.35,10-12-2024 06:00,21.26,77.43
2024,10-Dec 7am,190216.67,10-12-2024 07:00,20.52,70.43
2024,10-Dec 8am,198205.64,10-12-2024 08:00,21.32,78.32
2024,10-Dec 9am,207340.14,10-12-2024 09:00,23.51,63.38
2024,10-Dec 10am,208005.44,10-12-2024 10:00,24.16,63.33
2024,10-Dec 11am,203421.67,10-12-2024 11:00,23.87,56.53
2024,10-Dec 12pm,196955.88,10-12-2024 12:00,27.11,61.3
2024,10-Dec 1pm,189933.45,10-12-2024 13:00,27.2,55.14
2024,10-Dec 2pm,189729.54,10-12-2024 14:00,26.84,63.48
2024,10-Dec 3pm,191056.79,10-12-2024 15:00,27.61,62.23
2024,10-Dec 4pm,188552.97,10-12-2024 16:00,27.57,60.31
2024,10-Dec 5pm,190800.13,10-12-2024 17:00,28.09,42.31
2024,10-Dec 6pm,196120.84,10-12-2024 18:00,25.02,55.94
2024,10-Dec 7pm,187508.51,10-12-2024 19:00,25.24,60.29
2024,10-Dec 8pm,173298.99,10-12-2024 20:00,25.01,57.91
2024,10-Dec 9pm,163309.45,10-12-2024 21:00,21.92,79.73
2024,10-Dec 10pm,156187.2,10-12-2024 22:00,21.9,78.57
2024,10-Dec 11pm,149681.48,10-12-2024 23:00,21.53,77.33
2024,11-Dec 12am,144710.33,11-12-2024 00:00,18.84,79.34
2024,11-Dec 1am,141629.22,11-12-2024 01:00,19.48,73.47
2024,11-Dec 2am,138534.94,11-12-2024 02:00,19.37,79.01
2024,11-Dec 3am,138258.04,11-12-2024 03:00,18.83,73.25
2024,11-Dec 4am,141742.47,11-12-2024 04:00,19.09,77.33
2024,11-Dec 5am,153018.7,11-12-2024 05:00,19.35,77.36
2024,11-Dec 6am,172655.24,11-12-2024 06:00,20.94,70.18
2024,11-Dec 7am,191309.31,11-12-2024 07:00,20.52,73.61
2024,11-Dec 8am,198737.97,11-12-2024 08:00,20.57,70.19
2024,11-Dec 9am,208759.19,11-12-2024 09:00,24.01,64.97
2024,11-Dec 10am,209114.31,11-12-2024 10:00,24.47,56.22
2024,11-Dec 11am,203736.79,11-12-2024 11:00,24.19,60.43
2024,11-Dec 12pm,198989.6,11-12-2024 12:00,26.57,62.91
2024,11-Dec 1pm,189599.48,11-12-2024 13:00,26.69,57.01
2024,11-Dec 2pm,189741.52,11-12-2024 14:00,27.27,59.85
2024,11-Dec 3pm,190654.59,11-12-2024 15:00,28.34,41.07
2024,11-Dec 4pm,188381.65,11-12-2024 16:00,28.12,36.6
2024,11-Dec 5pm,189536.77,11-12-2024 17:00,28.14,42.79
2024,11-Dec 6pm,194658.35,11-12-2024 18:00,24.53,57.99
2024,11-Dec 7pm,186402.93,11-12-2024 19:00,25.33,57.11
2024,11-Dec 8pm,172706.52,11-12-2024 20:00,25.29,60.58
2024,11-Dec 9pm,163514.41,11-12-2024 21:00,21.76,74.1
2024,11-Dec 10pm,155862.28,11-12-2024 22:00,22.21,44.2
2024,11-Dec 11pm,149380.13,11-12-2024 23:00,21.71,78.8
2024,12-Dec 12am,144371.69,12-12-2024 00:00,18.54,74.83
2024,12-Dec 1am,140621.89,12-12-2024 01:00,18.7,73.59
2024,12-Dec 2am,138051.69,12-12-2024 02:00,18.68,73.26
2024,12-Dec 3am,137571.3,12-12-2024 03:00,18.84,72.68
2024,12-Dec 4am,141203.27,12-12-2024 04:00,18.92,75.45
2024,12-Dec 5am,152822.91,12-12-2024 05:00,19.01,78.05
2024,12-Dec 6am,172213.53,12-12-2024 06:00,20.98,73.11
2024,12-Dec 7am,192074.52,12-12-2024 07:00,20.77,71.9
2024,12-Dec 8am,199645.51,12-12-2024 08:00,20.53,74.75
2024,12-Dec 9am,209251.84,12-12-2024 09:00,24.11,55.69
2024,12-Dec 10am,209309.1,12-12-2024 10:00,23.9,62.01
2024,12-Dec 11am,209238.72,12-12-2024 11:00,23.8,60.18
2024,12-Dec 12pm,209226.8,12-12-2024 12:00,27.37,59.96
2024,12-Dec 1pm,209208.36,12-12-2024 13:00,27.25,58
2024,12-Dec 2pm,186696.1,12-12-2024 14:00,27.36,64.05
2024,12-Dec 3pm,188564.99,12-12-2024 15:00,27.99,55.9
2024,12-Dec 4pm,186995.16,12-12-2024 16:00,27.63,63.7
2024,12-Dec 5pm,188239.39,12-12-2024 17:00,28.2,38.77
2024,12-Dec 6pm,191510.01,12-12-2024 18:00,24.71,63.81
2024,12-Dec 7pm,185373.52,12-12-2024 19:00,24.94,62.29
2024,12-Dec 8pm,171903,12-12-2024 20:00,24.57,56.04
2024,12-Dec 9pm,161989.25,12-12-2024 21:00,22.33,43.32
2024,12-Dec 10pm,153720.54,12-12-2024 22:00,21.63,76.82
2024,12-Dec 11pm,146516.47,12-12-2024 23:00,22.4,35.32
2024,13-Dec 12am,141593.46,13-12-2024 00:00,19.36,71.34
2024,13-Dec 1am,137819.05,13-12-2024 01:00,18.96,76.36
2024,13-Dec 2am,136056.06,13-12-2024 02:00,19.24,76.63
2024,13-Dec 3am,135941.45,13-12-2024 03:00,19.12,77.47
2024,13-Dec 4am,139284.24,13-12-2024 04:00,19.3,77.2
2024,13-Dec 5am,151791.82,13-12-2024 05:00,18.93,76.6
2024,13-Dec 6am,171827.67,13-12-2024 06:00,21.29,77.66
2024,13-Dec 7am,193118.49,13-12-2024 07:00,20.96,75.75
2024,13-Dec 8am,202532.93,13-12-2024 08:00,21.44,72.61
2024,13-Dec 9am,211709.54,13-12-2024 09:00,23.99,64.12
2024,13-Dec 10am,210930.76,13-12-2024 10:00,23.96,55.18
2024,13-Dec 11am,206539.17,13-12-2024 11:00,24.29,58.67
2024,13-Dec 12pm,200606.91,13-12-2024 12:00,27.32,62.29
2024,13-Dec 1pm,190349.44,13-12-2024 13:00,27.05,59.27
2024,13-Dec 2pm,188231.39,13-12-2024 14:00,26.68,55.25
2024,13-Dec 3pm,188767,13-12-2024 15:00,27.97,55.66
2024,13-Dec 4pm,187268.08,13-12-2024 16:00,28.47,41.49
2024,13-Dec 5pm,189243.85,13-12-2024 17:00,28.25,44.65
2024,13-Dec 6pm,195455.68,13-12-2024 18:00,25.31,60.52
2024,13-Dec 7pm,186365.1,13-12-2024 19:00,24.53,60.07
2024,13-Dec 8pm,172470.88,13-12-2024 20:00,24.97,58.18
2024,13-Dec 9pm,161512.79,13-12-2024 21:00,22.15,37.57
2024,13-Dec 10pm,153683.58,13-12-2024 22:00,22.33,35.21
2024,13-Dec 11pm,145931.34,13-12-2024 23:00,21.55,72.73
2024,14-Dec 12am,141314.13,14-12-2024 00:00,19.35,74.49
2024,14-Dec 1am,137722.08,14-12-2024 01:00,19.05,71.98
2024,14-Dec 2am,135505.46,14-12-2024 02:00,18.7,70.87
2024,14-Dec 3am,135190.85,14-12-2024 03:00,18.82,77.18
2024,14-Dec 4am,139058.46,14-12-2024 04:00,18.78,78.95
2024,14-Dec 5am,150087.02,14-12-2024 05:00,19.03,79.37
2024,14-Dec 6am,168382.87,14-12-2024 06:00,20.55,76.18
2024,14-Dec 7am,187600.83,14-12-2024 07:00,20.66,70.53
2024,14-Dec 8am,197665.49,14-12-2024 08:00,21.31,77.41
2024,14-Dec 9am,207709.59,14-12-2024 09:00,23.63,56.1
2024,14-Dec 10am,208146.9,14-12-2024 10:00,23.73,61.7
2024,14-Dec 11am,202978.61,14-12-2024 11:00,23.95,62.79
2024,14-Dec 12pm,196921.64,14-12-2024 12:00,27.02,62.26
2024,14-Dec 1pm,188635.98,14-12-2024 13:00,27.26,64.52
2024,14-Dec 2pm,188647.1,14-12-2024 14:00,26.95,62.38
2024,14-Dec 3pm,189831.43,14-12-2024 15:00,28.29,41.93
2024,14-Dec 4pm,188324.17,14-12-2024 16:00,28.12,37.62
2024,14-Dec 5pm,187596.56,14-12-2024 17:00,27.61,64.25
2024,14-Dec 6pm,193125.45,14-12-2024 18:00,24.66,56.8
2024,14-Dec 7pm,185538.09,14-12-2024 19:00,24.94,64.05
2024,14-Dec 8pm,172079.17,14-12-2024 20:00,24.9,58.13
2024,14-Dec 9pm,160851.89,14-12-2024 21:00,22.24,36.3
2024,14-Dec 10pm,153075.2,14-12-2024 22:00,22.08,43.27
2024,14-Dec 11pm,145974.31,14-12-2024 23:00,21.89,70.02
2024,15-Dec 12am,141193.03,15-12-2024 00:00,18.67,78.32
2024,15-Dec 1am,137399.71,15-12-2024 01:00,18.73,72.62
2024,15-Dec 2am,135074.57,15-12-2024 02:00,19.08,78.85
2024,15-Dec 3am,134610.05,15-12-2024 03:00,18.92,76.91
2024,15-Dec 4am,138243.78,15-12-2024 04:00,19.01,76.66
2024,15-Dec 5am,147331.32,15-12-2024 05:00,18.67,73.65
2024,15-Dec 6am,161590.91,15-12-2024 06:00,21.16,70.59
2024,15-Dec 7am,177658.3,15-12-2024 07:00,21.35,78.3
2024,15-Dec 8am,190717.64,15-12-2024 08:00,20.76,71.71
2024,15-Dec 9am,202916.97,15-12-2024 09:00,23.99,58.72
2024,15-Dec 10am,202828.45,15-12-2024 10:00,24.48,61
2024,15-Dec 11am,198035.78,15-12-2024 11:00,23.83,59.82
2024,15-Dec 12pm,192207.6,15-12-2024 12:00,27.1,56.99
2024,15-Dec 1pm,184216.91,15-12-2024 13:00,26.59,56.41
2024,15-Dec 2pm,180299.08,15-12-2024 14:00,27.11,56.23
2024,15-Dec 3pm,178336.06,15-12-2024 15:00,27.59,63.63
2024,15-Dec 4pm,175096.77,15-12-2024 16:00,28.46,35.32
2024,15-Dec 5pm,175875.7,15-12-2024 17:00,28.22,44.77
2024,15-Dec 6pm,181516.17,15-12-2024 18:00,25.29,56.99
2024,15-Dec 7pm,174309.85,15-12-2024 19:00,25.2,56.1
2024,15-Dec 8pm,162516.2,15-12-2024 20:00,25.09,60.77
2024,15-Dec 9pm,153062.31,15-12-2024 21:00,21.95,70.8
2024,15-Dec 10pm,146527.95,15-12-2024 22:00,22.36,41.02
2024,15-Dec 11pm,139632.25,15-12-2024 23:00,22.46,43.51
2024,16-Dec 12am,135034.59,16-12-2024 00:00,19,70.48
2024,16-Dec 1am,131796.01,16-12-2024 01:00,19.43,78
2024,16-Dec 2am,129628.21,16-12-2024 02:00,19.08,73.94
2024,16-Dec 3am,129306.2,16-12-2024 03:00,19.04,71.59
2024,16-Dec 4am,134292.37,16-12-2024 04:00,18.95,71.76
2024,16-Dec 5am,146445.57,16-12-2024 05:00,18.71,79.19
2024,16-Dec 6am,167863.39,16-12-2024 06:00,20.5,71.11
2024,16-Dec 7am,189406.14,16-12-2024 07:00,20.74,78.67
2024,16-Dec 8am,199262.91,16-12-2024 08:00,21.01,75.44
2024,16-Dec 9am,211178.24,16-12-2024 09:00,23.88,55.39
2024,16-Dec 10am,210134.41,16-12-2024 10:00,23.95,59.64
2024,16-Dec 11am,206827.27,16-12-2024 11:00,24.48,63.17
2024,16-Dec 12pm,201245.9,16-12-2024 12:00,26.85,62.26
2024,16-Dec 1pm,192522.52,16-12-2024 13:00,26.95,59.89
2024,16-Dec 2pm,192552.66,16-12-2024 14:00,26.63,63.6
2024,16-Dec 3pm,193436.33,16-12-2024 15:00,27.55,56.2
2024,16-Dec 4pm,193672.13,16-12-2024 16:00,28.28,44.1
2024,16-Dec 5pm,191845.49,16-12-2024 17:00,28.07,43.46
2024,16-Dec 6pm,195311.11,16-12-2024 18:00,25.26,62.08
2024,16-Dec 7pm,188743.8,16-12-2024 19:00,24.65,63.18
2024,16-Dec 8pm,176041.75,16-12-2024 20:00,25.07,60.44
2024,16-Dec 9pm,163770.08,16-12-2024 21:00,21.75,76.75
2024,16-Dec 10pm,155138.71,16-12-2024 22:00,21.73,75.61
2024,16-Dec 11pm,148276.88,16-12-2024 23:00,21.51,73.55
2024,17-Dec 12am,142657.79,17-12-2024 00:00,18.63,75.69
2024,17-Dec 1am,139797.14,17-12-2024 01:00,18.81,72.57
2024,17-Dec 2am,136929.28,17-12-2024 02:00,18.62,74.4
2024,17-Dec 3am,136904.23,17-12-2024 03:00,19.49,72.81
2024,17-Dec 4am,141488.19,17-12-2024 04:00,18.81,71.23
2024,17-Dec 5am,153977.81,17-12-2024 05:00,18.63,73.22
2024,17-Dec 6am,174365.44,17-12-2024 06:00,20.7,78.52
2024,17-Dec 7am,193416.78,17-12-2024 07:00,21.09,73.81
2024,17-Dec 8am,203992.83,17-12-2024 08:00,20.56,77.48
2024,17-Dec 9am,214712.05,17-12-2024 09:00,24.36,56.75
2024,17-Dec 10am,213993.84,17-12-2024 10:00,24.46,59.24
2024,17-Dec 11am,211246.41,17-12-2024 11:00,23.75,56.15
2024,17-Dec 12pm,204810.1,17-12-2024 12:00,26.95,56.39
2024,17-Dec 1pm,195276.88,17-12-2024 13:00,26.52,61.17
2024,17-Dec 2pm,195811.81,17-12-2024 14:00,27.14,61.07
2024,17-Dec 3pm,196566.37,17-12-2024 15:00,27.91,57.13
2024,17-Dec 4pm,193192.47,17-12-2024 16:00,27.77,59.74
2024,17-Dec 5pm,190364.67,17-12-2024 17:00,27.71,63.63
2024,17-Dec 6pm,197462.61,17-12-2024 18:00,25.15,56.74
2024,17-Dec 7pm,190229.31,17-12-2024 19:00,24.92,55.19
2024,17-Dec 8pm,175765.25,17-12-2024 20:00,24.68,61.52
2024,17-Dec 9pm,165073,17-12-2024 21:00,22.19,35.53
2024,17-Dec 10pm,157166.22,17-12-2024 22:00,22.07,44.8
2024,17-Dec 11pm,149383.64,17-12-2024 23:00,22.36,41.1
2024,18-Dec 12am,144655.65,18-12-2024 00:00,18.62,74.7
2024,18-Dec 1am,141162.6,18-12-2024 01:00,19.29,74.3
2024,18-Dec 2am,139054.93,18-12-2024 02:00,19.17,75.73
2024,18-Dec 3am,138871.23,18-12-2024 03:00,18.62,70.91
2024,18-Dec 4am,143231.59,18-12-2024 04:00,19.19,79.3
2024,18-Dec 5am,156033.17,18-12-2024 05:00,18.94,76.26
2024,18-Dec 6am,177677.5,18-12-2024 06:00,21.44,71.84
2024,18-Dec 7am,196560.88,18-12-2024 07:00,20.64,75.63
2024,18-Dec 8am,206097.82,18-12-2024 08:00,21.14,71.33
2024,18-Dec 9am,214503.05,18-12-2024 09:00,23.88,55.18
2024,18-Dec 10am,216069.1,18-12-2024 10:00,24.46,61.31
2024,18-Dec 11am,211831.28,18-12-2024 11:00,23.83,61.48
2024,18-Dec 12pm,207944.27,18-12-2024 12:00,27.46,60.84
2024,18-Dec 1pm,198687.42,18-12-2024 13:00,27.4,56.83
2024,18-Dec 2pm,196908.78,18-12-2024 14:00,26.77,61.03
2024,18-Dec 3pm,197033.04,18-12-2024 15:00,28.3,35.57
2024,18-Dec 4pm,193820.77,18-12-2024 16:00,28.5,41.09
2024,18-Dec 5pm,191800.03,18-12-2024 17:00,27.75,60.54
2024,18-Dec 6pm,196144.85,18-12-2024 18:00,24.94,61.55
2024,18-Dec 7pm,190975.98,18-12-2024 19:00,25.02,63.95
2024,18-Dec 8pm,178677.6,18-12-2024 20:00,24.79,63.5
2024,18-Dec 9pm,167993.69,18-12-2024 21:00,21.52,79.81
2024,18-Dec 10pm,159498.26,18-12-2024 22:00,21.72,79.76
2024,18-Dec 11pm,151390.05,18-12-2024 23:00,21.78,77.72
2024,19-Dec 12am,146052.08,19-12-2024 00:00,18.94,79.56
2024,19-Dec 1am,142879.86,19-12-2024 01:00,18.67,78.67
2024,19-Dec 2am,140847.94,19-12-2024 02:00,19.37,77.28
2024,19-Dec 3am,140730.46,19-12-2024 03:00,19.2,70.75
2024,19-Dec 4am,145292.14,19-12-2024 04:00,18.59,70.49
2024,19-Dec 5am,157714.01,19-12-2024 05:00,19.15,78.38
2024,19-Dec 6am,178889.77,19-12-2024 06:00,21.15,74.9
2024,19-Dec 7am,199034.56,19-12-2024 07:00,21.46,78.15
2024,19-Dec 8am,207574.31,19-12-2024 08:00,20.5,73.13
2024,19-Dec 9am,216766.47,19-12-2024 09:00,23.75,58.98
2024,19-Dec 10am,217523.32,19-12-2024 10:00,24.43,62
2024,19-Dec 11am,213240.8,19-12-2024 11:00,24.43,64.15
2024,19-Dec 12pm,207327.43,19-12-2024 12:00,27.22,55.88
2024,19-Dec 1pm,198296.85,19-12-2024 13:00,27.27,63.61
2024,19-Dec 2pm,198246.96,19-12-2024 14:00,26.59,62.93
2024,19-Dec 3pm,197980.28,19-12-2024 15:00,28.01,38.16
2024,19-Dec 4pm,193972.65,19-12-2024 16:00,27.73,58.55
2024,19-Dec 5pm,195240.46,19-12-2024 17:00,27.68,55.46
2024,19-Dec 6pm,198955.46,19-12-2024 18:00,25.31,55.16
2024,19-Dec 7pm,192822.86,19-12-2024 19:00,24.64,59.77
2024,19-Dec 8pm,179718.24,19-12-2024 20:00,24.97,55.96
2024,19-Dec 9pm,169194.38,19-12-2024 21:00,22.44,36.94
2024,19-Dec 10pm,162257.74,19-12-2024 22:00,21.69,78.47
2024,19-Dec 11pm,155233.19,19-12-2024 23:00,22.48,40.71
2024,20-Dec 12am,148903.34,20-12-2024 00:00,19.49,76.34
2024,20-Dec 1am,144995.53,20-12-2024 01:00,19.06,71.87
2024,20-Dec 2am,142568.42,20-12-2024 02:00,18.67,78.29
2024,20-Dec 3am,142504.3,20-12-2024 03:00,18.82,78.68
2024,20-Dec 4am,147190.36,20-12-2024 04:00,18.92,75.23
2024,20-Dec 5am,160251.63,20-12-2024 05:00,18.81,79.13
2024,20-Dec 6am,179764.39,20-12-2024 06:00,20.78,78.45
2024,20-Dec 7am,202004.72,20-12-2024 07:00,21.47,77.31
2024,20-Dec 8am,210609.48,20-12-2024 08:00,20.65,77.34
2024,20-Dec 9am,219729.16,20-12-2024 09:00,24.23,56.05
2024,20-Dec 10am,222377.47,20-12-2024 10:00,23.5,57.71
2024,20-Dec 11am,219679.39,20-12-2024 11:00,24.1,55.67
2024,20-Dec 12pm,213782.83,20-12-2024 12:00,27.42,55.09
2024,20-Dec 1pm,202707.12,20-12-2024 13:00,26.79,56.58
2024,20-Dec 2pm,201742.47,20-12-2024 14:00,26.69,63.8
2024,20-Dec 3pm,200892.35,20-12-2024 15:00,28.15,37.4
2024,20-Dec 4pm,194974.33,20-12-2024 16:00,28.21,44.7
2024,20-Dec 5pm,196559.92,20-12-2024 17:00,28.19,40.97
2024,20-Dec 6pm,200493.43,20-12-2024 18:00,24.82,57.37
2024,20-Dec 7pm,191601.7,20-12-2024 19:00,24.75,59.97
2024,20-Dec 8pm,178344.82,20-12-2024 20:00,25.46,57.19
2024,20-Dec 9pm,168511.95,20-12-2024 21:00,22.42,44.84
2024,20-Dec 10pm,161261.22,20-12-2024 22:00,21.96,78.47
2024,20-Dec 11pm,154381.06,20-12-2024 23:00,22.35,35.26
2024,21-Dec 12am,149612.29,21-12-2024 00:00,18.95,79.48
2024,21-Dec 1am,146589.9,21-12-2024 01:00,18.92,77.21
2024,21-Dec 2am,144007.77,21-12-2024 02:00,18.66,70.82
2024,21-Dec 3am,143703.81,21-12-2024 03:00,18.93,76.71
2024,21-Dec 4am,147644.59,21-12-2024 04:00,19.04,76.47
2024,21-Dec 5am,160276.15,21-12-2024 05:00,18.52,72.19
2024,21-Dec 6am,176098.2,21-12-2024 06:00,20.94,77.58
2024,21-Dec 7am,198197.36,21-12-2024 07:00,21.28,70.87
2024,21-Dec 8am,206887.86,21-12-2024 08:00,21.18,74.89
2024,21-Dec 9am,214758.2,21-12-2024 09:00,24.14,55.1
2024,21-Dec 10am,216137.95,21-12-2024 10:00,24.41,64.69
2024,21-Dec 11am,212383.28,21-12-2024 11:00,23.52,62.52
2024,21-Dec 12pm,206331.03,21-12-2024 12:00,27.06,56.59
2024,21-Dec 1pm,196743.2,21-12-2024 13:00,27.29,58.42
2024,21-Dec 2pm,196430.01,21-12-2024 14:00,27.04,56.61
2024,21-Dec 3pm,194141.94,21-12-2024 15:00,27.82,62.67
2024,21-Dec 4pm,190867.46,21-12-2024 16:00,27.64,55.59
2024,21-Dec 5pm,191437.23,21-12-2024 17:00,28.39,43.4
2024,21-Dec 6pm,198886.44,21-12-2024 18:00,24.97,64.42
2024,21-Dec 7pm,190947.8,21-12-2024 19:00,25.38,61.77
2024,21-Dec 8pm,178206.84,21-12-2024 20:00,25.09,57.13
2024,21-Dec 9pm,168628.47,21-12-2024 21:00,22.17,38.6
2024,21-Dec 10pm,161319.88,21-12-2024 22:00,22.3,39.77
2024,21-Dec 11pm,154497.41,21-12-2024 23:00,22.16,41.05
2024,22-Dec 12am,150577.1,22-12-2024 00:00,18.9,76.69
2024,22-Dec 1am,146357.85,22-12-2024 01:00,19.01,75.54
2024,22-Dec 2am,144160.2,22-12-2024 02:00,19.3,73.51
2024,22-Dec 3am,143409.05,22-12-2024 03:00,18.87,78.91
2024,22-Dec 4am,147083.7,22-12-2024 04:00,18.89,70.81
2024,22-Dec 5am,156364.42,22-12-2024 05:00,18.6,74.66
2024,22-Dec 6am,168856.73,22-12-2024 06:00,21.41,77.76
2024,22-Dec 7am,184553.04,22-12-2024 07:00,20.59,70.61
2024,22-Dec 8am,196217.27,22-12-2024 08:00,21.15,77.05
2024,22-Dec 9am,208572.77,22-12-2024 09:00,23.91,63.2
2024,22-Dec 10am,210075.46,22-12-2024 10:00,23.91,61.61
2024,22-Dec 11am,207448.26,22-12-2024 11:00,24.18,55.13
2024,22-Dec 12pm,202517.66,22-12-2024 12:00,26.57,56.8
2024,22-Dec 1pm,194072.01,22-12-2024 13:00,27.09,58.42
2024,22-Dec 2pm,189839.21,22-12-2024 14:00,27.27,57.34
2024,22-Dec 3pm,186628.92,22-12-2024 15:00,28.33,44.63
2024,22-Dec 4pm,181947.52,22-12-2024 16:00,27.67,61.52
2024,22-Dec 5pm,181902.71,22-12-2024 17:00,28.4,37.97
2024,22-Dec 6pm,186148.42,22-12-2024 18:00,25.16,64.3
2024,22-Dec 7pm,178983.85,22-12-2024 19:00,25.38,62.41
2024,22-Dec 8pm,168728.79,22-12-2024 20:00,24.99,57.85
2024,22-Dec 9pm,159222.27,22-12-2024 21:00,22.04,38.79
2024,22-Dec 10pm,152970.44,22-12-2024 22:00,22.42,36.99
2024,22-Dec 11pm,146649.8,22-12-2024 23:00,22.4,44.71
2024,23-Dec 12am,143381.92,23-12-2024 00:00,18.95,75.17
2024,23-Dec 1am,140398.35,23-12-2024 01:00,18.77,78.96
2024,23-Dec 2am,138232.61,23-12-2024 02:00,18.89,73.46
2024,23-Dec 3am,137348.83,23-12-2024 03:00,18.89,78.61
2024,23-Dec 4am,141642.42,23-12-2024 04:00,18.79,70.54
2024,23-Dec 5am,152996.3,23-12-2024 05:00,18.77,79.82
2024,23-Dec 6am,170226.6,23-12-2024 06:00,21.36,79.12
2024,23-Dec 7am,192948.98,23-12-2024 07:00,20.57,73.63
2024,23-Dec 8am,202567,23-12-2024 08:00,21.18,77.75
2024,23-Dec 9am,211274.11,23-12-2024 09:00,23.67,62.52
2024,23-Dec 10am,214090.23,23-12-2024 10:00,23.84,64.01
2024,23-Dec 11am,212133.32,23-12-2024 11:00,23.56,58.07
2024,23-Dec 12pm,205813.78,23-12-2024 12:00,26.77,59.66
2024,23-Dec 1pm,198306.17,23-12-2024 13:00,27.27,63.65
2024,23-Dec 2pm,197412.73,23-12-2024 14:00,27.39,62.79
2024,23-Dec 3pm,196962.95,23-12-2024 15:00,27.72,58.93
2024,23-Dec 4pm,193017.43,23-12-2024 16:00,27.96,63.46
2024,23-Dec 5pm,194754.38,23-12-2024 17:00,27.97,55.47
2024,23-Dec 6pm,198058.05,23-12-2024 18:00,25.37,62.82
2024,23-Dec 7pm,189805.84,23-12-2024 19:00,25.26,57.07
2024,23-Dec 8pm,177199.88,23-12-2024 20:00,25.01,57.86
2024,23-Dec 9pm,167217.12,23-12-2024 21:00,22.17,39.93
2024,23-Dec 10pm,159158.69,23-12-2024 22:00,22.35,39.5
2024,23-Dec 11pm,152087.75,23-12-2024 23:00,21.51,75.21
2024,24-Dec 12am,147664.24,24-12-2024 00:00,18.9,75.45
2024,24-Dec 1am,143774.75,24-12-2024 01:00,19.41,73.32
2024,24-Dec 2am,141455.97,24-12-2024 02:00,19.24,71.75
2024,24-Dec 3am,141238.96,24-12-2024 03:00,19.04,77.68
2024,24-Dec 4am,145082.44,24-12-2024 04:00,19.03,74
2024,24-Dec 5am,157296.6,24-12-2024 05:00,18.85,75.06
2024,24-Dec 6am,174288.91,24-12-2024 06:00,21.02,76.45
2024,24-Dec 7am,195046.97,24-12-2024 07:00,21.16,79.1
2024,24-Dec 8am,204191.07,24-12-2024 08:00,20.92,77.08
2024,24-Dec 9am,214679.88,24-12-2024 09:00,24.21,55.45
2024,24-Dec 10am,217013.19,24-12-2024 10:00,24.36,63.39
2024,24-Dec 11am,212207.26,24-12-2024 11:00,23.65,64.89
2024,24-Dec 12pm,206590.69,24-12-2024 12:00,26.95,59.72
2024,24-Dec 1pm,200182.38,24-12-2024 13:00,26.91,64.7
2024,24-Dec 2pm,199823.44,24-12-2024 14:00,27.19,60.47
2024,24-Dec 3pm,200881.51,24-12-2024 15:00,27.75,59.6
2024,24-Dec 4pm,195804.84,24-12-2024 16:00,28.14,38.31
2024,24-Dec 5pm,196789.8,24-12-2024 17:00,28.38,41.58
2024,24-Dec 6pm,198739.8,24-12-2024 18:00,24.92,57.3
2024,24-Dec 7pm,189572.38,24-12-2024 19:00,25.41,56.05
2024,24-Dec 8pm,176603.14,24-12-2024 20:00,25.49,55.27
2024,24-Dec 9pm,166060.54,24-12-2024 21:00,21.61,72.92
2024,24-Dec 10pm,158966.51,24-12-2024 22:00,21.73,73.96
2024,24-Dec 11pm,152441.52,24-12-2024 23:00,22.45,40.52
2024,25-Dec 12am,147532.96,25-12-2024 00:00,19.46,72.93
2024,25-Dec 1am,143595.09,25-12-2024 01:00,18.6,79.84
2024,25-Dec 2am,141630.86,25-12-2024 02:00,18.51,72.92
2024,25-Dec 3am,141336.2,25-12-2024 03:00,18.66,74.41
2024,25-Dec 4am,145087.58,25-12-2024 04:00,19.5,71.03
2024,25-Dec 5am,155036.69,25-12-2024 05:00,18.68,72.61
2024,25-Dec 6am,168778.43,25-12-2024 06:00,21,70.48
2024,25-Dec 7am,188585.85,25-12-2024 07:00,21.35,75.6
2024,25-Dec 8am,203208.09,25-12-2024 08:00,20.52,77.51
2024,25-Dec 9am,214359.42,25-12-2024 09:00,24.1,56.96
2024,25-Dec 10am,218488.64,25-12-2024 10:00,23.78,58.68
2024,25-Dec 11am,213564.88,25-12-2024 11:00,24.36,55.17
2024,25-Dec 12pm,208335.48,25-12-2024 12:00,26.78,63.4
2024,25-Dec 1pm,198386.56,25-12-2024 13:00,27.19,62.8
2024,25-Dec 2pm,196641.58,25-12-2024 14:00,27.17,55.63
2024,25-Dec 3pm,195212.45,25-12-2024 15:00,27.72,58.65
2024,25-Dec 4pm,191251.26,25-12-2024 16:00,27.53,64.55
2024,25-Dec 5pm,192474.89,25-12-2024 17:00,27.91,58.92
2024,25-Dec 6pm,195882.43,25-12-2024 18:00,24.79,60.26
2024,25-Dec 7pm,187100.61,25-12-2024 19:00,25.31,58.55
2024,25-Dec 8pm,173737.75,25-12-2024 20:00,25.3,60.96
2024,25-Dec 9pm,163516.71,25-12-2024 21:00,21.96,79.78
2024,25-Dec 10pm,157132.18,25-12-2024 22:00,22.11,44.98
2024,25-Dec 11pm,150548.48,25-12-2024 23:00,22.1,42.75
2024,26-Dec 12am,145949.58,26-12-2024 00:00,19.33,74.04
2024,26-Dec 1am,143014.26,26-12-2024 01:00,18.93,74.94
2024,26-Dec 2am,140645.17,26-12-2024 02:00,18.78,73.57
2024,26-Dec 3am,140222.16,26-12-2024 03:00,18.77,79.86
2024,26-Dec 4am,144464,26-12-2024 04:00,19.04,77.08
2024,26-Dec 5am,156087.1,26-12-2024 05:00,18.95,74.49
2024,26-Dec 6am,173232.71,26-12-2024 06:00,20.94,70.12
2024,26-Dec 7am,194658.22,26-12-2024 07:00,20.59,75.2
2024,26-Dec 8am,207012.13,26-12-2024 08:00,21.22,79.84
2024,26-Dec 9am,214431.36,26-12-2024 09:00,23.71,60.23
2024,26-Dec 10am,217112.67,26-12-2024 10:00,23.7,56.82
2024,26-Dec 11am,211829.44,26-12-2024 11:00,23.91,55.22
2024,26-Dec 12pm,204948.67,26-12-2024 12:00,26.73,58.55
2024,26-Dec 1pm,194685.93,26-12-2024 13:00,27.08,64.18
2024,26-Dec 2pm,192072.57,26-12-2024 14:00,26.87,64.97
2024,26-Dec 3pm,191900.99,26-12-2024 15:00,27.95,64.45
2024,26-Dec 4pm,190413.43,26-12-2024 16:00,28.04,42.29
2024,26-Dec 5pm,193544.4,26-12-2024 17:00,27.7,60.58
2024,26-Dec 6pm,198989.17,26-12-2024 18:00,24.66,60.91
2024,26-Dec 7pm,190465.75,26-12-2024 19:00,25.38,60.39
2024,26-Dec 8pm,176859.44,26-12-2024 20:00,24.93,62.07
2024,26-Dec 9pm,166007.48,26-12-2024 21:00,21.91,74.19
2024,26-Dec 10pm,159153.87,26-12-2024 22:00,21.54,76.69
2024,26-Dec 11pm,152096.4,26-12-2024 23:00,22,71.22
2024,27-Dec 12am,147001.14,27-12-2024 00:00,19.05,72.66
2024,27-Dec 1am,143851.52,27-12-2024 01:00,19.06,78.36
2024,27-Dec 2am,141033.04,27-12-2024 02:00,19.21,79.04
2024,27-Dec 3am,139994.32,27-12-2024 03:00,18.68,75.39
2024,27-Dec 4am,143310.32,27-12-2024 04:00,18.75,70.32
2024,27-Dec 5am,155144.4,27-12-2024 05:00,19.31,79.27
2024,27-Dec 6am,170507.76,27-12-2024 06:00,21.45,77.02
2024,27-Dec 7am,190352.62,27-12-2024 07:00,20.64,74.14
2024,27-Dec 8am,198885.25,27-12-2024 08:00,21,75.98
2024,27-Dec 9am,208777.94,27-12-2024 09:00,23.71,59.3
2024,27-Dec 10am,208825.31,27-12-2024 10:00,23.56,59.65
2024,27-Dec 11am,206174.29,27-12-2024 11:00,23.83,63.87
2024,27-Dec 12pm,198786.5,27-12-2024 12:00,26.64,56.61
2024,27-Dec 1pm,188872.74,27-12-2024 13:00,27.21,56.04
2024,27-Dec 2pm,186478.5,27-12-2024 14:00,27.03,55.03
2024,27-Dec 3pm,185369.77,27-12-2024 15:00,27.64,58.14
2024,27-Dec 4pm,183029.89,27-12-2024 16:00,27.51,56.47
2024,27-Dec 5pm,186438.37,27-12-2024 17:00,28.31,37.2
2024,27-Dec 6pm,191702.1,27-12-2024 18:00,24.68,55.11
2024,27-Dec 7pm,181997.16,27-12-2024 19:00,25.11,57.27
2024,27-Dec 8pm,168603.41,27-12-2024 20:00,24.84,58.33
2024,27-Dec 9pm,158012.94,27-12-2024 21:00,22.09,35.32
2024,27-Dec 10pm,149782.52,27-12-2024 22:00,21.82,76.08
2024,27-Dec 11pm,142526.46,27-12-2024 23:00,21.59,75.69
2024,28-Dec 12am,137144.65,28-12-2024 00:00,18.72,70.97
2024,28-Dec 1am,133279.68,28-12-2024 01:00,18.69,75.95
2024,28-Dec 2am,129748.32,28-12-2024 02:00,18.93,79.99
2024,28-Dec 3am,128590.07,28-12-2024 03:00,19.16,79.44
2024,28-Dec 4am,132271.09,28-12-2024 04:00,18.76,70.03
2024,28-Dec 5am,141946.22,28-12-2024 05:00,18.51,77.95
2024,28-Dec 6am,156134.11,28-12-2024 06:00,21.02,73.54
2024,28-Dec 7am,173377.59,28-12-2024 07:00,21.11,70.64
2024,28-Dec 8am,185091.15,28-12-2024 08:00,21.46,72.96
2024,28-Dec 9am,195173.93,28-12-2024 09:00,24.09,58.22
2024,28-Dec 10am,195076.97,28-12-2024 10:00,23.97,60.23
2024,28-Dec 11am,192166.92,28-12-2024 11:00,24.07,61.61
2024,28-Dec 12pm,187359.19,28-12-2024 12:00,27.43,62.49
2024,28-Dec 1pm,180074.63,28-12-2024 13:00,27.33,57.46
2024,28-Dec 2pm,180503.47,28-12-2024 14:00,26.82,58.22
2024,28-Dec 3pm,181287.56,28-12-2024 15:00,27.74,58.08
2024,28-Dec 4pm,181670.19,28-12-2024 16:00,27.76,58.63
2024,28-Dec 5pm,185476.31,28-12-2024 17:00,28,65
2024,28-Dec 6pm,190745.98,28-12-2024 18:00,25.24,62.78
2024,28-Dec 7pm,182885.32,28-12-2024 19:00,25,64.75
2024,28-Dec 8pm,170293,28-12-2024 20:00,24.57,61.93
2024,28-Dec 9pm,159976.38,28-12-2024 21:00,22.22,39.06
2024,28-Dec 10pm,152093.32,28-12-2024 22:00,22.31,38.9
2024,28-Dec 11pm,145504.24,28-12-2024 23:00,21.79,74.89
2024,29-Dec 12am,140884.9,29-12-2024 00:00,19.16,74.17
2024,29-Dec 1am,137537.04,29-12-2024 01:00,18.93,78.28
2024,29-Dec 2am,134653.77,29-12-2024 02:00,19.39,74.65
2024,29-Dec 3am,134249.1,29-12-2024 03:00,19.35,72.96
2024,29-Dec 4am,138176.18,29-12-2024 04:00,19.03,77.75
2024,29-Dec 5am,147085.75,29-12-2024 05:00,19.19,78.54
2024,29-Dec 6am,159153.71,29-12-2024 06:00,21.38,74.2
2024,29-Dec 7am,174292.5,29-12-2024 07:00,21,76.68
2024,29-Dec 8am,185140.42,29-12-2024 08:00,20.81,70.59
2024,29-Dec 9am,196449.76,29-12-2024 09:00,24.25,60.29
2024,29-Dec 10am,197093.39,29-12-2024 10:00,23.72,55.45
2024,29-Dec 11am,192730.06,29-12-2024 11:00,23.89,55.29
2024,29-Dec 12pm,186950.23,29-12-2024 12:00,27.37,61.13
2024,29-Dec 1pm,178618.83,29-12-2024 13:00,27.22,58.03
2024,29-Dec 2pm,174829.56,29-12-2024 14:00,26.9,62.43
2024,29-Dec 3pm,172736.14,29-12-2024 15:00,27.71,63.96
2024,29-Dec 4pm,172603.12,29-12-2024 16:00,27.86,56.39
2024,29-Dec 5pm,174580.98,29-12-2024 17:00,27.78,62.25
2024,29-Dec 6pm,182202.7,29-12-2024 18:00,24.68,60.15
2024,29-Dec 7pm,176440.51,29-12-2024 19:00,25.24,56.12
2024,29-Dec 8pm,164980.37,29-12-2024 20:00,24.75,61.52
2024,29-Dec 9pm,156040.86,29-12-2024 21:00,21.95,76.09
2024,29-Dec 10pm,148266.56,29-12-2024 22:00,21.89,75.16
2024,29-Dec 11pm,141879.01,29-12-2024 23:00,22.48,44.26
2024,30-Dec 12am,137285.25,30-12-2024 00:00,18.89,75.21
2024,30-Dec 1am,134374.08,30-12-2024 01:00,18.58,79.91
2024,30-Dec 2am,131525.86,30-12-2024 02:00,18.59,75.09
2024,30-Dec 3am,131108.47,30-12-2024 03:00,19.09,71.16
2024,30-Dec 4am,135951.87,30-12-2024 04:00,19.1,74.7
2024,30-Dec 5am,147535.32,30-12-2024 05:00,18.92,71.82
2024,30-Dec 6am,163345.06,30-12-2024 06:00,20.93,75.97
2024,30-Dec 7am,184453.21,30-12-2024 07:00,20.55,76.93
2024,30-Dec 8am,197210.71,30-12-2024 08:00,21.02,74.68
2024,30-Dec 9am,207043.06,30-12-2024 09:00,24,55.98
2024,30-Dec 10am,207536.15,30-12-2024 10:00,23.65,59.69
2024,30-Dec 11am,204051.8,30-12-2024 11:00,23.6,55.81
2024,30-Dec 12pm,197491.02,30-12-2024 12:00,26.62,61.82
2024,30-Dec 1pm,188640.34,30-12-2024 13:00,26.6,62.9
2024,30-Dec 2pm,188317.05,30-12-2024 14:00,27.11,64.62
2024,30-Dec 3pm,187825.98,30-12-2024 15:00,27.7,56.49
2024,30-Dec 4pm,187275.99,30-12-2024 16:00,27.75,60.32
2024,30-Dec 5pm,187844.77,30-12-2024 17:00,27.67,60.68
2024,30-Dec 6pm,194135.82,30-12-2024 18:00,25.46,64.22
2024,30-Dec 7pm,187125.45,30-12-2024 19:00,25.35,61.27
2024,30-Dec 8pm,175379.45,30-12-2024 20:00,24.73,56.46
2024,30-Dec 9pm,165020.92,30-12-2024 21:00,21.83,74.36
2024,30-Dec 10pm,155984.4,30-12-2024 22:00,21.71,76.55
2024,30-Dec 11pm,149206.82,30-12-2024 23:00,21.99,77
2024,31-Dec 12am,143983.75,31-12-2024 00:00,18.52,78.63
2024,31-Dec 1am,140238.73,31-12-2024 01:00,19.17,71.81
2024,31-Dec 2am,138015.95,31-12-2024 02:00,19.02,79.52
2024,31-Dec 3am,136807.27,31-12-2024 03:00,19.4,70.59
2024,31-Dec 4am,140714.22,31-12-2024 04:00,18.66,79.84
2024,31-Dec 5am,151409.74,31-12-2024 05:00,19.3,78.58
2024,31-Dec 6am,166745.67,31-12-2024 06:00,21.29,76.6
2024,31-Dec 7am,186107.67,31-12-2024 07:00,20.63,77.35
2024,31-Dec 8am,198243.65,31-12-2024 08:00,20.9,70.73
2024,31-Dec 9am,211926.34,31-12-2024 09:00,23.67,55.41
2024,31-Dec 10am,213481.01,31-12-2024 10:00,23.75,56.02
2024,31-Dec 11am,209337.42,31-12-2024 11:00,23.76,55.87
2024,31-Dec 12pm,203412.1,31-12-2024 12:00,27.06,60.47
2024,31-Dec 1pm,192893.65,31-12-2024 13:00,26.91,57.15
2024,31-Dec 2pm,192351.16,31-12-2024 14:00,27.45,63.6
2024,31-Dec 3pm,190759.28,31-12-2024 15:00,27.63,59.46
2024,31-Dec 4pm,191213.37,31-12-2024 16:00,28.47,41.96
2024,31-Dec 5pm,192653.09,31-12-2024 17:00,27.73,61.53
2024,31-Dec 6pm,197192.77,31-12-2024 18:00,25.27,58.2
2024,31-Dec 7pm,190463.42,31-12-2024 19:00,24.84,57.43
2024,31-Dec 8pm,176138.38,31-12-2024 20:00,24.64,58.42
2024,31-Dec 9pm,165550.94,31-12-2024 21:00,22.36,42.97
2024,31-Dec 10pm,156957.83,31-12-2024 22:00,21.81,75.86
2024,31-Dec 11pm,150369.51,31-12-2024 23:00,22.16,37.54
2025,01-Jan 12am,146128.33,01-01-2025 00:00,18.07,78.18
2025,01-Jan 1am,143058.21,01-01-2025 01:00,17.97,70.55
2025,01-Jan 2am,138772.04,01-01-2025 02:00,18,76.99
2025,01-Jan 3am,136394.7,01-01-2025 03:00,18.23,74.39
2025,01-Jan 4am,137111.52,01-01-2025 04:00,17.59,77.31
2025,01-Jan 5am,145522.09,01-01-2025 05:00,18.17,79.27
2025,01-Jan 6am,160246.93,01-01-2025 06:00,20.4,77.5
2025,01-Jan 7am,178528.17,01-01-2025 07:00,19.56,74.42
2025,01-Jan 8am,193974.01,01-01-2025 08:00,19.64,71.51
2025,01-Jan 9am,204325.74,01-01-2025 09:00,23.22,63.06
2025,01-Jan 10am,212487.58,01-01-2025 10:00,22.94,39.61
2025,01-Jan 11am,210631.48,01-01-2025 11:00,22.9,35.75
2025,01-Jan 12pm,204742.42,01-01-2025 12:00,25.64,62.19
2025,01-Jan 1pm,196981.23,01-01-2025 13:00,26.01,57.92
2025,01-Jan 2pm,188863.27,01-01-2025 14:00,25.63,55.49
2025,01-Jan 3pm,186195.36,01-01-2025 15:00,26.98,64.03
2025,01-Jan 4pm,182737.49,01-01-2025 16:00,27.26,59.83
2025,01-Jan 5pm,182539.71,01-01-2025 17:00,26.76,57.81
2025,01-Jan 6pm,184954.18,01-01-2025 18:00,23.98,62.16
2025,01-Jan 7pm,185807.01,01-01-2025 19:00,24.49,63.86
2025,01-Jan 8pm,174192.84,01-01-2025 20:00,24.19,55
2025,01-Jan 9pm,164030.79,01-01-2025 21:00,21.34,76.88
2025,01-Jan 10pm,152718.32,01-01-2025 22:00,20.91,77.67
2025,01-Jan 11pm,147030.96,01-01-2025 23:00,21.27,72.1
2025,02-Jan 12am,140966.09,02-01-2025 00:00,17.54,74.9
2025,02-Jan 1am,137411.66,02-01-2025 01:00,17.62,70.89
2025,02-Jan 2am,134080.72,02-01-2025 02:00,17.7,77.47
2025,02-Jan 3am,132062.76,02-01-2025 03:00,17.9,78.47
2025,02-Jan 4am,132535.9,02-01-2025 04:00,18.35,71.08
2025,02-Jan 5am,139779.65,02-01-2025 05:00,17.85,78.16
2025,02-Jan 6am,155578.16,02-01-2025 06:00,20.15,77.72
2025,02-Jan 7am,179162.12,02-01-2025 07:00,20.21,73.47
2025,02-Jan 8am,195729.95,02-01-2025 08:00,20.09,76.9
2025,02-Jan 9am,205769.29,02-01-2025 09:00,22.86,35
2025,02-Jan 10am,213200.01,02-01-2025 10:00,23.08,64.32
2025,02-Jan 11am,211554.85,02-01-2025 11:00,22.84,40.5
2025,02-Jan 12pm,206108.4,02-01-2025 12:00,25.58,61.2
2025,02-Jan 1pm,199574.4,02-01-2025 13:00,26.49,61.65
2025,02-Jan 2pm,192829.47,02-01-2025 14:00,25.63,60.61
2025,02-Jan 3pm,193154.79,02-01-2025 15:00,26.57,63.57
2025,02-Jan 4pm,192321.86,02-01-2025 16:00,27.38,61.1
2025,02-Jan 5pm,193259.52,02-01-2025 17:00,26.8,64.08
2025,02-Jan 6pm,197661.12,02-01-2025 18:00,24.15,60.82
2025,02-Jan 7pm,197050.97,02-01-2025 19:00,23.83,56.71
2025,02-Jan 8pm,186493.3,02-01-2025 20:00,23.89,64.14
2025,02-Jan 9pm,174137.17,02-01-2025 21:00,20.76,76.82
2025,02-Jan 10pm,162371.18,02-01-2025 22:00,20.84,76.99
2025,02-Jan 11pm,154716.86,02-01-2025 23:00,20.91,79.85
2025,03-Jan 12am,147654.01,03-01-2025 00:00,18.22,70.75
2025,03-Jan 1am,143641.39,03-01-2025 01:00,18.01,74.29
2025,03-Jan 2am,140555.84,03-01-2025 02:00,18.44,72.39
2025,03-Jan 3am,138782.2,03-01-2025 03:00,17.54,76.3
2025,03-Jan 4am,139627.18,03-01-2025 04:00,18,78.07
2025,03-Jan 5am,147626.81,03-01-2025 05:00,18.08,79.66
2025,03-Jan 6am,163196.5,03-01-2025 06:00,20.42,74.55
2025,03-Jan 7am,187346.61,03-01-2025 07:00,19.55,77.86
2025,03-Jan 8am,203855.84,03-01-2025 08:00,20.07,79.17
2025,03-Jan 9am,211576.9,03-01-2025 09:00,23.35,61.83
2025,03-Jan 10am,219248.91,03-01-2025 10:00,22.74,37.43
2025,03-Jan 11am,217842.88,03-01-2025 11:00,23.38,61.08
2025,03-Jan 12pm,213883.69,03-01-2025 12:00,25.52,64.7
2025,03-Jan 1pm,206382.99,03-01-2025 13:00,26.23,64.88
2025,03-Jan 2pm,195385.08,03-01-2025 14:00,26.43,61.42
2025,03-Jan 3pm,194899.5,03-01-2025 15:00,27.16,63.87
2025,03-Jan 4pm,193083.85,03-01-2025 16:00,26.94,57
2025,03-Jan 5pm,193752.87,03-01-2025 17:00,26.54,57.46
2025,03-Jan 6pm,196586.12,03-01-2025 18:00,24.42,64.53
2025,03-Jan 7pm,196492.99,03-01-2025 19:00,23.97,56.35
2025,03-Jan 8pm,185651.63,03-01-2025 20:00,23.53,56.91
2025,03-Jan 9pm,175020.75,03-01-2025 21:00,21.19,74.21
2025,03-Jan 10pm,162499.48,03-01-2025 22:00,20.98,75.9
2025,03-Jan 11pm,155691.49,03-01-2025 23:00,20.62,76.04
2025,04-Jan 12am,148872.08,04-01-2025 00:00,17.71,72.92
2025,04-Jan 1am,144776.31,04-01-2025 01:00,17.56,79.21
2025,04-Jan 2am,141736.47,04-01-2025 02:00,18.07,79.15
2025,04-Jan 3am,140069.36,04-01-2025 03:00,18.12,73.92
2025,04-Jan 4am,140471.95,04-01-2025 04:00,18.01,74.34
2025,04-Jan 5am,147575.23,04-01-2025 05:00,18.32,77.02
2025,04-Jan 6am,163364.69,04-01-2025 06:00,20.36,76.63
2025,04-Jan 7am,185327.85,04-01-2025 07:00,20.12,73.82
2025,04-Jan 8am,198970.86,04-01-2025 08:00,19.51,74.14
2025,04-Jan 9am,209768.71,04-01-2025 09:00,23.2,58.48
2025,04-Jan 10am,217378.04,04-01-2025 10:00,22.92,37.35
2025,04-Jan 11am,214202.18,04-01-2025 11:00,23.07,59.58
2025,04-Jan 12pm,210150.44,04-01-2025 12:00,26.15,61.86
2025,04-Jan 1pm,203278.13,04-01-2025 13:00,25.85,62.42
2025,04-Jan 2pm,196257.49,04-01-2025 14:00,26.42,62.79
2025,04-Jan 3pm,196263.33,04-01-2025 15:00,26.63,58.75
2025,04-Jan 4pm,195050.27,04-01-2025 16:00,27.17,62.65
2025,04-Jan 5pm,194441.63,04-01-2025 17:00,26.5,55.07
2025,04-Jan 6pm,196898.72,04-01-2025 18:00,24.42,59.77
2025,04-Jan 7pm,197424.11,04-01-2025 19:00,23.61,62.94
2025,04-Jan 8pm,187766.43,04-01-2025 20:00,23.59,61.3
2025,04-Jan 9pm,177378.73,04-01-2025 21:00,20.83,74.74
2025,04-Jan 10pm,164860.15,04-01-2025 22:00,20.87,76.45
2025,04-Jan 11pm,158316.82,04-01-2025 23:00,20.71,79.07
2025,05-Jan 12am,151523.91,05-01-2025 00:00,18.09,75.66
2025,05-Jan 1am,147375.25,05-01-2025 01:00,17.94,78
2025,05-Jan 2am,143627.35,05-01-2025 02:00,17.53,79.81
2025,05-Jan 3am,141531.12,05-01-2025 03:00,17.82,77.06
2025,05-Jan 4am,142298.18,05-01-2025 04:00,18.31,75.73
2025,05-Jan 5am,148718.2,05-01-2025 05:00,18.19,70.37
2025,05-Jan 6am,160661.38,05-01-2025 06:00,20.22,73.74
2025,05-Jan 7am,178713.44,05-01-2025 07:00,20.2,75.65
2025,05-Jan 8am,192415.78,05-01-2025 08:00,19.81,77.97
2025,05-Jan 9am,202611.21,05-01-2025 09:00,22.6,39.38
2025,05-Jan 10am,211072.84,05-01-2025 10:00,22.77,44.6
2025,05-Jan 11am,211751.34,05-01-2025 11:00,23.33,57.72
2025,05-Jan 12pm,206294.87,05-01-2025 12:00,26.48,62.45
2025,05-Jan 1pm,199804.61,05-01-2025 13:00,25.99,59.19
2025,05-Jan 2pm,192238.04,05-01-2025 14:00,25.51,59.86
2025,05-Jan 3pm,189287.36,05-01-2025 15:00,26.64,63.03
2025,05-Jan 4pm,185081.29,05-01-2025 16:00,26.82,57.96
2025,05-Jan 5pm,184219.28,05-01-2025 17:00,27.08,55.97
2025,05-Jan 6pm,186380.75,05-01-2025 18:00,23.58,60.2
2025,05-Jan 7pm,188507.19,05-01-2025 19:00,24.44,60.29
2025,05-Jan 8pm,177470.36,05-01-2025 20:00,23.87,62.97
2025,05-Jan 9pm,166892.45,05-01-2025 21:00,21.41,79.68
2025,05-Jan 10pm,156802.96,05-01-2025 22:00,21.28,70.55
2025,05-Jan 11pm,150950.36,05-01-2025 23:00,21.26,75.92
2025,06-Jan 12am,144279.39,06-01-2025 00:00,18.11,76.81
2025,06-Jan 1am,140987.25,06-01-2025 01:00,18.13,79.86
2025,06-Jan 2am,137759.64,06-01-2025 02:00,18.14,79.43
2025,06-Jan 3am,135986.65,06-01-2025 03:00,18.13,77.12
2025,06-Jan 4am,136835.77,06-01-2025 04:00,18.05,75.22
2025,06-Jan 5am,145185.13,06-01-2025 05:00,18.49,71.62
2025,06-Jan 6am,162015.81,06-01-2025 06:00,20.23,73.84
2025,06-Jan 7am,187328.78,06-01-2025 07:00,20.28,75.85
2025,06-Jan 8am,204115.51,06-01-2025 08:00,20.37,77.25
2025,06-Jan 9am,214114.86,06-01-2025 09:00,22.72,41.35
2025,06-Jan 10am,220516.32,06-01-2025 10:00,22.58,42.14
2025,06-Jan 11am,219985.8,06-01-2025 11:00,22.98,39.29
2025,06-Jan 12pm,215975.3,06-01-2025 12:00,26.01,62.28
2025,06-Jan 1pm,208457.6,06-01-2025 13:00,26.33,56.44
2025,06-Jan 2pm,202643.04,06-01-2025 14:00,25.94,56.63
2025,06-Jan 3pm,202706.18,06-01-2025 15:00,27.07,56.63
2025,06-Jan 4pm,200541.22,06-01-2025 16:00,27.03,63.91
2025,06-Jan 5pm,198663.01,06-01-2025 17:00,26.54,55.76
2025,06-Jan 6pm,199003.91,06-01-2025 18:00,24.12,63.02
2025,06-Jan 7pm,198651.92,06-01-2025 19:00,24.33,57.34
2025,06-Jan 8pm,189505.37,06-01-2025 20:00,23.66,59.68
2025,06-Jan 9pm,177149.57,06-01-2025 21:00,21.09,79.16
2025,06-Jan 10pm,165877.34,06-01-2025 22:00,21.09,75.86
2025,06-Jan 11pm,158419.25,06-01-2025 23:00,20.66,72.1
2025,07-Jan 12am,151135.22,07-01-2025 00:00,17.62,72.84
2025,07-Jan 1am,148190.28,07-01-2025 01:00,18.48,79.2
2025,07-Jan 2am,144730.55,07-01-2025 02:00,17.89,74.27
2025,07-Jan 3am,142835.54,07-01-2025 03:00,17.73,75.87
2025,07-Jan 4am,143866.01,07-01-2025 04:00,17.67,74.6
2025,07-Jan 5am,151637.4,07-01-2025 05:00,18.17,73.78
2025,07-Jan 6am,168461.02,07-01-2025 06:00,20.11,72.23
2025,07-Jan 7am,193890.84,07-01-2025 07:00,20.14,76.86
2025,07-Jan 8am,209032.51,07-01-2025 08:00,19.59,77.18
2025,07-Jan 9am,218939.02,07-01-2025 09:00,23.39,57.75
2025,07-Jan 10am,225281.33,07-01-2025 10:00,22.89,42.89
2025,07-Jan 11am,222777.22,07-01-2025 11:00,22.81,43.55
2025,07-Jan 12pm,215532.96,07-01-2025 12:00,25.96,64.21
2025,07-Jan 1pm,210447.55,07-01-2025 13:00,25.89,56.61
2025,07-Jan 2pm,204078.92,07-01-2025 14:00,26.36,58.04
2025,07-Jan 3pm,204596.37,07-01-2025 15:00,27.43,63.6
2025,07-Jan 4pm,202793.84,07-01-2025 16:00,26.8,56.99
2025,07-Jan 5pm,203989.4,07-01-2025 17:00,27.36,55.03
2025,07-Jan 6pm,203247.48,07-01-2025 18:00,24.28,63.71
2025,07-Jan 7pm,201624.57,07-01-2025 19:00,24.43,58.26
2025,07-Jan 8pm,192437.94,07-01-2025 20:00,23.75,59.14
2025,07-Jan 9pm,181250.33,07-01-2025 21:00,21.08,74.46
2025,07-Jan 10pm,168774.46,07-01-2025 22:00,20.77,78.48
2025,07-Jan 11pm,160971.31,07-01-2025 23:00,21.32,73.38
2025,08-Jan 12am,153687.77,08-01-2025 00:00,17.51,78.92
2025,08-Jan 1am,149215.85,08-01-2025 01:00,18.06,76.17
2025,08-Jan 2am,145567.54,08-01-2025 02:00,17.84,75.27
2025,08-Jan 3am,143703.49,08-01-2025 03:00,17.82,73.26
2025,08-Jan 4am,144518.39,08-01-2025 04:00,18.14,72.44
2025,08-Jan 5am,152457.26,08-01-2025 05:00,18.35,76.24
2025,08-Jan 6am,169336.58,08-01-2025 06:00,20.11,74.47
2025,08-Jan 7am,194882.17,08-01-2025 07:00,20.35,79.11
2025,08-Jan 8am,208196.23,08-01-2025 08:00,19.76,74.92
2025,08-Jan 9am,217783.9,08-01-2025 09:00,23.02,60.12
2025,08-Jan 10am,224324.14,08-01-2025 10:00,22.95,39.17
2025,08-Jan 11am,221558.04,08-01-2025 11:00,22.51,42.89
2025,08-Jan 12pm,214786.44,08-01-2025 12:00,26.06,59.25
2025,08-Jan 1pm,207396.09,08-01-2025 13:00,26.16,57.69
2025,08-Jan 2pm,202500.29,08-01-2025 14:00,26.09,63.62
2025,08-Jan 3pm,203252.7,08-01-2025 15:00,27.24,60.97
2025,08-Jan 4pm,200685.88,08-01-2025 16:00,27.07,60.92
2025,08-Jan 5pm,200288.92,08-01-2025 17:00,26.57,61.11
2025,08-Jan 6pm,201843.36,08-01-2025 18:00,23.62,62.19
2025,08-Jan 7pm,201082.57,08-01-2025 19:00,24.1,58.13
2025,08-Jan 8pm,192655.11,08-01-2025 20:00,23.77,55.34
2025,08-Jan 9pm,181494.56,08-01-2025 21:00,20.58,78.11
2025,08-Jan 10pm,169848.99,08-01-2025 22:00,20.93,71.29
2025,08-Jan 11pm,162490.44,08-01-2025 23:00,21.05,77.22
2025,09-Jan 12am,154842.72,09-01-2025 00:00,17.83,70.82
2025,09-Jan 1am,151125.25,09-01-2025 01:00,18.22,73.75
2025,09-Jan 2am,147725.69,09-01-2025 02:00,18.14,70.63
2025,09-Jan 3am,145767.48,09-01-2025 03:00,17.83,75.22
2025,09-Jan 4am,146301.13,09-01-2025 04:00,18.25,76.53
2025,09-Jan 5am,154294.67,09-01-2025 05:00,18.15,71.71
2025,09-Jan 6am,170638.07,09-01-2025 06:00,20.14,73.72
2025,09-Jan 7am,195704.78,09-01-2025 07:00,20.05,79.3
2025,09-Jan 8am,209275.49,09-01-2025 08:00,19.51,74.42
2025,09-Jan 9am,219230.21,09-01-2025 09:00,23.2,63.03
2025,09-Jan 10am,224732.55,09-01-2025 10:00,22.88,44.27
2025,09-Jan 11am,222248.52,09-01-2025 11:00,23.44,64.74
2025,09-Jan 12pm,215775.25,09-01-2025 12:00,26.32,63.98
2025,09-Jan 1pm,208521.55,09-01-2025 13:00,26.09,58.17
2025,09-Jan 2pm,201525.79,09-01-2025 14:00,25.75,64.63
2025,09-Jan 3pm,203566.53,09-01-2025 15:00,26.7,63.12
2025,09-Jan 4pm,201289.18,09-01-2025 16:00,26.84,63.37
2025,09-Jan 5pm,202489.11,09-01-2025 17:00,26.98,55.15
2025,09-Jan 6pm,201957.92,09-01-2025 18:00,23.8,64.54
2025,09-Jan 7pm,200968.3,09-01-2025 19:00,24.01,62.78
2025,09-Jan 8pm,193227.97,09-01-2025 20:00,23.67,62.68
2025,09-Jan 9pm,182250.66,09-01-2025 21:00,21.48,70.82
2025,09-Jan 10pm,169866.97,09-01-2025 22:00,20.61,72.33
2025,09-Jan 11pm,162384.73,09-01-2025 23:00,21.43,79.62
2025,10-Jan 12am,154728.65,10-01-2025 00:00,18.41,75.01
2025,10-Jan 1am,150912.52,10-01-2025 01:00,18.03,73.98
2025,10-Jan 2am,146988.82,10-01-2025 02:00,18.22,78.4
2025,10-Jan 3am,146090.48,10-01-2025 03:00,17.94,70.87
2025,10-Jan 4am,147123.59,10-01-2025 04:00,18.13,74.17
2025,10-Jan 5am,155685.02,10-01-2025 05:00,17.84,73.76
2025,10-Jan 6am,172185.27,10-01-2025 06:00,19.8,73.5
2025,10-Jan 7am,197462.07,10-01-2025 07:00,20.08,73.08
2025,10-Jan 8am,209517.09,10-01-2025 08:00,20,72.1
2025,10-Jan 9am,220856.38,10-01-2025 09:00,23.08,56.73
2025,10-Jan 10am,228401.6,10-01-2025 10:00,22.79,41.4
2025,10-Jan 11am,228387.84,10-01-2025 11:00,22.87,44.19
2025,10-Jan 12pm,224092.54,10-01-2025 12:00,25.58,60.09
2025,10-Jan 1pm,216556.95,10-01-2025 13:00,25.55,57.98
2025,10-Jan 2pm,208413.23,10-01-2025 14:00,25.75,56.59
2025,10-Jan 3pm,208584.41,10-01-2025 15:00,26.57,63.3
2025,10-Jan 4pm,203899.95,10-01-2025 16:00,26.6,64.71
2025,10-Jan 5pm,199822.92,10-01-2025 17:00,27.31,58.49
2025,10-Jan 6pm,198875.39,10-01-2025 18:00,23.54,57.91
2025,10-Jan 7pm,199532.61,10-01-2025 19:00,24.16,61.01
2025,10-Jan 8pm,191514.87,10-01-2025 20:00,23.77,62.75
2025,10-Jan 9pm,182901.95,10-01-2025 21:00,21.37,74.55
2025,10-Jan 10pm,171114.21,10-01-2025 22:00,20.98,76.3
2025,10-Jan 11pm,163316.7,10-01-2025 23:00,20.81,77.17
2025,11-Jan 12am,154853.4,11-01-2025 00:00,18.02,79.61
2025,11-Jan 1am,151356.7,11-01-2025 01:00,17.88,71.65
2025,11-Jan 2am,147789.06,11-01-2025 02:00,18.06,79.97
2025,11-Jan 3am,146130.84,11-01-2025 03:00,17.61,73.92
2025,11-Jan 4am,146751.02,11-01-2025 04:00,18.5,77.23
2025,11-Jan 5am,154664.28,11-01-2025 05:00,17.93,75.72
2025,11-Jan 6am,168781.73,11-01-2025 06:00,19.85,74.87
2025,11-Jan 7am,191468.87,11-01-2025 07:00,20.21,76.98
2025,11-Jan 8am,205813.34,11-01-2025 08:00,19.86,73.96
2025,11-Jan 9am,216342.87,11-01-2025 09:00,23.33,56.26
2025,11-Jan 10am,223249.92,11-01-2025 10:00,22.95,39.89
2025,11-Jan 11am,222415.49,11-01-2025 11:00,23.22,60.22
2025,11-Jan 12pm,215800.5,11-01-2025 12:00,25.61,57.02
2025,11-Jan 1pm,210427.57,11-01-2025 13:00,26.35,64.36
2025,11-Jan 2pm,203169.23,11-01-2025 14:00,26.24,57.27
2025,11-Jan 3pm,204246.05,11-01-2025 15:00,26.71,59.09
2025,11-Jan 4pm,200495.34,11-01-2025 16:00,26.65,56.55
2025,11-Jan 5pm,197940.18,11-01-2025 17:00,26.82,60.36
2025,11-Jan 6pm,196910.65,11-01-2025 18:00,24.48,58.08
2025,11-Jan 7pm,194974.7,11-01-2025 19:00,23.76,59.89
2025,11-Jan 8pm,186621.16,11-01-2025 20:00,23.96,57.25
2025,11-Jan 9pm,177024.04,11-01-2025 21:00,20.53,70.54
2025,11-Jan 10pm,165412.31,11-01-2025 22:00,20.9,77.79
2025,11-Jan 11pm,158552.39,11-01-2025 23:00,21.07,76.41
2025,12-Jan 12am,151567.39,12-01-2025 00:00,18.45,73.41
2025,12-Jan 1am,148222.92,12-01-2025 01:00,18.02,70.47
2025,12-Jan 2am,143813.91,12-01-2025 02:00,18.32,78.66
2025,12-Jan 3am,141752.47,12-01-2025 03:00,18.05,71.7
2025,12-Jan 4am,141914.11,12-01-2025 04:00,17.54,79.31
2025,12-Jan 5am,148487.11,12-01-2025 05:00,17.82,74.79
2025,12-Jan 6am,159569.81,12-01-2025 06:00,20.08,73.4
2025,12-Jan 7am,177544.02,12-01-2025 07:00,20.45,77.42
2025,12-Jan 8am,194921.47,12-01-2025 08:00,20.36,78.77
2025,12-Jan 9am,207141.32,12-01-2025 09:00,22.73,38.71
2025,12-Jan 10am,211693.91,12-01-2025 10:00,22.72,39.07
2025,12-Jan 11am,212011.28,12-01-2025 11:00,22.7,39.33
2025,12-Jan 12pm,207473.44,12-01-2025 12:00,26.42,64.22
2025,12-Jan 1pm,201325.09,12-01-2025 13:00,26.35,61.93
2025,12-Jan 2pm,194255.49,12-01-2025 14:00,26.27,57.48
2025,12-Jan 3pm,191391.7,12-01-2025 15:00,26.89,56.85
2025,12-Jan 4pm,188283.48,12-01-2025 16:00,27,57.3
2025,12-Jan 5pm,186469.06,12-01-2025 17:00,26.96,57.64
2025,12-Jan 6pm,187272.5,12-01-2025 18:00,23.75,57.3
2025,12-Jan 7pm,188709.89,12-01-2025 19:00,24.01,61.59
2025,12-Jan 8pm,178979.34,12-01-2025 20:00,23.53,56.16
2025,12-Jan 9pm,169301.39,12-01-2025 21:00,20.63,73.87
2025,12-Jan 10pm,158561.15,12-01-2025 22:00,21.39,76.25
2025,12-Jan 11pm,153278.23,12-01-2025 23:00,21.25,72.91
2025,13-Jan 12am,145977.39,13-01-2025 00:00,17.92,70.65
2025,13-Jan 1am,142157.03,13-01-2025 01:00,18.02,70.82
2025,13-Jan 2am,139482.74,13-01-2025 02:00,17.87,71.26
2025,13-Jan 3am,138068.75,13-01-2025 03:00,18.24,78.36
2025,13-Jan 4am,139261.37,13-01-2025 04:00,18.28,76.58
2025,13-Jan 5am,147035.92,13-01-2025 05:00,18.26,70.65
2025,13-Jan 6am,161970.09,13-01-2025 06:00,20.22,73.91
2025,13-Jan 7am,186872.69,13-01-2025 07:00,19.7,72.79
2025,13-Jan 8am,205019.69,13-01-2025 08:00,19.84,75.78
2025,13-Jan 9am,211703.25,13-01-2025 09:00,22.97,40.23
2025,13-Jan 10am,216317.43,13-01-2025 10:00,22.83,39.81
2025,13-Jan 11am,218024.8,13-01-2025 11:00,23.25,58.15
2025,13-Jan 12pm,213819.76,13-01-2025 12:00,25.83,56.38
2025,13-Jan 1pm,206737.44,13-01-2025 13:00,25.64,62.42
2025,13-Jan 2pm,198461.21,13-01-2025 14:00,25.9,63.8
2025,13-Jan 3pm,197088.51,13-01-2025 15:00,27.48,64.44
2025,13-Jan 4pm,192928.88,13-01-2025 16:00,26.73,55.59
2025,13-Jan 5pm,191221.39,13-01-2025 17:00,27.11,62.4
2025,13-Jan 6pm,192680.29,13-01-2025 18:00,23.93,62.27
2025,13-Jan 7pm,194671.45,13-01-2025 19:00,23.57,64.47
2025,13-Jan 8pm,183894.81,13-01-2025 20:00,23.99,57.53
2025,13-Jan 9pm,173970.56,13-01-2025 21:00,21.2,77.42
2025,13-Jan 10pm,164544.25,13-01-2025 22:00,21.01,70.55
2025,13-Jan 11pm,158135.36,13-01-2025 23:00,21.37,76.31
2025,14-Jan 12am,150784.99,14-01-2025 00:00,17.79,73.51
2025,14-Jan 1am,146117.37,14-01-2025 01:00,17.59,77.69
2025,14-Jan 2am,141514.21,14-01-2025 02:00,18.44,78.63
2025,14-Jan 3am,139859.19,14-01-2025 03:00,17.88,73.65
2025,14-Jan 4am,141550.1,14-01-2025 04:00,18.08,75.26
2025,14-Jan 5am,149338.4,14-01-2025 05:00,18.29,71.17
2025,14-Jan 6am,164717.81,14-01-2025 06:00,19.82,74.17
2025,14-Jan 7am,183565.11,14-01-2025 07:00,20.22,73.61
2025,14-Jan 8am,197889.81,14-01-2025 08:00,19.64,71.83
2025,14-Jan 9am,208914.27,14-01-2025 09:00,22.79,43.94
2025,14-Jan 10am,213298.42,14-01-2025 10:00,22.64,36.48
2025,14-Jan 11am,209743.65,14-01-2025 11:00,23.31,61.36
2025,14-Jan 12pm,202200.71,14-01-2025 12:00,25.72,63.9
2025,14-Jan 1pm,193474.35,14-01-2025 13:00,26.22,64.12
2025,14-Jan 2pm,185476.98,14-01-2025 14:00,26.44,62.93
2025,14-Jan 3pm,182865.63,14-01-2025 15:00,27.03,56.76
2025,14-Jan 4pm,177593.39,14-01-2025 16:00,27.04,63.17
2025,14-Jan 5pm,177350.59,14-01-2025 17:00,26.96,57.77
2025,14-Jan 6pm,179811.02,14-01-2025 18:00,23.83,64.22
2025,14-Jan 7pm,182589.88,14-01-2025 19:00,23.98,62.09
2025,14-Jan 8pm,172153.84,14-01-2025 20:00,24.1,62.85
2025,14-Jan 9pm,163753.55,14-01-2025 21:00,21.49,70.85
2025,14-Jan 10pm,154018.66,14-01-2025 22:00,21.44,75.83
2025,14-Jan 11pm,148626.88,14-01-2025 23:00,21.36,78.21
2025,15-Jan 12am,141908.24,15-01-2025 00:00,18.39,78.62
2025,15-Jan 1am,137923.62,15-01-2025 01:00,17.97,70.29
2025,15-Jan 2am,134096.72,15-01-2025 02:00,18.16,79.39
2025,15-Jan 3am,132693.51,15-01-2025 03:00,18.4,70.43
2025,15-Jan 4am,133721.99,15-01-2025 04:00,17.89,76.15
2025,15-Jan 5am,140389.22,15-01-2025 05:00,18.46,76.93
2025,15-Jan 6am,155488.72,15-01-2025 06:00,19.92,71.07
2025,15-Jan 7am,179083.6,15-01-2025 07:00,20.1,70.48
2025,15-Jan 8am,196447.24,15-01-2025 08:00,20.21,77.85
2025,15-Jan 9am,207453.51,15-01-2025 09:00,23.45,58.85
2025,15-Jan 10am,215013.94,15-01-2025 10:00,22.74,36.07
2025,15-Jan 11am,212907.93,15-01-2025 11:00,23.25,62.63
2025,15-Jan 12pm,206673.71,15-01-2025 12:00,26.02,63.49
2025,15-Jan 1pm,200103.97,15-01-2025 13:00,25.77,60.87
2025,15-Jan 2pm,193701.56,15-01-2025 14:00,26.28,56.61
2025,15-Jan 3pm,193072.02,15-01-2025 15:00,27.05,55.15
2025,15-Jan 4pm,191493.29,15-01-2025 16:00,27.16,62.01
2025,15-Jan 5pm,188125.94,15-01-2025 17:00,26.82,60.5
2025,15-Jan 6pm,189300.15,15-01-2025 18:00,23.98,61.51
2025,15-Jan 7pm,189957.93,15-01-2025 19:00,24.12,63.13
2025,15-Jan 8pm,180878.14,15-01-2025 20:00,23.9,59.34
2025,15-Jan 9pm,170257.63,15-01-2025 21:00,20.7,71.25
2025,15-Jan 10pm,159881.94,15-01-2025 22:00,21.46,79.4
2025,15-Jan 11pm,153073.79,15-01-2025 23:00,21.01,75.45
2025,16-Jan 12am,146111.52,16-01-2025 00:00,18.23,76.15
2025,16-Jan 1am,142564.99,16-01-2025 01:00,17.91,79.33
2025,16-Jan 2am,138634.02,16-01-2025 02:00,17.86,79.32
2025,16-Jan 3am,137226.45,16-01-2025 03:00,17.91,75.72
2025,16-Jan 4am,137750.92,16-01-2025 04:00,17.91,72.98
2025,16-Jan 5am,143971.07,16-01-2025 05:00,18.04,79.97
2025,16-Jan 6am,159032.01,16-01-2025 06:00,20.04,76.81
2025,16-Jan 7am,182116.26,16-01-2025 07:00,20,74.08
2025,16-Jan 8am,200353.61,16-01-2025 08:00,19.63,75.6
2025,16-Jan 9am,211326.21,16-01-2025 09:00,23,59.16
2025,16-Jan 10am,218183.66,16-01-2025 10:00,22.67,43.88
2025,16-Jan 11am,215279.69,16-01-2025 11:00,22.63,39.82
2025,16-Jan 12pm,209526.16,16-01-2025 12:00,26.43,63.24
2025,16-Jan 1pm,201816.45,16-01-2025 13:00,26.1,63.4
2025,16-Jan 2pm,196415.42,16-01-2025 14:00,26.16,63.24
2025,16-Jan 3pm,196816.36,16-01-2025 15:00,26.9,62.22
2025,16-Jan 4pm,194877.9,16-01-2025 16:00,27.41,63.55
2025,16-Jan 5pm,194635.1,16-01-2025 17:00,27.14,58.87
2025,16-Jan 6pm,195746.34,16-01-2025 18:00,24.27,56.15
2025,16-Jan 7pm,195617.73,16-01-2025 19:00,23.87,63.42
2025,16-Jan 8pm,186592.84,16-01-2025 20:00,24.46,59.98
2025,16-Jan 9pm,175919.32,16-01-2025 21:00,21.32,71.27
2025,16-Jan 10pm,164382.96,16-01-2025 22:00,21.35,71.15
2025,16-Jan 11pm,157924.44,16-01-2025 23:00,20.67,71.59
2025,17-Jan 12am,150507.92,17-01-2025 00:00,17.77,77.51
2025,17-Jan 1am,146897.82,17-01-2025 01:00,17.79,77.11
2025,17-Jan 2am,143194.65,17-01-2025 02:00,17.77,72.04
2025,17-Jan 3am,141223.62,17-01-2025 03:00,18.36,78.47
2025,17-Jan 4am,141880.14,17-01-2025 04:00,17.53,72.81
2025,17-Jan 5am,149325.31,17-01-2025 05:00,17.58,77.93
2025,17-Jan 6am,165266.55,17-01-2025 06:00,19.77,74.89
2025,17-Jan 7am,188309.59,17-01-2025 07:00,19.7,77.32
2025,17-Jan 8am,204753.77,17-01-2025 08:00,19.73,73.81
2025,17-Jan 9am,216296.51,17-01-2025 09:00,23.3,58.47
2025,17-Jan 10am,223633.28,17-01-2025 10:00,23.06,63.41
2025,17-Jan 11am,224452.31,17-01-2025 11:00,22.51,35.35
2025,17-Jan 12pm,218409.36,17-01-2025 12:00,25.93,64.75
2025,17-Jan 1pm,209815.84,17-01-2025 13:00,25.91,61.48
2025,17-Jan 2pm,201232.62,17-01-2025 14:00,25.61,59.32
2025,17-Jan 3pm,199675.93,17-01-2025 15:00,27.18,61.28
2025,17-Jan 4pm,197766.78,17-01-2025 16:00,27.2,56.23
2025,17-Jan 5pm,196984.82,17-01-2025 17:00,27.22,60.14
2025,17-Jan 6pm,198934.21,17-01-2025 18:00,24.23,64.85
2025,17-Jan 7pm,198704.81,17-01-2025 19:00,23.5,57.35
2025,17-Jan 8pm,189297.74,17-01-2025 20:00,24.45,62.22
2025,17-Jan 9pm,177408.01,17-01-2025 21:00,21.31,74.35
2025,17-Jan 10pm,167255.42,17-01-2025 22:00,21.4,76.52
2025,17-Jan 11pm,160503.57,17-01-2025 23:00,20.52,72.05
2025,18-Jan 12am,152034.74,18-01-2025 00:00,18.43,74.7
2025,18-Jan 1am,148562.71,18-01-2025 01:00,18.31,79.8
2025,18-Jan 2am,145049.71,18-01-2025 02:00,18.34,71.95
2025,18-Jan 3am,143387.88,18-01-2025 03:00,17.59,76.36
2025,18-Jan 4am,144012.81,18-01-2025 04:00,18.24,75.76
2025,18-Jan 5am,150671.47,18-01-2025 05:00,18.46,75.65
2025,18-Jan 6am,165859.57,18-01-2025 06:00,20.18,76.15
2025,18-Jan 7am,189458.59,18-01-2025 07:00,20.07,75.02
2025,18-Jan 8am,206333.2,18-01-2025 08:00,20.45,70.17
2025,18-Jan 9am,216453.33,18-01-2025 09:00,22.94,44
2025,18-Jan 10am,222714.98,18-01-2025 10:00,23.1,63.27
2025,18-Jan 11am,221098.45,18-01-2025 11:00,22.98,36.74
2025,18-Jan 12pm,214300.22,18-01-2025 12:00,26.43,59.13
2025,18-Jan 1pm,206377.61,18-01-2025 13:00,25.58,62.71
2025,18-Jan 2pm,199840.97,18-01-2025 14:00,26,64.8
2025,18-Jan 3pm,199307.09,18-01-2025 15:00,27.19,64.51
2025,18-Jan 4pm,197403.59,18-01-2025 16:00,27.29,63.99
2025,18-Jan 5pm,196980.53,18-01-2025 17:00,27.08,56.58
2025,18-Jan 6pm,198205.37,18-01-2025 18:00,24.41,64.14
2025,18-Jan 7pm,198668.48,18-01-2025 19:00,24.44,63.78
2025,18-Jan 8pm,189230.48,18-01-2025 20:00,23.56,58.77
2025,18-Jan 9pm,177978.07,18-01-2025 21:00,20.9,73.95
2025,18-Jan 10pm,165969.09,18-01-2025 22:00,20.52,74.6
2025,18-Jan 11pm,160685.67,18-01-2025 23:00,20.83,76.56
2025,19-Jan 12am,153370.53,19-01-2025 00:00,18.04,72.61
2025,19-Jan 1am,150236.65,19-01-2025 01:00,18.41,70.23
2025,19-Jan 2am,146595.29,19-01-2025 02:00,18.35,71.41
2025,19-Jan 3am,144937.59,19-01-2025 03:00,17.63,74.4
2025,19-Jan 4am,145905.69,19-01-2025 04:00,17.59,72.82
2025,19-Jan 5am,151527,19-01-2025 05:00,18.09,77.65
2025,19-Jan 6am,163670.41,19-01-2025 06:00,20.03,71.07
2025,19-Jan 7am,182513.71,19-01-2025 07:00,19.77,79.17
2025,19-Jan 8am,198751.42,19-01-2025 08:00,20.4,78.95
2025,19-Jan 9am,209252.9,19-01-2025 09:00,23.43,64.09
2025,19-Jan 10am,217010.23,19-01-2025 10:00,22.9,42.4
2025,19-Jan 11am,213911.03,19-01-2025 11:00,23.39,56.07
2025,19-Jan 12pm,206407.94,19-01-2025 12:00,25.88,59.38
2025,19-Jan 1pm,199245.08,19-01-2025 13:00,26.24,56.31
2025,19-Jan 2pm,190657.8,19-01-2025 14:00,25.98,64.88
2025,19-Jan 3pm,187664.44,19-01-2025 15:00,26.62,58.33
2025,19-Jan 4pm,183345.08,19-01-2025 16:00,27.43,60.85
2025,19-Jan 5pm,180833.38,19-01-2025 17:00,26.95,62.79
2025,19-Jan 6pm,183558.82,19-01-2025 18:00,24.23,64.21
2025,19-Jan 7pm,187860.11,19-01-2025 19:00,23.87,62.56
2025,19-Jan 8pm,177300.92,19-01-2025 20:00,23.52,61.75
2025,19-Jan 9pm,168286.37,19-01-2025 21:00,20.6,74.66
2025,19-Jan 10pm,158283.46,19-01-2025 22:00,21,76.05
2025,19-Jan 11pm,151981.1,19-01-2025 23:00,21.19,70.94
2025,20-Jan 12am,146047,20-01-2025 00:00,17.83,78.84
2025,20-Jan 1am,143206.65,20-01-2025 01:00,18.2,75.44
2025,20-Jan 2am,139994.14,20-01-2025 02:00,18.2,70.4
2025,20-Jan 3am,138757.97,20-01-2025 03:00,18.2,79.2
2025,20-Jan 4am,139898.32,20-01-2025 04:00,17.99,74.89
2025,20-Jan 5am,147429.51,20-01-2025 05:00,18.41,78.69
2025,20-Jan 6am,163930.57,20-01-2025 06:00,19.99,78.57
2025,20-Jan 7am,191409.53,20-01-2025 07:00,19.95,78.16
2025,20-Jan 8am,207534.48,20-01-2025 08:00,19.7,70.61
2025,20-Jan 9am,213395.33,20-01-2025 09:00,22.81,37.47
2025,20-Jan 10am,219764.44,20-01-2025 10:00,22.54,43.76
2025,20-Jan 11am,217736.16,20-01-2025 11:00,23.13,63.99
2025,20-Jan 12pm,212466.82,20-01-2025 12:00,25.75,59.58
2025,20-Jan 1pm,205437.91,20-01-2025 13:00,25.8,59.4
2025,20-Jan 2pm,199188.42,20-01-2025 14:00,26.27,56.75
2025,20-Jan 3pm,199655.03,20-01-2025 15:00,26.83,64.68
2025,20-Jan 4pm,198255.73,20-01-2025 16:00,26.74,57.13
2025,20-Jan 5pm,196533.88,20-01-2025 17:00,26.67,56.91
2025,20-Jan 6pm,197488.41,20-01-2025 18:00,24.27,61.61
2025,20-Jan 7pm,197655.07,20-01-2025 19:00,23.63,57.43
2025,20-Jan 8pm,188893.87,20-01-2025 20:00,23.95,64.39
2025,20-Jan 9pm,177972.12,20-01-2025 21:00,21.01,70.11
2025,20-Jan 10pm,166676.11,20-01-2025 22:00,21.19,70.06
2025,20-Jan 11pm,161001.75,20-01-2025 23:00,21.13,75.05
2025,21-Jan 12am,154178.58,21-01-2025 00:00,18.31,74.88
2025,21-Jan 1am,150824.92,21-01-2025 01:00,17.54,71.63
2025,21-Jan 2am,147110.14,21-01-2025 02:00,17.8,74.95
2025,21-Jan 3am,145388.41,21-01-2025 03:00,17.78,74.12
2025,21-Jan 4am,145757.07,21-01-2025 04:00,17.65,78.9
2025,21-Jan 5am,153430.31,21-01-2025 05:00,17.79,70.09
2025,21-Jan 6am,169635.03,21-01-2025 06:00,19.81,79.76
2025,21-Jan 7am,196313.49,21-01-2025 07:00,20.02,76.24
2025,21-Jan 8am,210141.62,21-01-2025 08:00,20.16,71.52
2025,21-Jan 9am,218048.2,21-01-2025 09:00,22.88,35.47
2025,21-Jan 10am,223841.99,21-01-2025 10:00,23.22,60.38
2025,21-Jan 11am,221476.86,21-01-2025 11:00,22.84,37.35
2025,21-Jan 12pm,215043.38,21-01-2025 12:00,25.79,58.01
2025,21-Jan 1pm,206392.04,21-01-2025 13:00,26.04,57.45
2025,21-Jan 2pm,200070.68,21-01-2025 14:00,25.52,61.5
2025,21-Jan 3pm,201188.73,21-01-2025 15:00,26.58,60.54
2025,21-Jan 4pm,199874.48,21-01-2025 16:00,26.92,55.78
2025,21-Jan 5pm,198560.06,21-01-2025 17:00,27.44,60.27
2025,21-Jan 6pm,199439.17,21-01-2025 18:00,24.22,62.91
2025,21-Jan 7pm,200781.57,21-01-2025 19:00,23.59,55.81
2025,21-Jan 8pm,189785.21,21-01-2025 20:00,24.35,63.9
2025,21-Jan 9pm,178537.35,21-01-2025 21:00,21.23,75.78
2025,21-Jan 10pm,167350.6,21-01-2025 22:00,21.11,79.51
2025,21-Jan 11pm,161767.86,21-01-2025 23:00,21.32,71.48
2025,22-Jan 12am,155470.85,22-01-2025 00:00,17.9,79.94
2025,22-Jan 1am,152528.76,22-01-2025 01:00,17.72,76.44
2025,22-Jan 2am,148784.38,22-01-2025 02:00,18.01,75.67
2025,22-Jan 3am,147766.13,22-01-2025 03:00,18.05,75.15
2025,22-Jan 4am,148053.56,22-01-2025 04:00,18.04,70.24
2025,22-Jan 5am,155906.46,22-01-2025 05:00,18.07,79.4
2025,22-Jan 6am,172190.07,22-01-2025 06:00,20.45,76.44
2025,22-Jan 7am,198219.85,22-01-2025 07:00,20.4,70.92
2025,22-Jan 8am,208685.86,22-01-2025 08:00,20.38,70.21
2025,22-Jan 9am,217732.28,22-01-2025 09:00,23.3,55.51
2025,22-Jan 10am,225955.53,22-01-2025 10:00,23.44,61.09
2025,22-Jan 11am,222507.07,22-01-2025 11:00,22.6,41.14
2025,22-Jan 12pm,215361.3,22-01-2025 12:00,25.77,60
2025,22-Jan 1pm,208902.64,22-01-2025 13:00,26,58.07
2025,22-Jan 2pm,202500.13,22-01-2025 14:00,26.35,60.32
2025,22-Jan 3pm,203665.85,22-01-2025 15:00,27.01,60.16
2025,22-Jan 4pm,200102.81,22-01-2025 16:00,27.25,55.19
2025,22-Jan 5pm,200015.93,22-01-2025 17:00,26.64,57.82
2025,22-Jan 6pm,199888.96,22-01-2025 18:00,23.75,55.53
2025,22-Jan 7pm,201402.78,22-01-2025 19:00,24.23,64
2025,22-Jan 8pm,190335.13,22-01-2025 20:00,23.66,62.25
2025,22-Jan 9pm,179114.77,22-01-2025 21:00,20.85,79.96
2025,22-Jan 10pm,168416.38,22-01-2025 22:00,20.76,73.02
2025,22-Jan 11pm,162096.25,22-01-2025 23:00,20.85,78.78
2025,23-Jan 12am,155659.21,23-01-2025 00:00,18.21,76.03
2025,23-Jan 1am,152149.1,23-01-2025 01:00,17.87,74.53
2025,23-Jan 2am,148837.83,23-01-2025 02:00,18.06,72.23
2025,23-Jan 3am,147607.88,23-01-2025 03:00,17.6,77.38
2025,23-Jan 4am,148196.47,23-01-2025 04:00,18.31,79.04
2025,23-Jan 5am,155353.93,23-01-2025 05:00,17.87,72.35
2025,23-Jan 6am,171353.63,23-01-2025 06:00,20.15,71.75
2025,23-Jan 7am,196064.74,23-01-2025 07:00,20.23,76.96
2025,23-Jan 8am,210471.25,23-01-2025 08:00,19.71,79.77
2025,23-Jan 9am,220057.33,23-01-2025 09:00,23.38,62.5
2025,23-Jan 10am,223818.89,23-01-2025 10:00,23.12,57.85
2025,23-Jan 11am,221222.63,23-01-2025 11:00,22.93,39.2
2025,23-Jan 12pm,214664.06,23-01-2025 12:00,25.68,58.84
2025,23-Jan 1pm,207603.6,23-01-2025 13:00,26.44,63.52
2025,23-Jan 2pm,202736.9,23-01-2025 14:00,26.26,62.71
2025,23-Jan 3pm,203013.85,23-01-2025 15:00,26.71,60.89
2025,23-Jan 4pm,199322.69,23-01-2025 16:00,26.84,57.75
2025,23-Jan 5pm,199549.42,23-01-2025 17:00,27.31,64.38
2025,23-Jan 6pm,199196.92,23-01-2025 18:00,24.2,61.53
2025,23-Jan 7pm,201581.62,23-01-2025 19:00,24.27,64.7
2025,23-Jan 8pm,190475.59,23-01-2025 20:00,23.94,60.8
2025,23-Jan 9pm,179333.52,23-01-2025 21:00,21.22,78.21
2025,23-Jan 10pm,168398.47,23-01-2025 22:00,20.89,78.13
2025,23-Jan 11pm,161437.73,23-01-2025 23:00,20.71,73.37
2025,24-Jan 12am,154708.87,24-01-2025 00:00,18.13,79.64
2025,24-Jan 1am,152806.65,24-01-2025 01:00,18.48,70.22
2025,24-Jan 2am,149692.96,24-01-2025 02:00,17.81,77.69
2025,24-Jan 3am,148660.81,24-01-2025 03:00,17.96,79.66
2025,24-Jan 4am,149365.8,24-01-2025 04:00,18.17,73.39
2025,24-Jan 5am,156027.89,24-01-2025 05:00,18.04,76.48
2025,24-Jan 6am,172861.97,24-01-2025 06:00,20.34,75.62
2025,24-Jan 7am,198986.28,24-01-2025 07:00,20.26,77.62
2025,24-Jan 8am,214115.27,24-01-2025 08:00,19.56,78.66
2025,24-Jan 9am,223736.36,24-01-2025 09:00,23.5,61.03
2025,24-Jan 10am,229160.14,24-01-2025 10:00,23.25,63.16
2025,24-Jan 11am,225496.91,24-01-2025 11:00,23.36,58.12
2025,24-Jan 12pm,220028.56,24-01-2025 12:00,26.15,57.29
2025,24-Jan 1pm,212457.12,24-01-2025 13:00,26.36,59.31
2025,24-Jan 2pm,204985.63,24-01-2025 14:00,25.61,61.78
2025,24-Jan 3pm,204533.94,24-01-2025 15:00,26.85,56.87
2025,24-Jan 4pm,201855.3,24-01-2025 16:00,27.38,61.8
2025,24-Jan 5pm,198550.71,24-01-2025 17:00,26.7,58.94
2025,24-Jan 6pm,201543.08,24-01-2025 18:00,23.58,62.96
2025,24-Jan 7pm,201522.54,24-01-2025 19:00,24.29,55.37
2025,24-Jan 8pm,189986.99,24-01-2025 20:00,24.34,61.68
2025,24-Jan 9pm,178716.55,24-01-2025 21:00,20.66,76.5
2025,24-Jan 10pm,169301.1,24-01-2025 22:00,21.35,79.41
2025,24-Jan 11pm,163574.69,24-01-2025 23:00,21.19,77.13
2025,25-Jan 12am,157277.19,25-01-2025 00:00,18.02,77.96
2025,25-Jan 1am,155475.65,25-01-2025 01:00,18.33,79.05
2025,25-Jan 2am,151978.04,25-01-2025 02:00,17.92,76.75
2025,25-Jan 3am,150842.16,25-01-2025 03:00,17.69,72.9
2025,25-Jan 4am,151296.11,25-01-2025 04:00,17.78,78.7
2025,25-Jan 5am,159253.1,25-01-2025 05:00,18.01,77.48
2025,25-Jan 6am,174844.54,25-01-2025 06:00,20.03,74.24
2025,25-Jan 7am,198549.25,25-01-2025 07:00,20.31,77.11
2025,25-Jan 8am,212312.31,25-01-2025 08:00,20.29,78.68
2025,25-Jan 9am,222176.61,25-01-2025 09:00,23.08,64.76
2025,25-Jan 10am,227183.12,25-01-2025 10:00,23.28,64.52
2025,25-Jan 11am,225172.62,25-01-2025 11:00,22.69,38.25
2025,25-Jan 12pm,219147.59,25-01-2025 12:00,25.55,59.22
2025,25-Jan 1pm,211982.26,25-01-2025 13:00,26.37,56.1
2025,25-Jan 2pm,206501.94,25-01-2025 14:00,25.58,57.48
2025,25-Jan 3pm,206938.9,25-01-2025 15:00,26.75,63.82
2025,25-Jan 4pm,201404.78,25-01-2025 16:00,27.2,58.61
2025,25-Jan 5pm,199717.51,25-01-2025 17:00,26.91,61.21
2025,25-Jan 6pm,198543.54,25-01-2025 18:00,24.38,61.66
2025,25-Jan 7pm,201868.91,25-01-2025 19:00,23.8,62.82
2025,25-Jan 8pm,191974.11,25-01-2025 20:00,23.51,56.83
2025,25-Jan 9pm,181180.76,25-01-2025 21:00,20.8,73.05
2025,25-Jan 10pm,170743.05,25-01-2025 22:00,21.08,74.48
2025,25-Jan 11pm,164943.19,25-01-2025 23:00,20.88,73.65
2025,26-Jan 12am,158842.67,26-01-2025 00:00,18.03,79.83
2025,26-Jan 1am,156194.84,26-01-2025 01:00,18.38,78.35
2025,26-Jan 2am,152270.07,26-01-2025 02:00,18.41,74.8
2025,26-Jan 3am,150587.68,26-01-2025 03:00,17.77,78.79
2025,26-Jan 4am,150975.37,26-01-2025 04:00,17.96,73.48
2025,26-Jan 5am,159161.92,26-01-2025 05:00,18.05,77.86
2025,26-Jan 6am,174273.66,26-01-2025 06:00,20.45,72.24
2025,26-Jan 7am,194529.19,26-01-2025 07:00,20.5,77.72
2025,26-Jan 8am,203808.9,26-01-2025 08:00,19.74,74.56
2025,26-Jan 9am,211635.69,26-01-2025 09:00,23.23,56.07
2025,26-Jan 10am,214870.51,26-01-2025 10:00,22.88,37.73
2025,26-Jan 11am,211935.12,26-01-2025 11:00,22.51,39.02
2025,26-Jan 12pm,207387.75,26-01-2025 12:00,25.51,62.49
2025,26-Jan 1pm,201373.51,26-01-2025 13:00,25.96,55.73
2025,26-Jan 2pm,193545.8,26-01-2025 14:00,25.99,61.6
2025,26-Jan 3pm,189714.03,26-01-2025 15:00,26.52,62.16
2025,26-Jan 4pm,186300.81,26-01-2025 16:00,27.19,61.54
2025,26-Jan 5pm,181614.7,26-01-2025 17:00,26.79,62.61
2025,26-Jan 6pm,179178.13,26-01-2025 18:00,24.06,56.78
2025,26-Jan 7pm,182292.6,26-01-2025 19:00,23.8,60.87
2025,26-Jan 8pm,173144.54,26-01-2025 20:00,23.67,64.41
2025,26-Jan 9pm,164216.76,26-01-2025 21:00,20.91,76.11
2025,26-Jan 10pm,154974.33,26-01-2025 22:00,20.73,76.11
2025,26-Jan 11pm,150446.82,26-01-2025 23:00,21.03,77.36
2025,27-Jan 12am,145585.32,27-01-2025 00:00,17.7,73.33
2025,27-Jan 1am,143865.78,27-01-2025 01:00,18.01,77
2025,27-Jan 2am,141149.08,27-01-2025 02:00,17.66,79.16
2025,27-Jan 3am,139930.94,27-01-2025 03:00,18.17,70.11
2025,27-Jan 4am,141190.55,27-01-2025 04:00,18.25,78.7
2025,27-Jan 5am,149404.78,27-01-2025 05:00,17.61,72.19
2025,27-Jan 6am,165978.24,27-01-2025 06:00,19.97,74.56
2025,27-Jan 7am,191413.15,27-01-2025 07:00,19.57,78.52
2025,27-Jan 8am,208873.77,27-01-2025 08:00,20.1,78.24
2025,27-Jan 9am,219972,27-01-2025 09:00,22.76,43.92
2025,27-Jan 10am,228839.14,27-01-2025 10:00,23.03,64.4
2025,27-Jan 11am,226224.43,27-01-2025 11:00,23.02,59.47
2025,27-Jan 12pm,223454.91,27-01-2025 12:00,26.42,61.56
2025,27-Jan 1pm,217057.55,27-01-2025 13:00,26.05,58.9
2025,27-Jan 2pm,210166,27-01-2025 14:00,26.08,58.51
2025,27-Jan 3pm,210319.88,27-01-2025 15:00,26.9,59.32
2025,27-Jan 4pm,202171.21,27-01-2025 16:00,27.45,62.43
2025,27-Jan 5pm,202072.69,27-01-2025 17:00,27.28,60.01
2025,27-Jan 6pm,200912.52,27-01-2025 18:00,23.79,63.14
2025,27-Jan 7pm,202504.55,27-01-2025 19:00,24.34,62.45
2025,27-Jan 8pm,192693.09,27-01-2025 20:00,23.93,55.2
2025,27-Jan 9pm,181478.16,27-01-2025 21:00,21.33,76.3
2025,27-Jan 10pm,170456.17,27-01-2025 22:00,21.32,74.37
2025,27-Jan 11pm,165089.4,27-01-2025 23:00,20.69,74.57
2025,28-Jan 12am,158384.3,28-01-2025 00:00,18.2,78.18
2025,28-Jan 1am,156174.19,28-01-2025 01:00,17.79,75.48
2025,28-Jan 2am,153091.25,28-01-2025 02:00,17.8,78.86
2025,28-Jan 3am,151776.1,28-01-2025 03:00,17.8,77.13
2025,28-Jan 4am,152679.12,28-01-2025 04:00,18.23,75.53
2025,28-Jan 5am,160645.59,28-01-2025 05:00,17.73,77.55
2025,28-Jan 6am,176507.94,28-01-2025 06:00,19.5,70.38
2025,28-Jan 7am,201342.72,28-01-2025 07:00,20.22,70.27
2025,28-Jan 8am,213920.42,28-01-2025 08:00,19.67,70.83
2025,28-Jan 9am,225915.73,28-01-2025 09:00,22.6,39.38
2025,28-Jan 10am,231973.69,28-01-2025 10:00,22.74,37.35
2025,28-Jan 11am,229001.69,28-01-2025 11:00,22.88,44.84
2025,28-Jan 12pm,211758.48,28-01-2025 12:00,25.98,60.42
2025,28-Jan 1pm,216281.97,28-01-2025 13:00,25.54,61.62
2025,28-Jan 2pm,210805.62,28-01-2025 14:00,26.47,57.79
2025,28-Jan 3pm,211203.39,28-01-2025 15:00,27.22,58.22
2025,28-Jan 4pm,209400.81,28-01-2025 16:00,26.82,58.35
2025,28-Jan 5pm,205154.03,28-01-2025 17:00,26.82,61.99
2025,28-Jan 6pm,203510.13,28-01-2025 18:00,23.95,59.74
2025,28-Jan 7pm,203750.8,28-01-2025 19:00,24.13,60.18
2025,28-Jan 8pm,193619.88,28-01-2025 20:00,23.65,60.92
2025,28-Jan 9pm,182533.39,28-01-2025 21:00,20.69,77.69
2025,28-Jan 10pm,172480.79,28-01-2025 22:00,21.36,70.9
2025,28-Jan 11pm,166409.44,28-01-2025 23:00,20.76,77.77
2025,29-Jan 12am,160211.95,29-01-2025 00:00,17.88,75.63
2025,29-Jan 1am,157977.75,29-01-2025 01:00,18.37,76.69
2025,29-Jan 2am,155479.68,29-01-2025 02:00,18.16,73.28
2025,29-Jan 3am,154061.32,29-01-2025 03:00,17.84,74.09
2025,29-Jan 4am,154610.34,29-01-2025 04:00,18.18,72.31
2025,29-Jan 5am,163229.42,29-01-2025 05:00,17.52,79.79
2025,29-Jan 6am,179981.67,29-01-2025 06:00,20.24,74.97
2025,29-Jan 7am,204246.21,29-01-2025 07:00,19.99,79.96
2025,29-Jan 8am,216890.51,29-01-2025 08:00,20.31,74.9
2025,29-Jan 9am,226150.71,29-01-2025 09:00,23.45,57.2
2025,29-Jan 10am,235343.98,29-01-2025 10:00,23.43,60.07
2025,29-Jan 11am,230842.97,29-01-2025 11:00,23.41,55.4
2025,29-Jan 12pm,225012.86,29-01-2025 12:00,26.01,64.05
2025,29-Jan 1pm,217441.56,29-01-2025 13:00,25.86,63.19
2025,29-Jan 2pm,211193.47,29-01-2025 14:00,25.97,62.26
2025,29-Jan 3pm,211475.94,29-01-2025 15:00,27.19,61.1
2025,29-Jan 4pm,209546.66,29-01-2025 16:00,27.38,60.8
2025,29-Jan 5pm,204691,29-01-2025 17:00,26.71,64.97
2025,29-Jan 6pm,201539.84,29-01-2025 18:00,24.42,57.78
2025,29-Jan 7pm,202330.99,29-01-2025 19:00,24.32,62.8
2025,29-Jan 8pm,192176.86,29-01-2025 20:00,24.48,60.81
2025,29-Jan 9pm,182065.23,29-01-2025 21:00,21.38,79.76
2025,29-Jan 10pm,171794.15,29-01-2025 22:00,20.78,78.28
2025,29-Jan 11pm,167293.89,29-01-2025 23:00,20.61,79.99
2025,30-Jan 12am,159831.8,30-01-2025 00:00,17.61,75.88
2025,30-Jan 1am,158126.18,30-01-2025 01:00,17.79,72.05
2025,30-Jan 2am,155616.77,30-01-2025 02:00,18.11,75.04
2025,30-Jan 3am,153640.49,30-01-2025 03:00,18.3,77.11
2025,30-Jan 4am,154229.8,30-01-2025 04:00,18.4,77.74
2025,30-Jan 5am,162306.32,30-01-2025 05:00,18.12,70.01
2025,30-Jan 6am,177195.62,30-01-2025 06:00,19.51,75.05
2025,30-Jan 7am,203563.42,30-01-2025 07:00,19.69,72.35
2025,30-Jan 8am,214423.31,30-01-2025 08:00,19.6,78.75
2025,30-Jan 9am,222670.57,30-01-2025 09:00,22.86,36.53
2025,30-Jan 10am,232520.61,30-01-2025 10:00,23,61.66
2025,30-Jan 11am,231937,30-01-2025 11:00,22.54,37.66
2025,30-Jan 12pm,224208.3,30-01-2025 12:00,25.85,58.57
2025,30-Jan 1pm,217214.49,30-01-2025 13:00,25.68,64.41
2025,30-Jan 2pm,211409.94,30-01-2025 14:00,26.15,57.4
2025,30-Jan 3pm,212415.77,30-01-2025 15:00,26.96,55.95
2025,30-Jan 4pm,209271.94,30-01-2025 16:00,27,55.69
2025,30-Jan 5pm,205575.7,30-01-2025 17:00,26.93,60.05
2025,30-Jan 6pm,203024.61,30-01-2025 18:00,24.46,61.42
2025,30-Jan 7pm,201626.62,30-01-2025 19:00,23.71,58.27
2025,30-Jan 8pm,194173.71,30-01-2025 20:00,24.02,61.9
2025,30-Jan 9pm,183779.36,30-01-2025 21:00,21.24,70.61
2025,30-Jan 10pm,173810.02,30-01-2025 22:00,21.06,78.57
2025,30-Jan 11pm,169102.02,30-01-2025 23:00,21.43,78.17
2025,31-Jan 12am,162175.69,31-01-2025 00:00,17.88,79.85
2025,31-Jan 1am,160135.87,31-01-2025 01:00,17.96,79.37
2025,31-Jan 2am,156911.68,31-01-2025 02:00,17.59,73.56
2025,31-Jan 3am,155703.47,31-01-2025 03:00,18.11,73.99
2025,31-Jan 4am,156240.09,31-01-2025 04:00,17.79,77.46
2025,31-Jan 5am,164234.82,31-01-2025 05:00,17.66,71.34
2025,31-Jan 6am,179290.76,31-01-2025 06:00,20.04,73.14
2025,31-Jan 7am,202008.45,31-01-2025 07:00,20.03,71.19
2025,31-Jan 8am,211366.02,31-01-2025 08:00,19.58,74.55
2025,31-Jan 9am,223036.16,31-01-2025 09:00,23.2,60.52
2025,31-Jan 10am,233856.48,31-01-2025 10:00,23.12,57.11
2025,31-Jan 11am,233968.04,31-01-2025 11:00,22.69,35.27
2025,31-Jan 12pm,230702.38,31-01-2025 12:00,25.97,62.19
2025,31-Jan 1pm,223155.95,31-01-2025 13:00,26.22,55.2
2025,31-Jan 2pm,215176.43,31-01-2025 14:00,26.03,64.73
2025,31-Jan 3pm,214422.72,31-01-2025 15:00,26.9,57.22
2025,31-Jan 4pm,210858.44,31-01-2025 16:00,26.82,61.64
2025,31-Jan 5pm,205035.04,31-01-2025 17:00,27.11,59.35
2025,31-Jan 6pm,201971.15,31-01-2025 18:00,24.44,55.6
2025,31-Jan 7pm,201728.49,31-01-2025 19:00,24.17,59.72
2025,31-Jan 8pm,192510.26,31-01-2025 20:00,23.57,60.17
2025,31-Jan 9pm,182346.29,31-01-2025 21:00,20.96,78.55
2025,31-Jan 10pm,173337.88,31-01-2025 22:00,21.39,77.32
2025,31-Jan 11pm,168103.11,31-01-2025 23:00,20.59,70.79
2025,01-Feb 12am,160928.86,01-02-2025 00:00,20.49,72.09
2025,01-Feb 1am,159375.24,01-02-2025 01:00,20.45,73.12
2025,01-Feb 2am,156287,01-02-2025 02:00,19.58,71.16
2025,01-Feb 3am,155029.89,01-02-2025 03:00,20.43,74.57
2025,01-Feb 4am,155136.63,01-02-2025 04:00,19.86,79.84
2025,01-Feb 5am,162278.65,01-02-2025 05:00,20.34,75.15
2025,01-Feb 6am,176022.55,01-02-2025 06:00,21.92,77.42
2025,01-Feb 7am,196250.63,01-02-2025 07:00,21.94,76.83
2025,01-Feb 8am,207643.94,01-02-2025 08:00,22.13,43.5
2025,01-Feb 9am,219153.19,01-02-2025 09:00,25.27,57.16
2025,01-Feb 10am,229535.71,01-02-2025 10:00,24.53,62.54
2025,01-Feb 11am,229201.62,01-02-2025 11:00,25.09,63.81
2025,01-Feb 12pm,223440.26,01-02-2025 12:00,27.69,56.72
2025,01-Feb 1pm,215837.7,01-02-2025 13:00,27.85,58.47
2025,01-Feb 2pm,209526.05,01-02-2025 14:00,27.85,64.7
2025,01-Feb 3pm,209764.82,01-02-2025 15:00,28.97,42.81
2025,01-Feb 4pm,206073.33,01-02-2025 16:00,28.83,37.83
2025,01-Feb 5pm,203177.92,01-02-2025 17:00,28.61,40.64
2025,01-Feb 6pm,200387.04,01-02-2025 18:00,25.65,59.04
2025,01-Feb 7pm,200191.72,01-02-2025 19:00,25.53,59.9
2025,01-Feb 8pm,190357.79,01-02-2025 20:00,25.97,58.55
2025,01-Feb 9pm,179322.63,01-02-2025 21:00,23.45,57.79
2025,01-Feb 10pm,170777.77,01-02-2025 22:00,22.62,41.75
2025,01-Feb 11pm,167126.6,01-02-2025 23:00,23.45,62.79
2025,02-Feb 12am,161463.62,02-02-2025 00:00,20.23,78.74
2025,02-Feb 1am,160006.3,02-02-2025 01:00,20.14,71.55
2025,02-Feb 2am,156719.91,02-02-2025 02:00,20.15,78.23
2025,02-Feb 3am,155189.71,02-02-2025 03:00,20.33,72.55
2025,02-Feb 4am,155234.91,02-02-2025 04:00,19.61,74.27
2025,02-Feb 5am,162082.97,02-02-2025 05:00,20,79.01
2025,02-Feb 6am,172585.15,02-02-2025 06:00,22.2,39.55
2025,02-Feb 7am,189128.57,02-02-2025 07:00,22.09,36.97
2025,02-Feb 8am,202702.23,02-02-2025 08:00,22.33,36.6
2025,02-Feb 9am,214028.6,02-02-2025 09:00,24.57,59.73
2025,02-Feb 10am,221654.57,02-02-2025 10:00,25.19,62.63
2025,02-Feb 11am,219557.05,02-02-2025 11:00,25.03,64.97
2025,02-Feb 12pm,213070.98,02-02-2025 12:00,27.88,62.87
2025,02-Feb 1pm,206516.84,02-02-2025 13:00,27.84,63.77
2025,02-Feb 2pm,200243.43,02-02-2025 14:00,28.12,42.48
2025,02-Feb 3pm,197030.75,02-02-2025 15:00,29.39,53.95
2025,02-Feb 4pm,191668.75,02-02-2025 16:00,29,45.76
2025,02-Feb 5pm,187836.88,02-02-2025 17:00,29.32,54.3
2025,02-Feb 6pm,187158.76,02-02-2025 18:00,25.9,58.96
2025,02-Feb 7pm,190742.75,02-02-2025 19:00,25.6,64.22
2025,02-Feb 8pm,180404.81,02-02-2025 20:00,25.56,55.76
2025,02-Feb 9pm,171490.64,02-02-2025 21:00,22.55,42.15
2025,02-Feb 10pm,163789.72,02-02-2025 22:00,22.88,42.36
2025,02-Feb 11pm,160313.49,02-02-2025 23:00,22.84,44.97
2025,03-Feb 12am,154631.64,03-02-2025 00:00,20.22,77.69
2025,03-Feb 1am,153986.67,03-02-2025 01:00,20.24,73.83
2025,03-Feb 2am,150434.15,03-02-2025 02:00,19.55,75.57
2025,03-Feb 3am,149649.22,03-02-2025 03:00,19.72,73.67
2025,03-Feb 4am,150710.05,03-02-2025 04:00,19.77,71.96
2025,03-Feb 5am,158288.76,03-02-2025 05:00,20.05,72.49
2025,03-Feb 6am,173613.45,03-02-2025 06:00,21.64,72.22
2025,03-Feb 7am,196282.48,03-02-2025 07:00,21.63,75.49
2025,03-Feb 8am,209757.31,03-02-2025 08:00,22.44,44.06
2025,03-Feb 9am,220328.05,03-02-2025 09:00,25.3,64.13
2025,03-Feb 10am,229368.37,03-02-2025 10:00,24.68,55.55
2025,03-Feb 11am,229222.79,03-02-2025 11:00,24.91,55.8
2025,03-Feb 12pm,222913.36,03-02-2025 12:00,27.86,57.45
2025,03-Feb 1pm,215819.13,03-02-2025 13:00,28.29,37.55
2025,03-Feb 2pm,208529.12,03-02-2025 14:00,28.01,35.95
2025,03-Feb 3pm,209411.79,03-02-2025 15:00,28.63,38.88
2025,03-Feb 4pm,207273.73,03-02-2025 16:00,29.24,50.88
2025,03-Feb 5pm,204627.02,03-02-2025 17:00,28.9,40.78
2025,03-Feb 6pm,200612.38,03-02-2025 18:00,25.76,60.43
2025,03-Feb 7pm,202007.8,03-02-2025 19:00,25.88,58.39
2025,03-Feb 8pm,191720.6,03-02-2025 20:00,26,62.06
2025,03-Feb 9pm,181619.64,03-02-2025 21:00,22.84,43.26
2025,03-Feb 10pm,172191.81,03-02-2025 22:00,22.74,38.46
2025,03-Feb 11pm,168874.54,03-02-2025 23:00,22.9,35.86
2025,04-Feb 12am,162402,04-02-2025 00:00,19.52,72.96
2025,04-Feb 1am,161195.14,04-02-2025 01:00,20.27,71.37
2025,04-Feb 2am,158043.39,04-02-2025 02:00,19.67,74.67
2025,04-Feb 3am,157049.36,04-02-2025 03:00,19.54,71.56
2025,04-Feb 4am,157613.01,04-02-2025 04:00,20.15,74.63
2025,04-Feb 5am,164393.74,04-02-2025 05:00,20.27,72.21
2025,04-Feb 6am,177860.07,04-02-2025 06:00,22.31,42.39
2025,04-Feb 7am,199655.4,04-02-2025 07:00,21.99,70.28
2025,04-Feb 8am,209189.64,04-02-2025 08:00,21.71,75.55
2025,04-Feb 9am,222047.02,04-02-2025 09:00,25.24,56.69
2025,04-Feb 10am,229991.5,04-02-2025 10:00,25.2,55.01
2025,04-Feb 11am,228150.62,04-02-2025 11:00,24.75,63.69
2025,04-Feb 12pm,222893.98,04-02-2025 12:00,28.4,41.72
2025,04-Feb 1pm,217316.76,04-02-2025 13:00,27.6,55.99
2025,04-Feb 2pm,211709.86,04-02-2025 14:00,28.48,41.64
2025,04-Feb 3pm,212101.7,04-02-2025 15:00,29.36,51.12
2025,04-Feb 4pm,209839.27,04-02-2025 16:00,29.19,49.73
2025,04-Feb 5pm,208466.36,04-02-2025 17:00,29.44,49.19
2025,04-Feb 6pm,204450.58,04-02-2025 18:00,26.22,63.87
2025,04-Feb 7pm,204381.53,04-02-2025 19:00,25.69,57.45
2025,04-Feb 8pm,191286.35,04-02-2025 20:00,25.94,58.98
2025,04-Feb 9pm,181499.38,04-02-2025 21:00,22.57,38.29
2025,04-Feb 10pm,173668.58,04-02-2025 22:00,22.89,42.71
2025,04-Feb 11pm,170181.76,04-02-2025 23:00,23.24,64.16
2025,05-Feb 12am,163954.76,05-02-2025 00:00,19.89,78.5
2025,05-Feb 1am,162866.79,05-02-2025 01:00,19.83,77.98
2025,05-Feb 2am,160137.98,05-02-2025 02:00,20.1,79.87
2025,05-Feb 3am,158398.19,05-02-2025 03:00,20.37,76.97
2025,05-Feb 4am,158879.01,05-02-2025 04:00,19.55,77.51
2025,05-Feb 5am,166012.65,05-02-2025 05:00,19.89,79.83
2025,05-Feb 6am,179322.05,05-02-2025 06:00,21.66,70.07
2025,05-Feb 7am,198645.03,05-02-2025 07:00,22.2,41.34
2025,05-Feb 8am,209649.15,05-02-2025 08:00,21.61,77.39
2025,05-Feb 9am,222335.17,05-02-2025 09:00,25.16,64.18
2025,05-Feb 10am,230052.12,05-02-2025 10:00,24.79,63.84
2025,05-Feb 11am,228984.53,05-02-2025 11:00,24.7,63.42
2025,05-Feb 12pm,224735.38,05-02-2025 12:00,28.44,44.46
2025,05-Feb 1pm,217123.41,05-02-2025 13:00,27.52,60.37
2025,05-Feb 2pm,211994.48,05-02-2025 14:00,27.94,55.07
2025,05-Feb 3pm,213118.82,05-02-2025 15:00,28.52,35.11
2025,05-Feb 4pm,209530.74,05-02-2025 16:00,28.98,40.45
2025,05-Feb 5pm,205748.88,05-02-2025 17:00,29,49.35
2025,05-Feb 6pm,201939.04,05-02-2025 18:00,25.82,59.51
2025,05-Feb 7pm,203522.3,05-02-2025 19:00,25.63,59
2025,05-Feb 8pm,192875.02,05-02-2025 20:00,25.88,64.18
2025,05-Feb 9pm,182309.73,05-02-2025 21:00,23.17,58.59
2025,05-Feb 10pm,174179.88,05-02-2025 22:00,23.28,63.56
2025,05-Feb 11pm,171456.22,05-02-2025 23:00,23.03,64.03
2025,06-Feb 12am,165918.62,06-02-2025 00:00,20.09,75
2025,06-Feb 1am,169923.69,06-02-2025 01:00,19.7,74.47
2025,06-Feb 2am,161090.44,06-02-2025 02:00,19.79,77.61
2025,06-Feb 3am,159446.06,06-02-2025 03:00,19.66,77.08
2025,06-Feb 4am,159799.64,06-02-2025 04:00,19.75,73.29
2025,06-Feb 5am,166863.32,06-02-2025 05:00,19.72,71.03
2025,06-Feb 6am,179544.99,06-02-2025 06:00,22.02,37.65
2025,06-Feb 7am,203764.26,06-02-2025 07:00,22.06,36.31
2025,06-Feb 8am,215731.72,06-02-2025 08:00,22.44,37.95
2025,06-Feb 9am,225048.09,06-02-2025 09:00,24.7,57.62
2025,06-Feb 10am,232224.15,06-02-2025 10:00,25.14,61.38
2025,06-Feb 11am,228125.16,06-02-2025 11:00,25.32,64.54
2025,06-Feb 12pm,221505.27,06-02-2025 12:00,28.06,41.86
2025,06-Feb 1pm,216068.29,06-02-2025 13:00,27.76,64.27
2025,06-Feb 2pm,210715.81,06-02-2025 14:00,27.76,62.84
2025,06-Feb 3pm,211382.08,06-02-2025 15:00,28.54,42.28
2025,06-Feb 4pm,209543.31,06-02-2025 16:00,28.81,39.14
2025,06-Feb 5pm,205090.34,06-02-2025 17:00,29.24,48.25
2025,06-Feb 6pm,203059.73,06-02-2025 18:00,25.55,63.46
2025,06-Feb 7pm,206214.84,06-02-2025 19:00,25.72,64.05
2025,06-Feb 8pm,194940.84,06-02-2025 20:00,26.21,59.52
2025,06-Feb 9pm,184042.47,06-02-2025 21:00,23.28,55.09
2025,06-Feb 10pm,175853.99,06-02-2025 22:00,22.96,42.93
2025,06-Feb 11pm,171861.66,06-02-2025 23:00,23.2,57.85
2025,07-Feb 12am,165268.79,07-02-2025 00:00,19.89,70.1
2025,07-Feb 1am,163591.34,07-02-2025 01:00,19.66,78.05
2025,07-Feb 2am,159973.09,07-02-2025 02:00,19.9,75.17
2025,07-Feb 3am,158489.64,07-02-2025 03:00,20.08,76.85
2025,07-Feb 4am,159204.96,07-02-2025 04:00,20.45,79.15
2025,07-Feb 5am,166304.28,07-02-2025 05:00,19.57,75.41
2025,07-Feb 6am,179987.07,07-02-2025 06:00,22.01,40.03
2025,07-Feb 7am,205376.51,07-02-2025 07:00,21.83,72.91
2025,07-Feb 8am,219770.39,07-02-2025 08:00,22.01,38.05
2025,07-Feb 9am,228746.84,07-02-2025 09:00,24.52,62.97
2025,07-Feb 10am,235653.05,07-02-2025 10:00,24.81,59.49
2025,07-Feb 11am,232220.32,07-02-2025 11:00,25.32,56.64
2025,07-Feb 12pm,226925.53,07-02-2025 12:00,28.05,35.95
2025,07-Feb 1pm,218516.89,07-02-2025 13:00,27.95,59.73
2025,07-Feb 2pm,213001.92,07-02-2025 14:00,27.79,59.65
2025,07-Feb 3pm,211408.51,07-02-2025 15:00,28.8,41.53
2025,07-Feb 4pm,209516.19,07-02-2025 16:00,28.88,39.71
2025,07-Feb 5pm,205967.1,07-02-2025 17:00,29.34,46.43
2025,07-Feb 6pm,202334.97,07-02-2025 18:00,26.47,60.08
2025,07-Feb 7pm,205785.48,07-02-2025 19:00,25.94,64.07
2025,07-Feb 8pm,193124.09,07-02-2025 20:00,25.89,56.59
2025,07-Feb 9pm,183603.34,07-02-2025 21:00,23.35,61.9
2025,07-Feb 10pm,174772.12,07-02-2025 22:00,22.93,40.94
2025,07-Feb 11pm,170915.92,07-02-2025 23:00,23.05,62.49
2025,08-Feb 12am,165096.93,08-02-2025 00:00,19.73,71.51
2025,08-Feb 1am,163930.6,08-02-2025 01:00,20.24,79.42
2025,08-Feb 2am,160923.99,08-02-2025 02:00,20.03,76.21
2025,08-Feb 3am,159614.41,08-02-2025 03:00,20.31,78.47
2025,08-Feb 4am,159961.66,08-02-2025 04:00,20.28,72.47
2025,08-Feb 5am,166701.4,08-02-2025 05:00,19.72,77.39
2025,08-Feb 6am,179216.55,08-02-2025 06:00,22.22,42.81
2025,08-Feb 7am,200419.93,08-02-2025 07:00,22.3,38.97
2025,08-Feb 8am,213965.66,08-02-2025 08:00,21.85,73.84
2025,08-Feb 9am,225007.35,08-02-2025 09:00,24.67,61.58
2025,08-Feb 10am,231671.15,08-02-2025 10:00,24.5,55.93
2025,08-Feb 11am,229777.88,08-02-2025 11:00,24.95,62.36
2025,08-Feb 12pm,225102.64,08-02-2025 12:00,27.85,55.43
2025,08-Feb 1pm,218145.82,08-02-2025 13:00,28.05,36.91
2025,08-Feb 2pm,213892.34,08-02-2025 14:00,27.69,61.64
2025,08-Feb 3pm,215054.54,08-02-2025 15:00,29.36,45.98
2025,08-Feb 4pm,213194.46,08-02-2025 16:00,28.76,44.72
2025,08-Feb 5pm,209311.49,08-02-2025 17:00,28.73,43.68
2025,08-Feb 6pm,202889.5,08-02-2025 18:00,25.98,61.26
2025,08-Feb 7pm,204023.95,08-02-2025 19:00,26,63.19
2025,08-Feb 8pm,192309.94,08-02-2025 20:00,25.72,63.88
2025,08-Feb 9pm,182181.27,08-02-2025 21:00,22.77,37.59
2025,08-Feb 10pm,174396.99,08-02-2025 22:00,22.67,43.49
2025,08-Feb 11pm,172008.43,08-02-2025 23:00,23.22,56.95
2025,09-Feb 12am,166209.18,09-02-2025 00:00,20.27,74.13
2025,09-Feb 1am,164548.84,09-02-2025 01:00,19.96,75.58
2025,09-Feb 2am,161824.33,09-02-2025 02:00,20.21,77.14
2025,09-Feb 3am,159857.77,09-02-2025 03:00,20.24,70.3
2025,09-Feb 4am,160038.21,09-02-2025 04:00,19.64,72.91
2025,09-Feb 5am,165649.96,09-02-2025 05:00,20.47,76.09
2025,09-Feb 6am,175445.39,09-02-2025 06:00,22.32,38.57
2025,09-Feb 7am,191594.05,09-02-2025 07:00,21.7,77.75
2025,09-Feb 8am,205885.6,09-02-2025 08:00,21.69,76.52
2025,09-Feb 9am,217101.8,09-02-2025 09:00,24.63,57.34
2025,09-Feb 10am,225871.66,09-02-2025 10:00,24.64,56.46
2025,09-Feb 11am,223769.39,09-02-2025 11:00,25.25,61.29
2025,09-Feb 12pm,220776.21,09-02-2025 12:00,27.97,59.5
2025,09-Feb 1pm,213773.82,09-02-2025 13:00,28.28,36.69
2025,09-Feb 2pm,206039.7,09-02-2025 14:00,28.25,38.26
2025,09-Feb 3pm,203659.65,09-02-2025 15:00,29.1,48.03
2025,09-Feb 4pm,197786.38,09-02-2025 16:00,29.19,46.08
2025,09-Feb 5pm,193543.63,09-02-2025 17:00,28.52,40.47
2025,09-Feb 6pm,188900.17,09-02-2025 18:00,25.81,62.64
2025,09-Feb 7pm,193157.54,09-02-2025 19:00,26.14,60.75
2025,09-Feb 8pm,182987.25,09-02-2025 20:00,25.51,63.26
2025,09-Feb 9pm,174586.92,09-02-2025 21:00,22.53,36.28
2025,09-Feb 10pm,167625.8,09-02-2025 22:00,23.35,59.36
2025,09-Feb 11pm,164504.09,09-02-2025 23:00,23.18,61.09
2025,10-Feb 12am,159490.57,10-02-2025 00:00,19.77,76.76
2025,10-Feb 1am,158918.47,10-02-2025 01:00,20.19,76.96
2025,10-Feb 2am,155214.48,10-02-2025 02:00,20.29,77.29
2025,10-Feb 3am,154002.76,10-02-2025 03:00,19.81,76.51
2025,10-Feb 4am,155053.59,10-02-2025 04:00,19.54,70.94
2025,10-Feb 5am,162720.91,10-02-2025 05:00,20.43,76.95
2025,10-Feb 6am,177846.71,10-02-2025 06:00,21.85,77.25
2025,10-Feb 7am,199719.09,10-02-2025 07:00,21.61,79.93
2025,10-Feb 8am,211085.11,10-02-2025 08:00,21.99,76.93
2025,10-Feb 9am,222758.67,10-02-2025 09:00,25.27,61.87
2025,10-Feb 10am,232837.54,10-02-2025 10:00,24.72,60.15
2025,10-Feb 11am,232623.29,10-02-2025 11:00,24.77,63.68
2025,10-Feb 12pm,228923.94,10-02-2025 12:00,27.74,64.97
2025,10-Feb 1pm,221921.94,10-02-2025 13:00,28.49,42.79
2025,10-Feb 2pm,215412.03,10-02-2025 14:00,27.7,61.13
2025,10-Feb 3pm,216528.08,10-02-2025 15:00,29.08,45.79
2025,10-Feb 4pm,214481.99,10-02-2025 16:00,29.43,52.27
2025,10-Feb 5pm,209631.48,10-02-2025 17:00,28.65,42.09
2025,10-Feb 6pm,201593.69,10-02-2025 18:00,26.47,62.76
2025,10-Feb 7pm,203320.04,10-02-2025 19:00,26.45,56.25
2025,10-Feb 8pm,193301.76,10-02-2025 20:00,26.38,61.54
2025,10-Feb 9pm,183834.56,10-02-2025 21:00,22.71,37.96
2025,10-Feb 10pm,175839.37,10-02-2025 22:00,23.13,62.6
2025,10-Feb 11pm,172728.45,10-02-2025 23:00,23.26,57.4
2025,11-Feb 12am,167080.79,11-02-2025 00:00,20.49,76.84
2025,11-Feb 1am,165860.26,11-02-2025 01:00,19.68,72.95
2025,11-Feb 2am,162718.76,11-02-2025 02:00,20.27,70.09
2025,11-Feb 3am,161344.09,11-02-2025 03:00,19.84,76.33
2025,11-Feb 4am,161049.62,11-02-2025 04:00,19.68,71.13
2025,11-Feb 5am,168319.81,11-02-2025 05:00,19.92,76.59
2025,11-Feb 6am,181288.12,11-02-2025 06:00,22.29,44.26
2025,11-Feb 7am,201641.77,11-02-2025 07:00,21.96,79.69
2025,11-Feb 8am,211536.08,11-02-2025 08:00,22.04,37.36
2025,11-Feb 9am,224343.04,11-02-2025 09:00,25.5,63.09
2025,11-Feb 10am,232637.88,11-02-2025 10:00,24.9,58.54
2025,11-Feb 11am,231161.63,11-02-2025 11:00,25.12,64
2025,11-Feb 12pm,228088.85,11-02-2025 12:00,27.87,62.87
2025,11-Feb 1pm,222438.38,11-02-2025 13:00,27.89,55.74
2025,11-Feb 2pm,216436.53,11-02-2025 14:00,28.2,39.07
2025,11-Feb 3pm,217781.1,11-02-2025 15:00,29.44,48.37
2025,11-Feb 4pm,215509.67,11-02-2025 16:00,29.04,52.85
2025,11-Feb 5pm,210985.22,11-02-2025 17:00,29.27,49.1
2025,11-Feb 6pm,204230.89,11-02-2025 18:00,25.59,61.85
2025,11-Feb 7pm,204444.47,11-02-2025 19:00,25.71,61.02
2025,11-Feb 8pm,194931.41,11-02-2025 20:00,26,64.76
2025,11-Feb 9pm,184395.66,11-02-2025 21:00,22.52,44.38
2025,11-Feb 10pm,176879.58,11-02-2025 22:00,22.75,39.28
2025,11-Feb 11pm,173890.29,11-02-2025 23:00,23.02,62.24
2025,12-Feb 12am,169100.81,12-02-2025 00:00,19.51,78.29
2025,12-Feb 1am,167411.39,12-02-2025 01:00,19.76,78.99
2025,12-Feb 2am,164711.25,12-02-2025 02:00,20.01,70.68
2025,12-Feb 3am,162698.68,12-02-2025 03:00,20.07,73.02
2025,12-Feb 4am,163413.67,12-02-2025 04:00,20.43,73.2
2025,12-Feb 5am,170966.36,12-02-2025 05:00,20.15,74.34
2025,12-Feb 6am,183056.32,12-02-2025 06:00,21.91,71.69
2025,12-Feb 7am,203795.8,12-02-2025 07:00,22.43,39.96
2025,12-Feb 8am,213627.59,12-02-2025 08:00,22.28,41.63
2025,12-Feb 9am,223629.44,12-02-2025 09:00,24.7,59.97
2025,12-Feb 10am,234987.55,12-02-2025 10:00,24.63,61.66
2025,12-Feb 11am,234266.47,12-02-2025 11:00,25.18,55.66
2025,12-Feb 12pm,230286.5,12-02-2025 12:00,28.06,43.76
2025,12-Feb 1pm,221579.47,12-02-2025 13:00,28.29,44.39
2025,12-Feb 2pm,214711.4,12-02-2025 14:00,28.24,41.18
2025,12-Feb 3pm,215785.11,12-02-2025 15:00,29.13,53.81
2025,12-Feb 4pm,212984.39,12-02-2025 16:00,29.49,46.31
2025,12-Feb 5pm,210629.09,12-02-2025 17:00,29.03,52.97
2025,12-Feb 6pm,204259.16,12-02-2025 18:00,25.61,56.19
2025,12-Feb 7pm,204736.44,12-02-2025 19:00,26.33,59.08
2025,12-Feb 8pm,194786.68,12-02-2025 20:00,25.75,58.24
2025,12-Feb 9pm,183949.15,12-02-2025 21:00,23.28,60.86
2025,12-Feb 10pm,177200.86,12-02-2025 22:00,23.46,58.02
2025,12-Feb 11pm,174900.63,12-02-2025 23:00,23.2,61.37
2025,13-Feb 12am,169001.39,13-02-2025 00:00,20.1,73.67
2025,13-Feb 1am,168329.48,13-02-2025 01:00,19.96,78.61
2025,13-Feb 2am,164930.42,13-02-2025 02:00,19.86,76.34
2025,13-Feb 3am,163519.74,13-02-2025 03:00,19.85,72.15
2025,13-Feb 4am,163787,13-02-2025 04:00,20.14,73.36
2025,13-Feb 5am,170683.43,13-02-2025 05:00,20.25,78.47
2025,13-Feb 6am,182793.81,13-02-2025 06:00,22.18,38.86
2025,13-Feb 7am,204030.04,13-02-2025 07:00,21.7,75.36
2025,13-Feb 8am,213489.81,13-02-2025 08:00,21.99,76.49
2025,13-Feb 9am,223932.46,13-02-2025 09:00,25.29,58.48
2025,13-Feb 10am,232706.09,13-02-2025 10:00,24.98,57.94
2025,13-Feb 11am,230243.18,13-02-2025 11:00,25.04,59.75
2025,13-Feb 12pm,222191.77,13-02-2025 12:00,28.27,37.15
2025,13-Feb 1pm,215180.04,13-02-2025 13:00,28.16,37.84
2025,13-Feb 2pm,210179.74,13-02-2025 14:00,27.91,55.62
2025,13-Feb 3pm,212058.86,13-02-2025 15:00,29.4,48.04
2025,13-Feb 4pm,210057.98,13-02-2025 16:00,28.66,38.21
2025,13-Feb 5pm,209250.58,13-02-2025 17:00,29.5,54.62
2025,13-Feb 6pm,202780.22,13-02-2025 18:00,25.62,60.9
2025,13-Feb 7pm,204462.91,13-02-2025 19:00,25.51,62.87
2025,13-Feb 8pm,196400.57,13-02-2025 20:00,26.39,55.45
2025,13-Feb 9pm,185647.58,13-02-2025 21:00,22.74,36.07
2025,13-Feb 10pm,177575.98,13-02-2025 22:00,23.23,63.15
2025,13-Feb 11pm,175007.69,13-02-2025 23:00,23.31,61.24
2025,14-Feb 12am,169557.05,14-02-2025 00:00,20.36,71.91
2025,14-Feb 1am,168272.35,14-02-2025 01:00,20.49,74.05
2025,14-Feb 2am,164926,14-02-2025 02:00,19.79,75.39
2025,14-Feb 3am,163381.43,14-02-2025 03:00,20.21,78.44
2025,14-Feb 4am,163846.37,14-02-2025 04:00,19.62,70.6
2025,14-Feb 5am,171547.09,14-02-2025 05:00,19.91,75.97
2025,14-Feb 6am,183337.36,14-02-2025 06:00,22.35,42.17
2025,14-Feb 7am,204826.25,14-02-2025 07:00,21.87,79.78
2025,14-Feb 8am,213498.75,14-02-2025 08:00,22.09,43.07
2025,14-Feb 9am,224397.29,14-02-2025 09:00,25,57.76
2025,14-Feb 10am,231803.21,14-02-2025 10:00,25.15,62.1
2025,14-Feb 11am,231485.9,14-02-2025 11:00,25.47,62.63
2025,14-Feb 12pm,225350.13,14-02-2025 12:00,27.56,62.3
2025,14-Feb 1pm,217814.54,14-02-2025 13:00,28.07,43.2
2025,14-Feb 2pm,210659.39,14-02-2025 14:00,28.36,44.04
2025,14-Feb 3pm,209983.74,14-02-2025 15:00,28.98,35.98
2025,14-Feb 4pm,211206.76,14-02-2025 16:00,28.58,36.05
2025,14-Feb 5pm,212446.8,14-02-2025 17:00,29.06,52.96
2025,14-Feb 6pm,203235.22,14-02-2025 18:00,25.83,57.52
2025,14-Feb 7pm,204924.87,14-02-2025 19:00,25.65,55.59
2025,14-Feb 8pm,195722.14,14-02-2025 20:00,26.35,59.01
2025,14-Feb 9pm,184575.9,14-02-2025 21:00,23.02,63.2
2025,14-Feb 10pm,177157,14-02-2025 22:00,23.43,56.27
2025,14-Feb 11pm,175007.23,14-02-2025 23:00,23.31,61.72
2025,15-Feb 12am,169339.7,15-02-2025 00:00,20.19,70.04
2025,15-Feb 1am,167842.94,15-02-2025 01:00,19.51,71.1
2025,15-Feb 2am,164558.77,15-02-2025 02:00,19.93,73.51
2025,15-Feb 3am,162432.42,15-02-2025 03:00,19.7,70.84
2025,15-Feb 4am,162683.24,15-02-2025 04:00,20.41,78.46
2025,15-Feb 5am,169762.8,15-02-2025 05:00,19.67,78.64
2025,15-Feb 6am,183266.93,15-02-2025 06:00,21.79,77.56
2025,15-Feb 7am,202491.01,15-02-2025 07:00,22.02,37.42
2025,15-Feb 8am,212328.17,15-02-2025 08:00,21.76,75.23
2025,15-Feb 9am,222983.85,15-02-2025 09:00,24.71,56.84
2025,15-Feb 10am,232009.6,15-02-2025 10:00,25.1,57.81
2025,15-Feb 11am,230022.06,15-02-2025 11:00,24.59,60.16
2025,15-Feb 12pm,223732.81,15-02-2025 12:00,27.56,62.35
2025,15-Feb 1pm,217132.4,15-02-2025 13:00,27.87,55.95
2025,15-Feb 2pm,212134.27,15-02-2025 14:00,28.22,37.97
2025,15-Feb 3pm,214052.96,15-02-2025 15:00,29.05,54.27
2025,15-Feb 4pm,211527.32,15-02-2025 16:00,28.92,39.29
2025,15-Feb 5pm,206914.25,15-02-2025 17:00,29.07,54.39
2025,15-Feb 6pm,200222.07,15-02-2025 18:00,25.87,64.91
2025,15-Feb 7pm,204884.85,15-02-2025 19:00,26.44,60.27
2025,15-Feb 8pm,194730.36,15-02-2025 20:00,25.55,57.88
2025,15-Feb 9pm,183177.12,15-02-2025 21:00,23.17,62.91
2025,15-Feb 10pm,175798.98,15-02-2025 22:00,23.39,56.59
2025,15-Feb 11pm,174001.92,15-02-2025 23:00,23.3,57.52
2025,16-Feb 12am,169025.83,16-02-2025 00:00,19.68,77.85
2025,16-Feb 1am,167892.25,16-02-2025 01:00,19.8,74.34
2025,16-Feb 2am,164661.48,16-02-2025 02:00,20.22,72.02
2025,16-Feb 3am,163390.26,16-02-2025 03:00,19.58,76.51
2025,16-Feb 4am,163313.7,16-02-2025 04:00,20.31,77.33
2025,16-Feb 5am,168845.77,16-02-2025 05:00,20.22,71.25
2025,16-Feb 6am,177897.24,16-02-2025 06:00,22.23,37.77
2025,16-Feb 7am,193597.21,16-02-2025 07:00,21.6,72.21
2025,16-Feb 8am,203977.09,16-02-2025 08:00,22.22,38.8
2025,16-Feb 9am,214368.93,16-02-2025 09:00,25.18,62.63
2025,16-Feb 10am,223504.62,16-02-2025 10:00,25.33,62.14
2025,16-Feb 11am,221215.72,16-02-2025 11:00,24.54,61.63
2025,16-Feb 12pm,216945.43,16-02-2025 12:00,27.52,55.06
2025,16-Feb 1pm,211477.06,16-02-2025 13:00,27.87,56.42
2025,16-Feb 2pm,205565.82,16-02-2025 14:00,27.65,57.23
2025,16-Feb 3pm,201908.54,16-02-2025 15:00,29.06,47.72
2025,16-Feb 4pm,199811.24,16-02-2025 16:00,29.42,46.46
2025,16-Feb 5pm,195955.27,16-02-2025 17:00,28.89,39.1
2025,16-Feb 6pm,189772.16,16-02-2025 18:00,26.34,55.75
2025,16-Feb 7pm,193006.45,16-02-2025 19:00,25.5,62.5
2025,16-Feb 8pm,183684.38,16-02-2025 20:00,25.67,62.88
2025,16-Feb 9pm,174411.08,16-02-2025 21:00,22.53,40.74
2025,16-Feb 10pm,168640.72,16-02-2025 22:00,22.83,35.9
2025,16-Feb 11pm,167576.22,16-02-2025 23:00,23.41,63.9
2025,17-Feb 12am,162983.91,17-02-2025 00:00,19.6,79.66
2025,17-Feb 1am,162528.69,17-02-2025 01:00,20.11,72.02
2025,17-Feb 2am,159774.65,17-02-2025 02:00,19.95,77.05
2025,17-Feb 3am,157999.54,17-02-2025 03:00,20.44,78.42
2025,17-Feb 4am,159112.8,17-02-2025 04:00,19.62,75.4
2025,17-Feb 5am,166313.92,17-02-2025 05:00,19.71,73.23
2025,17-Feb 6am,180692.97,17-02-2025 06:00,21.53,74.79
2025,17-Feb 7am,201705.05,17-02-2025 07:00,21.93,75.12
2025,17-Feb 8am,211973.69,17-02-2025 08:00,21.78,74.01
2025,17-Feb 9am,221562.31,17-02-2025 09:00,25.37,64.3
2025,17-Feb 10am,223546.62,17-02-2025 10:00,25.1,62.44
2025,17-Feb 11am,230073.12,17-02-2025 11:00,25.11,57.41
2025,17-Feb 12pm,225232.47,17-02-2025 12:00,28.03,40.86
2025,17-Feb 1pm,220083.21,17-02-2025 13:00,27.59,61.89
2025,17-Feb 2pm,215574.68,17-02-2025 14:00,27.95,56.4
2025,17-Feb 3pm,216623.78,17-02-2025 15:00,29.5,48.58
2025,17-Feb 4pm,214710.37,17-02-2025 16:00,29.34,54.06
2025,17-Feb 5pm,211088.31,17-02-2025 17:00,29.39,50.67
2025,17-Feb 6pm,203729.71,17-02-2025 18:00,26.32,57.17
2025,17-Feb 7pm,204762.38,17-02-2025 19:00,25.6,56.23
2025,17-Feb 8pm,196825.22,17-02-2025 20:00,25.73,60.18
2025,17-Feb 9pm,185837.83,17-02-2025 21:00,22.5,40.48
2025,17-Feb 10pm,178467.35,17-02-2025 22:00,22.8,38.34
2025,17-Feb 11pm,176855.22,17-02-2025 23:00,22.61,41.3
2025,18-Feb 12am,171408.14,18-02-2025 00:00,19.97,70.69
2025,18-Feb 1am,170348.95,18-02-2025 01:00,20.18,71.45
2025,18-Feb 2am,167516.06,18-02-2025 02:00,20.37,75.46
2025,18-Feb 3am,165575.98,18-02-2025 03:00,20.25,70.62
2025,18-Feb 4am,165720.45,18-02-2025 04:00,20.44,78.81
2025,18-Feb 5am,172257.88,18-02-2025 05:00,19.55,71.42
2025,18-Feb 6am,185474.73,18-02-2025 06:00,21.51,76.74
2025,18-Feb 7am,204781.66,18-02-2025 07:00,22.16,38.91
2025,18-Feb 8am,212796.5,18-02-2025 08:00,21.79,74
2025,18-Feb 9am,222128.03,18-02-2025 09:00,24.75,62.65
2025,18-Feb 10am,231441.79,18-02-2025 10:00,24.83,59.99
2025,18-Feb 11am,233087.52,18-02-2025 11:00,24.77,62.26
2025,18-Feb 12pm,227587.6,18-02-2025 12:00,28.01,40.05
2025,18-Feb 1pm,221758.56,18-02-2025 13:00,27.94,60.93
2025,18-Feb 2pm,216691.83,18-02-2025 14:00,28.01,42.61
2025,18-Feb 3pm,217845.45,18-02-2025 15:00,29.17,51.07
2025,18-Feb 4pm,214666.95,18-02-2025 16:00,28.89,41.16
2025,18-Feb 5pm,210612.4,18-02-2025 17:00,28.75,42.89
2025,18-Feb 6pm,203598.44,18-02-2025 18:00,25.67,64.49
2025,18-Feb 7pm,204998.66,18-02-2025 19:00,25.85,58.77
2025,18-Feb 8pm,196471.4,18-02-2025 20:00,26.24,60.77
2025,18-Feb 9pm,185973.06,18-02-2025 21:00,23.26,55.86
2025,18-Feb 10pm,179540.98,18-02-2025 22:00,23.17,58.59
2025,18-Feb 11pm,177821.02,18-02-2025 23:00,22.73,39.12
2025,19-Feb 12am,173180.22,19-02-2025 00:00,20.09,78.35
2025,19-Feb 1am,171855.19,19-02-2025 01:00,20.07,75.13
2025,19-Feb 2am,168554.5,19-02-2025 02:00,19.98,77.31
2025,19-Feb 3am,166974.62,19-02-2025 03:00,20.05,70.19
2025,19-Feb 4am,166774.58,19-02-2025 04:00,19.99,74.64
2025,19-Feb 5am,173521.24,19-02-2025 05:00,20.07,79.01
2025,19-Feb 6am,185789.65,19-02-2025 06:00,22.22,37.24
2025,19-Feb 7am,205820.08,19-02-2025 07:00,21.61,70.32
2025,19-Feb 8am,214113.09,19-02-2025 08:00,22.25,39.33
2025,19-Feb 9am,222446.88,19-02-2025 09:00,24.64,62.04
2025,19-Feb 10am,234081.86,19-02-2025 10:00,24.57,59.54
2025,19-Feb 11am,233420.8,19-02-2025 11:00,25.48,59.6
2025,19-Feb 12pm,224443.95,19-02-2025 12:00,28.46,41.7
2025,19-Feb 1pm,218996.55,19-02-2025 13:00,27.56,57.54
2025,19-Feb 2pm,215107.93,19-02-2025 14:00,27.94,62.52
2025,19-Feb 3pm,215942.41,19-02-2025 15:00,28.69,36.53
2025,19-Feb 4pm,214573.91,19-02-2025 16:00,28.99,38.96
2025,19-Feb 5pm,212172.11,19-02-2025 17:00,29.33,51.56
2025,19-Feb 6pm,204801.43,19-02-2025 18:00,26.45,63.28
2025,19-Feb 7pm,206560.48,19-02-2025 19:00,26.13,62.92
2025,19-Feb 8pm,196547.77,19-02-2025 20:00,25.85,62.22
2025,19-Feb 9pm,185905.57,19-02-2025 21:00,23.1,58.59
2025,19-Feb 10pm,179311.17,19-02-2025 22:00,22.81,36.22
2025,19-Feb 11pm,177733.3,19-02-2025 23:00,23.41,57.17
2025,20-Feb 12am,172851.44,20-02-2025 00:00,20.37,78.65
2025,20-Feb 1am,171201.79,20-02-2025 01:00,20.06,78.57
2025,20-Feb 2am,167061.58,20-02-2025 02:00,19.82,79.52
2025,20-Feb 3am,164077.83,20-02-2025 03:00,19.79,70.76
2025,20-Feb 4am,163136.37,20-02-2025 04:00,19.53,75.37
2025,20-Feb 5am,168199.82,20-02-2025 05:00,20.32,76.49
2025,20-Feb 6am,178620.46,20-02-2025 06:00,21.95,77.11
2025,20-Feb 7am,198618.53,20-02-2025 07:00,21.83,76.44
2025,20-Feb 8am,208971.83,20-02-2025 08:00,21.97,77.7
2025,20-Feb 9am,217349.03,20-02-2025 09:00,25.32,58.59
2025,20-Feb 10am,225915.45,20-02-2025 10:00,24.62,56.79
2025,20-Feb 11am,222516.69,20-02-2025 11:00,25.36,57.05
2025,20-Feb 12pm,216985.05,20-02-2025 12:00,28.4,35.12
2025,20-Feb 1pm,210069.18,20-02-2025 13:00,28.45,38.5
2025,20-Feb 2pm,207181.19,20-02-2025 14:00,27.9,55.92
2025,20-Feb 3pm,210231.73,20-02-2025 15:00,28.72,38.21
2025,20-Feb 4pm,210195.04,20-02-2025 16:00,28.87,41.28
2025,20-Feb 5pm,208116.33,20-02-2025 17:00,28.83,43.94
2025,20-Feb 6pm,202850.69,20-02-2025 18:00,25.68,63.4
2025,20-Feb 7pm,203906.23,20-02-2025 19:00,26.11,57.53
2025,20-Feb 8pm,194793.4,20-02-2025 20:00,25.98,56.34
2025,20-Feb 9pm,184578.7,20-02-2025 21:00,23.37,56.93
2025,20-Feb 10pm,178264.81,20-02-2025 22:00,22.53,44.71
2025,20-Feb 11pm,176012.85,20-02-2025 23:00,23.14,60.49
2025,21-Feb 12am,171290.2,21-02-2025 00:00,20.26,71.83
2025,21-Feb 1am,170254.04,21-02-2025 01:00,20.26,78.41
2025,21-Feb 2am,166754.06,21-02-2025 02:00,20.39,73.95
2025,21-Feb 3am,164707.54,21-02-2025 03:00,20.23,78.99
2025,21-Feb 4am,164813.32,21-02-2025 04:00,20.43,72.61
2025,21-Feb 5am,170917.4,21-02-2025 05:00,19.83,73.93
2025,21-Feb 6am,183283.44,21-02-2025 06:00,22,75.05
2025,21-Feb 7am,204172.19,21-02-2025 07:00,21.51,78.93
2025,21-Feb 8am,212396.28,21-02-2025 08:00,21.51,78.69
2025,21-Feb 9am,221319.96,21-02-2025 09:00,24.74,60.74
2025,21-Feb 10am,229972.24,21-02-2025 10:00,24.6,57.22
2025,21-Feb 11am,228297.13,21-02-2025 11:00,24.76,59.03
2025,21-Feb 12pm,223569.85,21-02-2025 12:00,27.68,64.76
2025,21-Feb 1pm,217615.24,21-02-2025 13:00,27.53,61.08
2025,21-Feb 2pm,212070.95,21-02-2025 14:00,28.41,42.81
2025,21-Feb 3pm,214608.63,21-02-2025 15:00,28.51,39.5
2025,21-Feb 4pm,213211.89,21-02-2025 16:00,29.24,50.32
2025,21-Feb 5pm,209393.13,21-02-2025 17:00,28.65,39.29
2025,21-Feb 6pm,202918.88,21-02-2025 18:00,26.41,62.03
2025,21-Feb 7pm,204956.81,21-02-2025 19:00,26.39,63.51
2025,21-Feb 8pm,196408.24,21-02-2025 20:00,26.15,60.07
2025,21-Feb 9pm,186802.91,21-02-2025 21:00,23.17,59.81
2025,21-Feb 10pm,180262.08,21-02-2025 22:00,22.51,38.4
2025,21-Feb 11pm,179417.05,21-02-2025 23:00,23.48,56.77
2025,22-Feb 12am,174849.47,22-02-2025 00:00,20.38,79.39
2025,22-Feb 1am,173942.98,22-02-2025 01:00,20.4,73.16
2025,22-Feb 2am,169832.37,22-02-2025 02:00,20.16,78.01
2025,22-Feb 3am,168334.03,22-02-2025 03:00,19.84,77.15
2025,22-Feb 4am,167606.7,22-02-2025 04:00,20.39,77.91
2025,22-Feb 5am,174211.82,22-02-2025 05:00,19.79,79.37
2025,22-Feb 6am,184700.28,22-02-2025 06:00,22.06,41.23
2025,22-Feb 7am,202101.39,22-02-2025 07:00,21.6,78.98
2025,22-Feb 8am,210236.07,22-02-2025 08:00,22.42,36.68
2025,22-Feb 9am,220184.18,22-02-2025 09:00,24.64,61.27
2025,22-Feb 10am,227735.07,22-02-2025 10:00,24.72,62.72
2025,22-Feb 11am,225810.06,22-02-2025 11:00,25.06,57.72
2025,22-Feb 12pm,220726.82,22-02-2025 12:00,28.26,42.41
2025,22-Feb 1pm,214325.31,22-02-2025 13:00,28.12,42.78
2025,22-Feb 2pm,210333.22,22-02-2025 14:00,27.73,63.31
2025,22-Feb 3pm,212671.93,22-02-2025 15:00,28.5,38.13
2025,22-Feb 4pm,211941.72,22-02-2025 16:00,29.26,51.82
2025,22-Feb 5pm,207763.86,22-02-2025 17:00,29.49,48.04
2025,22-Feb 6pm,200783.87,22-02-2025 18:00,26.31,62.39
2025,22-Feb 7pm,203786.48,22-02-2025 19:00,25.96,59.63
2025,22-Feb 8pm,195738.32,22-02-2025 20:00,26.4,60.98
2025,22-Feb 9pm,186501.21,22-02-2025 21:00,22.91,39.16
2025,22-Feb 10pm,180336.71,22-02-2025 22:00,23.02,56.62
2025,22-Feb 11pm,179606.85,22-02-2025 23:00,22.98,36.78
2025,23-Feb 12am,174078.48,23-02-2025 00:00,19.95,70.78
2025,23-Feb 1am,173499.47,23-02-2025 01:00,20.28,76.18
2025,23-Feb 2am,169867.19,23-02-2025 02:00,20.03,78.49
2025,23-Feb 3am,167564.35,23-02-2025 03:00,19.82,70.21
2025,23-Feb 4am,167549.42,23-02-2025 04:00,19.76,70.66
2025,23-Feb 5am,172370.34,23-02-2025 05:00,19.54,74.57
2025,23-Feb 6am,181329.22,23-02-2025 06:00,22.08,42.38
2025,23-Feb 7am,194527.4,23-02-2025 07:00,21.73,71.58
2025,23-Feb 8am,202074.6,23-02-2025 08:00,21.65,72.72
2025,23-Feb 9am,209658.08,23-02-2025 09:00,25.15,57.32
2025,23-Feb 10am,216824.76,23-02-2025 10:00,25.18,58.99
2025,23-Feb 11am,215351.92,23-02-2025 11:00,25.25,57.25
2025,23-Feb 12pm,210477.22,23-02-2025 12:00,28,58.53
2025,23-Feb 1pm,206767.61,23-02-2025 13:00,28.39,42.29
2025,23-Feb 2pm,200580.73,23-02-2025 14:00,28.44,41.11
2025,23-Feb 3pm,200042.03,23-02-2025 15:00,29.31,45.81
2025,23-Feb 4pm,197606.02,23-02-2025 16:00,29.14,51.38
2025,23-Feb 5pm,193136.43,23-02-2025 17:00,28.8,39.77
2025,23-Feb 6pm,186901.79,23-02-2025 18:00,26.48,64.35
2025,23-Feb 7pm,194398.67,23-02-2025 19:00,25.77,57.89
2025,23-Feb 8pm,185724.49,23-02-2025 20:00,25.7,62.26
2025,23-Feb 9pm,177287.29,23-02-2025 21:00,22.94,42.31
2025,23-Feb 10pm,171055.74,23-02-2025 22:00,22.56,37.22
2025,23-Feb 11pm,170027.75,23-02-2025 23:00,23.48,64.03
2025,24-Feb 12am,165088.41,24-02-2025 00:00,20.09,74.91
2025,24-Feb 1am,164666.54,24-02-2025 01:00,20.06,76.79
2025,24-Feb 2am,161525.29,24-02-2025 02:00,20.16,71.46
2025,24-Feb 3am,159840.94,24-02-2025 03:00,20,72.58
2025,24-Feb 4am,160373.11,24-02-2025 04:00,19.53,75.86
2025,24-Feb 5am,166963.5,24-02-2025 05:00,20.11,73.19
2025,24-Feb 6am,180258.84,24-02-2025 06:00,22.22,40
2025,24-Feb 7am,201506.12,24-02-2025 07:00,21.92,73.74
2025,24-Feb 8am,211756.85,24-02-2025 08:00,22.26,41.41
2025,24-Feb 9am,219570.1,24-02-2025 09:00,24.73,59.87
2025,24-Feb 10am,228060.72,24-02-2025 10:00,24.72,55.05
2025,24-Feb 11am,225393.93,24-02-2025 11:00,24.66,61.5
2025,24-Feb 12pm,219934.72,24-02-2025 12:00,27.87,59.22
2025,24-Feb 1pm,210749.98,24-02-2025 13:00,28.35,38.42
2025,24-Feb 2pm,207986.6,24-02-2025 14:00,28.33,35.94
2025,24-Feb 3pm,211316.18,24-02-2025 15:00,28.88,37.2
2025,24-Feb 4pm,210624.1,24-02-2025 16:00,29.09,47.24
2025,24-Feb 5pm,208581.14,24-02-2025 17:00,29.22,54.35
2025,24-Feb 6pm,199499.22,24-02-2025 18:00,25.74,59.33
2025,24-Feb 7pm,205628.91,24-02-2025 19:00,25.67,55.42
2025,24-Feb 8pm,195833.46,24-02-2025 20:00,26.47,56.39
2025,24-Feb 9pm,186100.9,24-02-2025 21:00,23.12,55.79
2025,24-Feb 10pm,180179.43,24-02-2025 22:00,23.48,60.89
2025,24-Feb 11pm,178763.42,24-02-2025 23:00,22.84,36.87
2025,25-Feb 12am,173692.27,25-02-2025 00:00,20.2,74.99
2025,25-Feb 1am,172217.26,25-02-2025 01:00,19.72,73.7
2025,25-Feb 2am,168800.08,25-02-2025 02:00,19.76,78.04
2025,25-Feb 3am,166881.09,25-02-2025 03:00,20.01,73.2
2025,25-Feb 4am,167249.56,25-02-2025 04:00,19.82,74.58
2025,25-Feb 5am,172878.14,25-02-2025 05:00,19.67,77.21
2025,25-Feb 6am,184913.07,25-02-2025 06:00,21.76,74.33
2025,25-Feb 7am,204640.84,25-02-2025 07:00,21.54,77.93
2025,25-Feb 8am,213044.54,25-02-2025 08:00,22.2,41.62
2025,25-Feb 9am,220648.6,25-02-2025 09:00,24.99,59.11
2025,25-Feb 10am,227503.79,25-02-2025 10:00,24.59,60.04
2025,25-Feb 11am,225106.33,25-02-2025 11:00,24.67,64.67
2025,25-Feb 12pm,222248.09,25-02-2025 12:00,27.6,61.62
2025,25-Feb 1pm,216306.61,25-02-2025 13:00,28.11,44.05
2025,25-Feb 2pm,210897.39,25-02-2025 14:00,27.59,56.79
2025,25-Feb 3pm,213414.01,25-02-2025 15:00,29.25,49.83
2025,25-Feb 4pm,212631.09,25-02-2025 16:00,28.52,44.09
2025,25-Feb 5pm,207917.29,25-02-2025 17:00,28.75,38.23
2025,25-Feb 6pm,200981.57,25-02-2025 18:00,26.39,64.68
2025,25-Feb 7pm,205106.19,25-02-2025 19:00,26.22,55.97
2025,25-Feb 8pm,196265.54,25-02-2025 20:00,25.57,64.03
2025,25-Feb 9pm,186794.47,25-02-2025 21:00,23.32,59.45
2025,25-Feb 10pm,180162.33,25-02-2025 22:00,22.99,35.74
2025,25-Feb 11pm,178781.12,25-02-2025 23:00,23.35,63.8
2025,26-Feb 12am,173873.19,26-02-2025 00:00,20.1,72.52
2025,26-Feb 1am,173088.25,26-02-2025 01:00,20.18,70.22
2025,26-Feb 2am,169497.42,26-02-2025 02:00,20.49,71.36
2025,26-Feb 3am,167616.14,26-02-2025 03:00,19.73,76.59
2025,26-Feb 4am,167417.78,26-02-2025 04:00,20.12,79.78
2025,26-Feb 5am,174598.54,26-02-2025 05:00,19.96,71.11
2025,26-Feb 6am,186027.68,26-02-2025 06:00,21.54,74.62
2025,26-Feb 7am,200994.14,26-02-2025 07:00,21.51,71.81
2025,26-Feb 8am,213207.8,26-02-2025 08:00,21.62,77.45
2025,26-Feb 9am,223715.94,26-02-2025 09:00,25.15,56.18
2025,26-Feb 10am,231951.56,26-02-2025 10:00,25.07,57.4
2025,26-Feb 11am,227532.5,26-02-2025 11:00,25.05,56.96
2025,26-Feb 12pm,220320.59,26-02-2025 12:00,27.53,60.53
2025,26-Feb 1pm,213496.27,26-02-2025 13:00,27.97,63.73
2025,26-Feb 2pm,208405.68,26-02-2025 14:00,28.42,40.11
2025,26-Feb 3pm,210856.51,26-02-2025 15:00,28.9,35.58
2025,26-Feb 4pm,208987.27,26-02-2025 16:00,29.12,50.63
2025,26-Feb 5pm,205487.13,26-02-2025 17:00,29.28,52.98
2025,26-Feb 6pm,195966.35,26-02-2025 18:00,26.28,56.32
2025,26-Feb 7pm,199417.32,26-02-2025 19:00,26.02,55.73
2025,26-Feb 8pm,188710.55,26-02-2025 20:00,26.36,56.88
2025,26-Feb 9pm,180219.28,26-02-2025 21:00,22.89,42.46
2025,26-Feb 10pm,174580.4,26-02-2025 22:00,23.39,60.92
2025,26-Feb 11pm,174366.81,26-02-2025 23:00,22.74,40.41
2025,27-Feb 12am,170918.94,27-02-2025 00:00,19.78,72.49
2025,27-Feb 1am,169568.45,27-02-2025 01:00,19.55,73.32
2025,27-Feb 2am,166811.08,27-02-2025 02:00,20.3,79.66
2025,27-Feb 3am,164873.44,27-02-2025 03:00,19.92,72.41
2025,27-Feb 4am,164348.75,27-02-2025 04:00,19.73,79.02
2025,27-Feb 5am,170907.42,27-02-2025 05:00,19.73,75.81
2025,27-Feb 6am,183466.94,27-02-2025 06:00,22.4,36.23
2025,27-Feb 7am,201061.56,27-02-2025 07:00,22.33,39.67
2025,27-Feb 8am,210542.51,27-02-2025 08:00,22.05,44.49
2025,27-Feb 9am,217727.37,27-02-2025 09:00,25.12,59.19
2025,27-Feb 10am,224819.06,27-02-2025 10:00,24.97,63.63
2025,27-Feb 11am,224258.72,27-02-2025 11:00,24.89,57.56
2025,27-Feb 12pm,219206.8,27-02-2025 12:00,28.42,40.71
2025,27-Feb 1pm,213170.47,27-02-2025 13:00,27.63,63.44
2025,27-Feb 2pm,209299.88,27-02-2025 14:00,27.92,64.21
2025,27-Feb 3pm,211355.33,27-02-2025 15:00,28.84,39.86
2025,27-Feb 4pm,211951.25,27-02-2025 16:00,29,51.4
2025,27-Feb 5pm,207447.61,27-02-2025 17:00,28.96,35.03
2025,27-Feb 6pm,202392.87,27-02-2025 18:00,26.02,57.53
2025,27-Feb 7pm,204570.3,27-02-2025 19:00,25.64,57.79
2025,27-Feb 8pm,195060.53,27-02-2025 20:00,26.01,55.93
2025,27-Feb 9pm,184912.55,27-02-2025 21:00,22.74,37.8
2025,27-Feb 10pm,178628.97,27-02-2025 22:00,22.68,38.21
2025,27-Feb 11pm,178279.42,27-02-2025 23:00,22.56,44.69
2025,28-Feb 12am,173823.97,28-02-2025 00:00,20.26,76.69
2025,28-Feb 1am,172797.2,28-02-2025 01:00,19.93,74.26
2025,28-Feb 2am,168813.25,28-02-2025 02:00,20.13,79.88
2025,28-Feb 3am,166856.13,28-02-2025 03:00,20.23,71.53
2025,28-Feb 4am,166789,28-02-2025 04:00,20.18,74.76
2025,28-Feb 5am,173039.41,28-02-2025 05:00,19.97,76.47
2025,28-Feb 6am,184695.85,28-02-2025 06:00,21.89,70.56
2025,28-Feb 7am,201788.08,28-02-2025 07:00,21.88,77.17
2025,28-Feb 8am,211201.9,28-02-2025 08:00,22.14,36
2025,28-Feb 9am,219373.88,28-02-2025 09:00,24.99,56.4
2025,28-Feb 10am,228505.89,28-02-2025 10:00,25.35,56.6
2025,28-Feb 11am,228762.42,28-02-2025 11:00,25.37,64.29
2025,28-Feb 12pm,223633.91,28-02-2025 12:00,27.67,61.83
2025,28-Feb 1pm,216098.94,28-02-2025 13:00,27.64,61.55
2025,28-Feb 2pm,211528.67,28-02-2025 14:00,28.13,40.55
2025,28-Feb 3pm,213678.33,28-02-2025 15:00,28.8,37.93
2025,28-Feb 4pm,213888.08,28-02-2025 16:00,28.52,41.21
2025,28-Feb 5pm,210155.07,28-02-2025 17:00,29.39,49.1
2025,28-Feb 6pm,201851.7,28-02-2025 18:00,25.73,56.45
2025,28-Feb 7pm,205627.92,28-02-2025 19:00,26.43,61.9
2025,28-Feb 8pm,195569.85,28-02-2025 20:00,26.22,56.3
2025,28-Feb 9pm,185728.31,28-02-2025 21:00,23.26,56.91
2025,28-Feb 10pm,179191.76,28-02-2025 22:00,22.7,43.18
2025,28-Feb 11pm,178410.02,28-02-2025 23:00,22.73,41.6
2025,01-Mar 12am,173361.99,01-03-2025 00:00,24.02,61.31
2025,01-Mar 1am,172379.14,01-03-2025 01:00,23.67,59.18
2025,01-Mar 2am,169191.33,01-03-2025 02:00,23.81,58.96
2025,01-Mar 3am,166984.48,01-03-2025 03:00,23.82,61.9
2025,01-Mar 4am,166777.42,01-03-2025 04:00,23.66,62.4
2025,01-Mar 5am,171590.97,01-03-2025 05:00,23.71,60.1
2025,01-Mar 6am,182779.79,01-03-2025 06:00,26.29,64.69
2025,01-Mar 7am,197543.94,01-03-2025 07:00,25.67,64.56
2025,01-Mar 8am,205199.24,01-03-2025 08:00,25.53,59.12
2025,01-Mar 9am,213925.36,01-03-2025 09:00,29.13,53.21
2025,01-Mar 10am,221596.25,01-03-2025 10:00,29.48,50.43
2025,01-Mar 11am,220730.55,01-03-2025 11:00,28.83,40.12
2025,01-Mar 12pm,215476.82,01-03-2025 12:00,31.62,45.55
2025,01-Mar 1pm,209946.69,01-03-2025 13:00,32.07,50.74
2025,01-Mar 2pm,207495.3,01-03-2025 14:00,32.41,54.01
2025,01-Mar 3pm,210251.58,01-03-2025 15:00,33.28,52.8
2025,01-Mar 4pm,210249.77,01-03-2025 16:00,33.12,52.86
2025,01-Mar 5pm,206445.94,01-03-2025 17:00,32.82,46.6
2025,01-Mar 6pm,197093.07,01-03-2025 18:00,30.04,48.58
2025,01-Mar 7pm,201583.92,01-03-2025 19:00,29.59,47.33
2025,01-Mar 8pm,193205.24,01-03-2025 20:00,30.18,48.16
2025,01-Mar 9pm,183317.9,01-03-2025 21:00,27.23,60.8
2025,01-Mar 10pm,177822.26,01-03-2025 22:00,27.47,58.65
2025,01-Mar 11pm,178212.53,01-03-2025 23:00,26.76,60.61
2025,02-Mar 12am,174302.12,02-03-2025 00:00,23.52,59.39
2025,02-Mar 1am,173634.21,02-03-2025 01:00,24.05,57.87
2025,02-Mar 2am,170167.36,02-03-2025 02:00,24.21,55.95
2025,02-Mar 3am,168784.08,02-03-2025 03:00,24.29,63.92
2025,02-Mar 4am,169888.63,02-03-2025 04:00,23.69,55.11
2025,02-Mar 5am,174910.85,02-03-2025 05:00,23.76,55.02
2025,02-Mar 6am,180337.46,02-03-2025 06:00,26.01,63.27
2025,02-Mar 7am,190712.88,02-03-2025 07:00,25.83,64.97
2025,02-Mar 8am,197231.02,02-03-2025 08:00,26.36,62.27
2025,02-Mar 9am,205633.97,02-03-2025 09:00,28.97,35.15
2025,02-Mar 10am,211143.85,02-03-2025 10:00,29.3,47.27
2025,02-Mar 11am,210189.91,02-03-2025 11:00,29.08,54.72
2025,02-Mar 12pm,205087.14,02-03-2025 12:00,32.27,53.09
2025,02-Mar 1pm,200956.21,02-03-2025 13:00,31.83,50.67
2025,02-Mar 2pm,197536.83,02-03-2025 14:00,32.33,47.37
2025,02-Mar 3pm,198395.04,02-03-2025 15:00,32.77,45.14
2025,02-Mar 4pm,196624.26,02-03-2025 16:00,33.05,45.21
2025,02-Mar 5pm,191687.36,02-03-2025 17:00,32.71,51.12
2025,02-Mar 6pm,185757.04,02-03-2025 18:00,29.98,45.22
2025,02-Mar 7pm,192744.29,02-03-2025 19:00,29.82,54.94
2025,02-Mar 8pm,186535.15,02-03-2025 20:00,29.77,46.83
2025,02-Mar 9pm,178739.52,02-03-2025 21:00,27.47,62.11
2025,02-Mar 10pm,173964.91,02-03-2025 22:00,26.66,56.55
2025,02-Mar 11pm,174227.68,02-03-2025 23:00,27.29,60.4
2025,03-Mar 12am,169459.25,03-03-2025 00:00,24.48,55.81
2025,03-Mar 1am,168623.86,03-03-2025 01:00,23.52,62.67
2025,03-Mar 2am,165115.29,03-03-2025 02:00,24.2,60.85
2025,03-Mar 3am,163703.34,03-03-2025 03:00,23.75,55.86
2025,03-Mar 4am,165994.65,03-03-2025 04:00,23.54,63.49
2025,03-Mar 5am,172749.53,03-03-2025 05:00,23.9,60.47
2025,03-Mar 6am,183375.26,03-03-2025 06:00,26.44,64.22
2025,03-Mar 7am,197534.03,03-03-2025 07:00,25.51,64.17
2025,03-Mar 8am,205745.74,03-03-2025 08:00,26.09,64.21
2025,03-Mar 9am,216083.19,03-03-2025 09:00,29,45.78
2025,03-Mar 10am,225081.63,03-03-2025 10:00,29.37,46.21
2025,03-Mar 11am,224385.56,03-03-2025 11:00,28.58,44.88
2025,03-Mar 12pm,219876.21,03-03-2025 12:00,32.18,49.88
2025,03-Mar 1pm,212530.62,03-03-2025 13:00,32.18,47.38
2025,03-Mar 2pm,209424.43,03-03-2025 14:00,32.17,52.7
2025,03-Mar 3pm,212894.12,03-03-2025 15:00,33.44,47.64
2025,03-Mar 4pm,212927.03,03-03-2025 16:00,33.32,52.27
2025,03-Mar 5pm,211827.93,03-03-2025 17:00,32.54,53.37
2025,03-Mar 6pm,202115.95,03-03-2025 18:00,29.97,52.84
2025,03-Mar 7pm,202592.4,03-03-2025 19:00,29.9,47.74
2025,03-Mar 8pm,197147.39,03-03-2025 20:00,29.81,49.02
2025,03-Mar 9pm,189725.57,03-03-2025 21:00,26.95,59.13
2025,03-Mar 10pm,184709.11,03-03-2025 22:00,26.88,59.91
2025,03-Mar 11pm,183430.81,03-03-2025 23:00,26.93,56.67
2025,04-Mar 12am,178589.45,04-03-2025 00:00,24.48,59.52
2025,04-Mar 1am,177556.5,04-03-2025 01:00,23.59,60.11
2025,04-Mar 2am,174450.01,04-03-2025 02:00,24.42,60.32
2025,04-Mar 3am,171942.19,04-03-2025 03:00,23.98,63.2
2025,04-Mar 4am,173607.66,04-03-2025 04:00,24.12,60.17
2025,04-Mar 5am,179698.81,04-03-2025 05:00,24.33,57.31
2025,04-Mar 6am,188505.79,04-03-2025 06:00,25.86,61.63
2025,04-Mar 7am,203274.6,04-03-2025 07:00,25.93,62.97
2025,04-Mar 8am,211352.86,04-03-2025 08:00,25.91,58.19
2025,04-Mar 9am,220755.2,04-03-2025 09:00,28.87,41.45
2025,04-Mar 10am,226968.69,04-03-2025 10:00,29.43,46.47
2025,04-Mar 11am,225431.37,04-03-2025 11:00,29.33,48.42
2025,04-Mar 12pm,219995.34,04-03-2025 12:00,31.61,54.09
2025,04-Mar 1pm,212107.65,04-03-2025 13:00,31.61,54.11
2025,04-Mar 2pm,208256.22,04-03-2025 14:00,31.93,50.75
2025,04-Mar 3pm,212969.36,04-03-2025 15:00,32.6,52.02
2025,04-Mar 4pm,213330.27,04-03-2025 16:00,33.12,53.54
2025,04-Mar 5pm,212206.7,04-03-2025 17:00,32.64,54.59
2025,04-Mar 6pm,207442.07,04-03-2025 18:00,30.02,49.9
2025,04-Mar 7pm,207548.96,04-03-2025 19:00,29.51,50.62
2025,04-Mar 8pm,201427.73,04-03-2025 20:00,29.82,49.16
2025,04-Mar 9pm,191875.75,04-03-2025 21:00,27.18,55.72
2025,04-Mar 10pm,185266.71,04-03-2025 22:00,26.98,59.23
2025,04-Mar 11pm,183001.05,04-03-2025 23:00,27.48,62.91
2025,05-Mar 12am,177905.74,05-03-2025 00:00,24.37,63.05
2025,05-Mar 1am,176200.31,05-03-2025 01:00,23.86,63.92
2025,05-Mar 2am,172325.21,05-03-2025 02:00,23.55,55.51
2025,05-Mar 3am,170137.62,05-03-2025 03:00,24.35,60.27
2025,05-Mar 4am,171550.55,05-03-2025 04:00,24.41,56.07
2025,05-Mar 5am,178033.9,05-03-2025 05:00,24.32,57.01
2025,05-Mar 6am,187220.67,05-03-2025 06:00,25.63,64
2025,05-Mar 7am,204708.45,05-03-2025 07:00,26.5,59.97
2025,05-Mar 8am,211925.61,05-03-2025 08:00,25.76,62.59
2025,05-Mar 9am,215775.58,05-03-2025 09:00,29.22,45.64
2025,05-Mar 10am,218517.77,05-03-2025 10:00,29.41,49.17
2025,05-Mar 11am,214936.15,05-03-2025 11:00,28.74,41.74
2025,05-Mar 12pm,208241.01,05-03-2025 12:00,32.41,46.33
2025,05-Mar 1pm,201257,05-03-2025 13:00,31.81,48.26
2025,05-Mar 2pm,196879.59,05-03-2025 14:00,32.48,45.65
2025,05-Mar 3pm,201224.87,05-03-2025 15:00,32.78,51.51
2025,05-Mar 4pm,204678.58,05-03-2025 16:00,33.45,54.71
2025,05-Mar 5pm,206727.61,05-03-2025 17:00,32.55,53.27
2025,05-Mar 6pm,200237.95,05-03-2025 18:00,30.21,54.75
2025,05-Mar 7pm,204167.05,05-03-2025 19:00,30.03,53.46
2025,05-Mar 8pm,198585.43,05-03-2025 20:00,29.98,53.55
2025,05-Mar 9pm,188546.67,05-03-2025 21:00,26.72,60.77
2025,05-Mar 10pm,181525.83,05-03-2025 22:00,27.21,60.18
2025,05-Mar 11pm,179783.18,05-03-2025 23:00,26.69,59.06
2025,06-Mar 12am,174812.52,06-03-2025 00:00,24.05,63.18
2025,06-Mar 1am,173198.57,06-03-2025 01:00,23.75,56.82
2025,06-Mar 2am,169043.06,06-03-2025 02:00,24.46,55.56
2025,06-Mar 3am,167301.89,06-03-2025 03:00,23.53,64.48
2025,06-Mar 4am,168977.7,06-03-2025 04:00,23.7,55.04
2025,06-Mar 5am,174921.12,06-03-2025 05:00,23.74,64.77
2025,06-Mar 6am,185031.18,06-03-2025 06:00,25.91,62.29
2025,06-Mar 7am,201448.17,06-03-2025 07:00,25.73,58.28
2025,06-Mar 8am,207853.14,06-03-2025 08:00,25.99,61.98
2025,06-Mar 9am,217141.3,06-03-2025 09:00,29.37,53.18
2025,06-Mar 10am,223826.3,06-03-2025 10:00,29.21,47.45
2025,06-Mar 11am,221735.1,06-03-2025 11:00,29.08,52.71
2025,06-Mar 12pm,216161.92,06-03-2025 12:00,31.59,53.04
2025,06-Mar 1pm,210297.75,06-03-2025 13:00,32.19,47.49
2025,06-Mar 2pm,205853.68,06-03-2025 14:00,31.67,45.42
2025,06-Mar 3pm,207549.48,06-03-2025 15:00,33.29,47.04
2025,06-Mar 4pm,212317.27,06-03-2025 16:00,32.75,47.01
2025,06-Mar 5pm,209525.03,06-03-2025 17:00,32.92,45.65
2025,06-Mar 6pm,200820.67,06-03-2025 18:00,29.85,52.26
2025,06-Mar 7pm,204380.97,06-03-2025 19:00,30.36,48.8
2025,06-Mar 8pm,197486.05,06-03-2025 20:00,29.63,53.84
2025,06-Mar 9pm,187396.51,06-03-2025 21:00,27.07,57.52
2025,06-Mar 10pm,181398.85,06-03-2025 22:00,26.64,59.53
2025,06-Mar 11pm,180263.4,06-03-2025 23:00,27.2,61.39
2025,07-Mar 12am,175255.72,07-03-2025 00:00,24.41,63.77
2025,07-Mar 1am,174154.65,07-03-2025 01:00,23.93,60.25
2025,07-Mar 2am,170451.03,07-03-2025 02:00,23.99,58.74
2025,07-Mar 3am,169310.04,07-03-2025 03:00,24.43,63.67
2025,07-Mar 4am,171040.66,07-03-2025 04:00,24.02,58.1
2025,07-Mar 5am,178045.07,07-03-2025 05:00,23.99,55.79
2025,07-Mar 6am,188779.34,07-03-2025 06:00,26.08,59.45
2025,07-Mar 7am,206290,07-03-2025 07:00,26.19,62.85
2025,07-Mar 8am,212453.31,07-03-2025 08:00,25.61,55.31
2025,07-Mar 9am,222568.14,07-03-2025 09:00,29.32,50.86
2025,07-Mar 10am,229724.73,07-03-2025 10:00,28.94,40.94
2025,07-Mar 11am,231429.04,07-03-2025 11:00,28.57,44.29
2025,07-Mar 12pm,226904.86,07-03-2025 12:00,32.29,47.86
2025,07-Mar 1pm,223554.24,07-03-2025 13:00,31.88,47.79
2025,07-Mar 2pm,213853.51,07-03-2025 14:00,31.6,49.4
2025,07-Mar 3pm,217269.11,07-03-2025 15:00,33.13,48.57
2025,07-Mar 4pm,219116,07-03-2025 16:00,33.38,52.36
2025,07-Mar 5pm,214747.45,07-03-2025 17:00,33.39,51.42
2025,07-Mar 6pm,202687.29,07-03-2025 18:00,30.46,52.59
2025,07-Mar 7pm,206509.77,07-03-2025 19:00,30.37,53.2
2025,07-Mar 8pm,199979.61,07-03-2025 20:00,29.5,54.23
2025,07-Mar 9pm,190145.13,07-03-2025 21:00,26.88,59.31
2025,07-Mar 10pm,185292.7,07-03-2025 22:00,27.32,64.85
2025,07-Mar 11pm,184391.28,07-03-2025 23:00,26.87,57.16
2025,08-Mar 12am,179347.5,08-03-2025 00:00,24.1,62.14
2025,08-Mar 1am,178302.98,08-03-2025 01:00,24.11,60.34
2025,08-Mar 2am,174867.04,08-03-2025 02:00,23.87,63.17
2025,08-Mar 3am,172699.4,08-03-2025 03:00,24.4,59.77
2025,08-Mar 4am,174331.83,08-03-2025 04:00,24,62.84
2025,08-Mar 5am,181083.81,08-03-2025 05:00,23.96,64.3
2025,08-Mar 6am,189009.1,08-03-2025 06:00,26.5,62.32
2025,08-Mar 7am,203641.7,08-03-2025 07:00,25.99,62.76
2025,08-Mar 8am,209958.97,08-03-2025 08:00,25.68,55.67
2025,08-Mar 9am,220004.87,08-03-2025 09:00,29.01,47.05
2025,08-Mar 10am,227721.66,08-03-2025 10:00,29.31,54.74
2025,08-Mar 11am,228109.32,08-03-2025 11:00,29.28,51.93
2025,08-Mar 12pm,226147.99,08-03-2025 12:00,32.29,50.61
2025,08-Mar 1pm,222085.38,08-03-2025 13:00,32.21,48.67
2025,08-Mar 2pm,215746.75,08-03-2025 14:00,31.75,45.44
2025,08-Mar 3pm,219664.78,08-03-2025 15:00,33.36,48.69
2025,08-Mar 4pm,220951.99,08-03-2025 16:00,33.39,49.99
2025,08-Mar 5pm,216492.21,08-03-2025 17:00,32.69,47.11
2025,08-Mar 6pm,206995.23,08-03-2025 18:00,29.63,46.73
2025,08-Mar 7pm,210113.69,08-03-2025 19:00,30.48,50.08
2025,08-Mar 8pm,206666.56,08-03-2025 20:00,30.37,50.86
2025,08-Mar 9pm,190933.65,08-03-2025 21:00,27.39,57.4
2025,08-Mar 10pm,187351.32,08-03-2025 22:00,27.39,60.87
2025,08-Mar 11pm,186921.97,08-03-2025 23:00,27.04,64
2025,09-Mar 12am,183507.19,09-03-2025 00:00,24.15,59.73
2025,09-Mar 1am,182266.57,09-03-2025 01:00,24.05,63.57
2025,09-Mar 2am,179809.86,09-03-2025 02:00,23.55,64.27
2025,09-Mar 3am,178304.45,09-03-2025 03:00,24.25,55.92
2025,09-Mar 4am,180005.35,09-03-2025 04:00,24.01,55.96
2025,09-Mar 5am,184609.3,09-03-2025 05:00,24.15,59.76
2025,09-Mar 6am,188021.23,09-03-2025 06:00,26,60.88
2025,09-Mar 7am,195025.65,09-03-2025 07:00,25.99,59.26
2025,09-Mar 8am,200398.17,09-03-2025 08:00,25.67,58.26
2025,09-Mar 9am,205946.51,09-03-2025 09:00,28.78,41.41
2025,09-Mar 10am,211783.21,09-03-2025 10:00,28.66,35.02
2025,09-Mar 11am,220518.37,09-03-2025 11:00,28.7,44.68
2025,09-Mar 12pm,218268.88,09-03-2025 12:00,32.47,47.32
2025,09-Mar 1pm,213928.61,09-03-2025 13:00,31.65,54.17
2025,09-Mar 2pm,209022.65,09-03-2025 14:00,31.77,46.09
2025,09-Mar 3pm,210553.95,09-03-2025 15:00,33.09,47.38
2025,09-Mar 4pm,209011.4,09-03-2025 16:00,33.11,47.35
2025,09-Mar 5pm,204707.89,09-03-2025 17:00,32.65,54.96
2025,09-Mar 6pm,195562.66,09-03-2025 18:00,30.29,45.05
2025,09-Mar 7pm,198173.36,09-03-2025 19:00,30.29,51.4
2025,09-Mar 8pm,193028.27,09-03-2025 20:00,29.74,53.7
2025,09-Mar 9pm,185643.87,09-03-2025 21:00,26.79,61.72
2025,09-Mar 10pm,181319.62,09-03-2025 22:00,27.44,58.63
2025,09-Mar 11pm,181787.49,09-03-2025 23:00,27.33,64.58
2025,10-Mar 12am,177388.07,10-03-2025 00:00,24.2,63.94
2025,10-Mar 1am,175848.86,10-03-2025 01:00,23.58,59.34
2025,10-Mar 2am,172339.39,10-03-2025 02:00,23.92,60.73
2025,10-Mar 3am,171172.21,10-03-2025 03:00,24.06,64.68
2025,10-Mar 4am,172701.05,10-03-2025 04:00,23.69,64.83
2025,10-Mar 5am,178574.59,10-03-2025 05:00,23.95,59.5
2025,10-Mar 6am,188117.28,10-03-2025 06:00,26.1,63.47
2025,10-Mar 7am,204055.8,10-03-2025 07:00,25.83,58.02
2025,10-Mar 8am,212064.39,10-03-2025 08:00,26.28,58.72
2025,10-Mar 9am,222740.53,10-03-2025 09:00,29.34,46.65
2025,10-Mar 10am,231001.88,10-03-2025 10:00,28.82,37.09
2025,10-Mar 11am,231069.93,10-03-2025 11:00,29.34,51.57
2025,10-Mar 12pm,226427.69,10-03-2025 12:00,31.6,50.11
2025,10-Mar 1pm,219100.06,10-03-2025 13:00,32.34,47.31
2025,10-Mar 2pm,217307.63,10-03-2025 14:00,31.65,49.03
2025,10-Mar 3pm,222565.36,10-03-2025 15:00,32.58,48.73
2025,10-Mar 4pm,222833.59,10-03-2025 16:00,33.14,54.87
2025,10-Mar 5pm,217779.92,10-03-2025 17:00,32.97,53.54
2025,10-Mar 6pm,204903.64,10-03-2025 18:00,30.41,48.88
2025,10-Mar 7pm,208554.02,10-03-2025 19:00,29.86,54.14
2025,10-Mar 8pm,202127.78,10-03-2025 20:00,29.79,48.43
2025,10-Mar 9pm,194393.66,10-03-2025 21:00,27,61.68
2025,10-Mar 10pm,189437.21,10-03-2025 22:00,26.96,64.67
2025,10-Mar 11pm,189464.66,10-03-2025 23:00,26.84,58.9
2025,11-Mar 12am,185288.69,11-03-2025 00:00,24.19,61.8
2025,11-Mar 1am,183955.51,11-03-2025 01:00,24.26,57.96
2025,11-Mar 2am,179789.31,11-03-2025 02:00,24.35,57.66
2025,11-Mar 3am,178284.7,11-03-2025 03:00,24.47,60.74
2025,11-Mar 4am,179431.28,11-03-2025 04:00,23.77,64.79
2025,11-Mar 5am,184864.63,11-03-2025 05:00,24.22,59.53
2025,11-Mar 6am,192481.47,11-03-2025 06:00,25.89,64.38
2025,11-Mar 7am,207213.6,11-03-2025 07:00,26.18,64.14
2025,11-Mar 8am,213243.85,11-03-2025 08:00,25.98,57.54
2025,11-Mar 9am,222522.7,11-03-2025 09:00,29.49,49.02
2025,11-Mar 10am,232233.73,11-03-2025 10:00,29.23,51.43
2025,11-Mar 11am,231117.66,11-03-2025 11:00,29.45,50.18
2025,11-Mar 12pm,227318.57,11-03-2025 12:00,32.33,45.96
2025,11-Mar 1pm,219959.28,11-03-2025 13:00,32.4,54.94
2025,11-Mar 2pm,216156.12,11-03-2025 14:00,32.31,52.53
2025,11-Mar 3pm,221629.22,11-03-2025 15:00,32.96,49.38
2025,11-Mar 4pm,220652.66,11-03-2025 16:00,32.75,51.18
2025,11-Mar 5pm,214640.71,11-03-2025 17:00,32.87,45.88
2025,11-Mar 6pm,203107.51,11-03-2025 18:00,29.52,49.95
2025,11-Mar 7pm,207568.83,11-03-2025 19:00,30.02,54.31
2025,11-Mar 8pm,201439.41,11-03-2025 20:00,30.01,53.97
2025,11-Mar 9pm,191467.03,11-03-2025 21:00,27.03,58.37
2025,11-Mar 10pm,189061.11,11-03-2025 22:00,27.47,60.31
2025,11-Mar 11pm,189264.53,11-03-2025 23:00,27.41,61.97
2025,12-Mar 12am,184750.31,12-03-2025 00:00,23.66,58.4
2025,12-Mar 1am,183556.3,12-03-2025 01:00,23.87,55.65
2025,12-Mar 2am,179348.17,12-03-2025 02:00,23.92,60.05
2025,12-Mar 3am,177845.8,12-03-2025 03:00,23.86,61.02
2025,12-Mar 4am,178908.52,12-03-2025 04:00,24.3,55.06
2025,12-Mar 5am,184054.76,12-03-2025 05:00,24.02,55.96
2025,12-Mar 6am,192248.3,12-03-2025 06:00,26.07,57.07
2025,12-Mar 7am,205838.88,12-03-2025 07:00,26.35,58.48
2025,12-Mar 8am,210060.82,12-03-2025 08:00,26.31,60.41
2025,12-Mar 9am,219842.03,12-03-2025 09:00,28.63,37.94
2025,12-Mar 10am,229900.26,12-03-2025 10:00,29.21,47.76
2025,12-Mar 11am,230918.38,12-03-2025 11:00,28.94,43.69
2025,12-Mar 12pm,226857.13,12-03-2025 12:00,31.79,46.45
2025,12-Mar 1pm,220005.09,12-03-2025 13:00,31.55,49.95
2025,12-Mar 2pm,217207.57,12-03-2025 14:00,31.99,54.53
2025,12-Mar 3pm,212311.79,12-03-2025 15:00,32.86,51.25
2025,12-Mar 4pm,212143.74,12-03-2025 16:00,32.75,52.17
2025,12-Mar 5pm,206801.37,12-03-2025 17:00,33.19,49.31
2025,12-Mar 6pm,198993.6,12-03-2025 18:00,30.27,45.2
2025,12-Mar 7pm,207382.77,12-03-2025 19:00,29.74,51.46
2025,12-Mar 8pm,202310.12,12-03-2025 20:00,29.55,51.32
2025,12-Mar 9pm,194408.6,12-03-2025 21:00,27.35,56.1
2025,12-Mar 10pm,190465.72,12-03-2025 22:00,26.51,59.62
2025,12-Mar 11pm,190286.88,12-03-2025 23:00,27.44,64.15
2025,13-Mar 12am,186881.16,13-03-2025 00:00,24.13,57.05
2025,13-Mar 1am,185275.3,13-03-2025 01:00,23.82,59.61
2025,13-Mar 2am,181505.73,13-03-2025 02:00,23.75,59.61
2025,13-Mar 3am,179227.14,13-03-2025 03:00,23.51,63.11
2025,13-Mar 4am,180188.82,13-03-2025 04:00,23.74,63.25
2025,13-Mar 5am,185344.07,13-03-2025 05:00,23.64,62.59
2025,13-Mar 6am,193617.92,13-03-2025 06:00,26.11,58.65
2025,13-Mar 7am,207096.99,13-03-2025 07:00,25.67,55.72
2025,13-Mar 8am,210819.65,13-03-2025 08:00,26.03,58.49
2025,13-Mar 9am,217592.48,13-03-2025 09:00,29.09,51.8
2025,13-Mar 10am,225708.89,13-03-2025 10:00,28.8,42.03
2025,13-Mar 11am,228212.39,13-03-2025 11:00,28.54,44.65
2025,13-Mar 12pm,224119.76,13-03-2025 12:00,31.54,49.54
2025,13-Mar 1pm,219166.2,13-03-2025 13:00,31.53,51.32
2025,13-Mar 2pm,214943.83,13-03-2025 14:00,32.24,50.39
2025,13-Mar 3pm,216113.97,13-03-2025 15:00,32.82,46.51
2025,13-Mar 4pm,216201.49,13-03-2025 16:00,33.3,49.61
2025,13-Mar 5pm,211577.48,13-03-2025 17:00,32.93,50.45
2025,13-Mar 6pm,199773.93,13-03-2025 18:00,29.95,54.51
2025,13-Mar 7pm,200995.06,13-03-2025 19:00,30.01,48.67
2025,13-Mar 8pm,194631.15,13-03-2025 20:00,30.21,54.8
2025,13-Mar 9pm,187385.86,13-03-2025 21:00,26.77,60.42
2025,13-Mar 10pm,185788.42,13-03-2025 22:00,26.62,57.42
2025,13-Mar 11pm,186816.18,13-03-2025 23:00,27.06,56.92
2025,14-Mar 12am,183089.63,14-03-2025 00:00,23.83,56.42
2025,14-Mar 1am,182274.39,14-03-2025 01:00,23.94,59.53
2025,14-Mar 2am,178397.09,14-03-2025 02:00,24.15,55.22
2025,14-Mar 3am,176058.03,14-03-2025 03:00,23.99,59.45
2025,14-Mar 4am,175754.22,14-03-2025 04:00,24.12,64.88
2025,14-Mar 5am,179334.7,14-03-2025 05:00,24.04,61.7
2025,14-Mar 6am,184374.3,14-03-2025 06:00,26.24,62.6
2025,14-Mar 7am,190992,14-03-2025 07:00,26.21,56.19
2025,14-Mar 8am,190036.8,14-03-2025 08:00,26.03,59.73
2025,14-Mar 9am,192805.54,14-03-2025 09:00,29.18,47.86
2025,14-Mar 10am,196962.23,14-03-2025 10:00,29.37,53.94
2025,14-Mar 11am,196520.66,14-03-2025 11:00,28.93,36.81
2025,14-Mar 12pm,196781.09,14-03-2025 12:00,31.91,49.59
2025,14-Mar 1pm,194511.76,14-03-2025 13:00,32.26,50.88
2025,14-Mar 2pm,188389.11,14-03-2025 14:00,32.08,50.14
2025,14-Mar 3pm,187571.53,14-03-2025 15:00,32.57,53.3
2025,14-Mar 4pm,186635.84,14-03-2025 16:00,33.39,47.31
2025,14-Mar 5pm,183116.3,14-03-2025 17:00,32.53,48.77
2025,14-Mar 6pm,173132.01,14-03-2025 18:00,30.25,52.92
2025,14-Mar 7pm,173929.09,14-03-2025 19:00,30.26,50.28
2025,14-Mar 8pm,170661.73,14-03-2025 20:00,30.45,49.02
2025,14-Mar 9pm,166223.3,14-03-2025 21:00,26.55,55.29
2025,14-Mar 10pm,165335.79,14-03-2025 22:00,27.1,62.53
2025,14-Mar 11pm,165169.96,14-03-2025 23:00,26.93,64.72
2025,15-Mar 12am,162385.19,15-03-2025 00:00,23.83,61.2
2025,15-Mar 1am,161434.61,15-03-2025 01:00,23.59,63.57
2025,15-Mar 2am,157799.66,15-03-2025 02:00,24.06,60.17
2025,15-Mar 3am,155648.64,15-03-2025 03:00,23.98,57.32
2025,15-Mar 4am,155999.52,15-03-2025 04:00,23.6,55.14
2025,15-Mar 5am,160599.88,15-03-2025 05:00,24.11,61.53
2025,15-Mar 6am,168931.61,15-03-2025 06:00,26.24,59.93
2025,15-Mar 7am,180704.56,15-03-2025 07:00,26.27,62.82
2025,15-Mar 8am,186246.57,15-03-2025 08:00,26.41,61.95
2025,15-Mar 9am,195808.41,15-03-2025 09:00,28.91,44.88
2025,15-Mar 10am,204082.34,15-03-2025 10:00,29.45,50.1
2025,15-Mar 11am,207411.81,15-03-2025 11:00,29.37,49.27
2025,15-Mar 12pm,204776.57,15-03-2025 12:00,31.8,47.87
2025,15-Mar 1pm,200763.08,15-03-2025 13:00,31.66,49.77
2025,15-Mar 2pm,199894.47,15-03-2025 14:00,31.94,53.73
2025,15-Mar 3pm,203385.97,15-03-2025 15:00,32.9,45.42
2025,15-Mar 4pm,200894.82,15-03-2025 16:00,33.08,54.78
2025,15-Mar 5pm,197302.42,15-03-2025 17:00,33.08,54.93
2025,15-Mar 6pm,189923.93,15-03-2025 18:00,30.25,50.98
2025,15-Mar 7pm,196696.81,15-03-2025 19:00,30.01,48.32
2025,15-Mar 8pm,193834.54,15-03-2025 20:00,29.6,47.23
2025,15-Mar 9pm,187681.72,15-03-2025 21:00,27.36,57.76
2025,15-Mar 10pm,184966.96,15-03-2025 22:00,26.81,55.5
2025,15-Mar 11pm,186390.4,15-03-2025 23:00,27.47,59.75
2025,16-Mar 12am,182885.67,16-03-2025 00:00,23.62,55.57
2025,16-Mar 1am,181175.35,16-03-2025 01:00,24.46,62.18
2025,16-Mar 2am,177395.55,16-03-2025 02:00,23.59,58.72
2025,16-Mar 3am,175128.93,16-03-2025 03:00,23.73,56.99
2025,16-Mar 4am,175467.94,16-03-2025 04:00,23.55,60.45
2025,16-Mar 5am,180021.2,16-03-2025 05:00,24.21,64.74
2025,16-Mar 6am,183841.08,16-03-2025 06:00,26.35,61.95
2025,16-Mar 7am,190352.27,16-03-2025 07:00,25.93,59.92
2025,16-Mar 8am,193887.69,16-03-2025 08:00,26.43,62.77
2025,16-Mar 9am,200375.97,16-03-2025 09:00,29.09,52.37
2025,16-Mar 10am,207156.52,16-03-2025 10:00,29.13,53.92
2025,16-Mar 11am,206700.47,16-03-2025 11:00,29.35,47.05
2025,16-Mar 12pm,204155.99,16-03-2025 12:00,31.8,53.59
2025,16-Mar 1pm,200248.32,16-03-2025 13:00,31.85,48.01
2025,16-Mar 2pm,198117.02,16-03-2025 14:00,32.41,54.41
2025,16-Mar 3pm,199480.58,16-03-2025 15:00,33.4,47.81
2025,16-Mar 4pm,199329.17,16-03-2025 16:00,33.48,54.27
2025,16-Mar 5pm,195772.21,16-03-2025 17:00,33.4,54.64
2025,16-Mar 6pm,188290.74,16-03-2025 18:00,29.63,46.45
2025,16-Mar 7pm,193534.22,16-03-2025 19:00,30.32,54.74
2025,16-Mar 8pm,190111.45,16-03-2025 20:00,29.91,45.86
2025,16-Mar 9pm,185320.05,16-03-2025 21:00,27.49,57.19
2025,16-Mar 10pm,183720.87,16-03-2025 22:00,26.97,59.44
2025,16-Mar 11pm,184121.79,16-03-2025 23:00,27.05,64.94
2025,17-Mar 12am,181605.58,17-03-2025 00:00,24.03,59.89
2025,17-Mar 1am,181160.94,17-03-2025 01:00,23.82,60.5
2025,17-Mar 2am,177049.96,17-03-2025 02:00,23.58,61.94
2025,17-Mar 3am,174607.76,17-03-2025 03:00,24.4,64.68
2025,17-Mar 4am,175556.99,17-03-2025 04:00,24.3,62.83
2025,17-Mar 5am,180431.93,17-03-2025 05:00,23.64,57.24
2025,17-Mar 6am,188049.95,17-03-2025 06:00,26.28,58.03
2025,17-Mar 7am,199439.84,17-03-2025 07:00,26.13,55.98
2025,17-Mar 8am,203719.42,17-03-2025 08:00,25.91,61.44
2025,17-Mar 9am,211037.93,17-03-2025 09:00,28.75,36.81
2025,17-Mar 10am,218932.11,17-03-2025 10:00,29.36,47.57
2025,17-Mar 11am,221167.67,17-03-2025 11:00,29.2,53.88
2025,17-Mar 12pm,218625.17,17-03-2025 12:00,32.05,48.27
2025,17-Mar 1pm,213640.81,17-03-2025 13:00,32.11,50.67
2025,17-Mar 2pm,211413.25,17-03-2025 14:00,31.59,48.98
2025,17-Mar 3pm,213476.87,17-03-2025 15:00,32.97,45.74
2025,17-Mar 4pm,212993.19,17-03-2025 16:00,32.69,48.63
2025,17-Mar 5pm,209175.89,17-03-2025 17:00,32.71,49.08
2025,17-Mar 6pm,200587.86,17-03-2025 18:00,30.16,53.96
2025,17-Mar 7pm,208469.77,17-03-2025 19:00,30.41,48.24
2025,17-Mar 8pm,202363.68,17-03-2025 20:00,29.9,48.79
2025,17-Mar 9pm,195574.25,17-03-2025 21:00,26.71,62.83
2025,17-Mar 10pm,192883.42,17-03-2025 22:00,27.15,62.59
2025,17-Mar 11pm,193815.76,17-03-2025 23:00,27.37,62.98
2025,18-Mar 12am,189687.27,18-03-2025 00:00,24.25,64.54
2025,18-Mar 1am,187865.34,18-03-2025 01:00,24.37,62.96
2025,18-Mar 2am,183384.43,18-03-2025 02:00,24.04,59.08
2025,18-Mar 3am,180983.59,18-03-2025 03:00,24.25,63.22
2025,18-Mar 4am,181590.02,18-03-2025 04:00,23.64,60.09
2025,18-Mar 5am,186308.29,18-03-2025 05:00,23.85,57.78
2025,18-Mar 6am,192777.58,18-03-2025 06:00,25.89,58.03
2025,18-Mar 7am,204417.15,18-03-2025 07:00,26.01,57.24
2025,18-Mar 8am,206653.89,18-03-2025 08:00,26.43,56.45
2025,18-Mar 9am,213075.96,18-03-2025 09:00,29.37,46.84
2025,18-Mar 10am,219918.23,18-03-2025 10:00,28.63,35.63
2025,18-Mar 11am,220645.54,18-03-2025 11:00,28.67,43.88
2025,18-Mar 12pm,216908.45,18-03-2025 12:00,31.86,54.31
2025,18-Mar 1pm,210742.09,18-03-2025 13:00,31.79,50.87
2025,18-Mar 2pm,208979.56,18-03-2025 14:00,32.11,53.4
2025,18-Mar 3pm,213055.43,18-03-2025 15:00,33.4,46.84
2025,18-Mar 4pm,213895.14,18-03-2025 16:00,33.46,54.02
2025,18-Mar 5pm,210587.37,18-03-2025 17:00,33.15,50.06
2025,18-Mar 6pm,205099.48,18-03-2025 18:00,30.34,45.67
2025,18-Mar 7pm,209660.63,18-03-2025 19:00,30.03,46.41
2025,18-Mar 8pm,204434.6,18-03-2025 20:00,29.71,48.09
2025,18-Mar 9pm,197290.46,18-03-2025 21:00,27.02,55.44
2025,18-Mar 10pm,194045.13,18-03-2025 22:00,27.06,58.09
2025,18-Mar 11pm,194757.78,18-03-2025 23:00,27.24,55.6
2025,19-Mar 12am,190563.61,19-03-2025 00:00,23.72,57.36
2025,19-Mar 1am,188982.36,19-03-2025 01:00,23.87,57.66
2025,19-Mar 2am,185045.92,19-03-2025 02:00,23.86,64.94
2025,19-Mar 3am,182624.65,19-03-2025 03:00,24.46,57.36
2025,19-Mar 4am,182736.17,19-03-2025 04:00,23.94,57.39
2025,19-Mar 5am,187222.35,19-03-2025 05:00,24.26,61.87
2025,19-Mar 6am,193986.96,19-03-2025 06:00,26.25,63.59
2025,19-Mar 7am,205087.5,19-03-2025 07:00,25.77,58.87
2025,19-Mar 8am,208815.61,19-03-2025 08:00,26.07,63.76
2025,19-Mar 9am,216193.59,19-03-2025 09:00,29.39,48.4
2025,19-Mar 10am,223799.28,19-03-2025 10:00,28.98,36.97
2025,19-Mar 11am,223829.22,19-03-2025 11:00,29.45,48.3
2025,19-Mar 12pm,219960.15,19-03-2025 12:00,31.71,51.09
2025,19-Mar 1pm,214655.88,19-03-2025 13:00,31.57,48.67
2025,19-Mar 2pm,213252.44,19-03-2025 14:00,32.39,51.73
2025,19-Mar 3pm,216653.29,19-03-2025 15:00,33.35,47.37
2025,19-Mar 4pm,217755.28,19-03-2025 16:00,33.49,52.01
2025,19-Mar 5pm,215538.69,19-03-2025 17:00,33.18,48.47
2025,19-Mar 6pm,204048.73,19-03-2025 18:00,30.44,49.56
2025,19-Mar 7pm,209680.38,19-03-2025 19:00,30.33,50.58
2025,19-Mar 8pm,204723.93,19-03-2025 20:00,30.34,51.86
2025,19-Mar 9pm,197873.85,19-03-2025 21:00,27.07,57.39
2025,19-Mar 10pm,195633.89,19-03-2025 22:00,26.88,63.36
2025,19-Mar 11pm,196346.8,19-03-2025 23:00,27.43,62.22
2025,20-Mar 12am,191345.72,20-03-2025 00:00,23.93,57.34
2025,20-Mar 1am,189600.31,20-03-2025 01:00,24.04,64.75
2025,20-Mar 2am,185284.71,20-03-2025 02:00,23.95,61.65
2025,20-Mar 3am,183238.07,20-03-2025 03:00,24.06,59.52
2025,20-Mar 4am,183975.5,20-03-2025 04:00,23.97,56.58
2025,20-Mar 5am,188245.12,20-03-2025 05:00,23.55,60.33
2025,20-Mar 6am,194866.07,20-03-2025 06:00,26.38,56.65
2025,20-Mar 7am,204046.18,20-03-2025 07:00,25.94,59.29
2025,20-Mar 8am,205896.15,20-03-2025 08:00,26.09,59.09
2025,20-Mar 9am,213395.09,20-03-2025 09:00,28.64,42.2
2025,20-Mar 10am,222541.99,20-03-2025 10:00,28.5,36.92
2025,20-Mar 11am,223075.36,20-03-2025 11:00,28.75,43.22
2025,20-Mar 12pm,219542.52,20-03-2025 12:00,32.2,48.26
2025,20-Mar 1pm,214077.01,20-03-2025 13:00,31.6,49.44
2025,20-Mar 2pm,211157.17,20-03-2025 14:00,32.41,52.72
2025,20-Mar 3pm,216228.73,20-03-2025 15:00,32.72,51.25
2025,20-Mar 4pm,215669.63,20-03-2025 16:00,32.7,48.08
2025,20-Mar 5pm,212895.72,20-03-2025 17:00,32.68,48.86
2025,20-Mar 6pm,203580.51,20-03-2025 18:00,29.51,48.06
2025,20-Mar 7pm,207660.69,20-03-2025 19:00,30.27,50.95
2025,20-Mar 8pm,201430.73,20-03-2025 20:00,30.38,48.33
2025,20-Mar 9pm,195112.6,20-03-2025 21:00,27.11,62.26
2025,20-Mar 10pm,193376.69,20-03-2025 22:00,26.69,60.8
2025,20-Mar 11pm,193430.3,20-03-2025 23:00,26.79,56.46
2025,21-Mar 12am,188743.1,21-03-2025 00:00,23.98,58.1
2025,21-Mar 1am,187290.32,21-03-2025 01:00,24.45,57.21
2025,21-Mar 2am,183642.35,21-03-2025 02:00,23.75,58.9
2025,21-Mar 3am,181501.14,21-03-2025 03:00,24.23,60.16
2025,21-Mar 4am,182192.79,21-03-2025 04:00,23.94,60.07
2025,21-Mar 5am,186156.37,21-03-2025 05:00,23.8,62.55
2025,21-Mar 6am,193671.51,21-03-2025 06:00,25.96,56.89
2025,21-Mar 7am,203823.38,21-03-2025 07:00,25.57,64.46
2025,21-Mar 8am,206998.05,21-03-2025 08:00,26.3,58.43
2025,21-Mar 9am,214678.69,21-03-2025 09:00,28.74,38
2025,21-Mar 10am,223645.49,21-03-2025 10:00,29.23,51.85
2025,21-Mar 11am,223865.14,21-03-2025 11:00,28.57,43.06
2025,21-Mar 12pm,221219.2,21-03-2025 12:00,32.46,48.78
2025,21-Mar 1pm,213965.36,21-03-2025 13:00,31.69,52.47
2025,21-Mar 2pm,210762.53,21-03-2025 14:00,32.38,53.84
2025,21-Mar 3pm,213399.09,21-03-2025 15:00,33.31,52.67
2025,21-Mar 4pm,212741.82,21-03-2025 16:00,33.47,45.34
2025,21-Mar 5pm,207456.14,21-03-2025 17:00,32.98,53.27
2025,21-Mar 6pm,200788.96,21-03-2025 18:00,30.23,52.74
2025,21-Mar 7pm,204805.56,21-03-2025 19:00,29.87,51.69
2025,21-Mar 8pm,199646.25,21-03-2025 20:00,29.68,52.6
2025,21-Mar 9pm,190928.03,21-03-2025 21:00,26.94,64.79
2025,21-Mar 10pm,188194.02,21-03-2025 22:00,26.67,59.31
2025,21-Mar 11pm,188510.07,21-03-2025 23:00,27.48,55.67
2025,22-Mar 12am,183294.02,22-03-2025 00:00,23.6,59.61
2025,22-Mar 1am,180624.85,22-03-2025 01:00,24.09,55.46
2025,22-Mar 2am,177022.97,22-03-2025 02:00,24.13,57.94
2025,22-Mar 3am,173723.17,22-03-2025 03:00,24.04,60.87
2025,22-Mar 4am,174778.42,22-03-2025 04:00,24.16,58.1
2025,22-Mar 5am,178807.18,22-03-2025 05:00,23.62,61.85
2025,22-Mar 6am,184800.27,22-03-2025 06:00,26.06,63.22
2025,22-Mar 7am,195253.1,22-03-2025 07:00,25.79,59.2
2025,22-Mar 8am,199265.14,22-03-2025 08:00,26.44,64
2025,22-Mar 9am,207842.74,22-03-2025 09:00,29.26,45.8
2025,22-Mar 10am,215133.56,22-03-2025 10:00,29.47,53.4
2025,22-Mar 11am,214871.58,22-03-2025 11:00,28.54,43.29
2025,22-Mar 12pm,211097.79,22-03-2025 12:00,31.79,48.22
2025,22-Mar 1pm,204667.05,22-03-2025 13:00,31.7,47.99
2025,22-Mar 2pm,202570.72,22-03-2025 14:00,31.51,48.05
2025,22-Mar 3pm,203468.94,22-03-2025 15:00,32.74,53.11
2025,22-Mar 4pm,203059.3,22-03-2025 16:00,33.18,53.32
2025,22-Mar 5pm,200315.71,22-03-2025 17:00,32.73,48.3
2025,22-Mar 6pm,193970.37,22-03-2025 18:00,30.01,50.93
2025,22-Mar 7pm,200346.39,22-03-2025 19:00,30.39,46.39
2025,22-Mar 8pm,195875.6,22-03-2025 20:00,30.19,49.69
2025,22-Mar 9pm,189247.34,22-03-2025 21:00,26.89,64.99
2025,22-Mar 10pm,185846.87,22-03-2025 22:00,26.87,56.59
2025,22-Mar 11pm,186893.53,22-03-2025 23:00,26.96,64.48
2025,23-Mar 12am,181805.55,23-03-2025 00:00,23.68,63.24
2025,23-Mar 1am,179157.96,23-03-2025 01:00,24.13,64.72
2025,23-Mar 2am,175255.39,23-03-2025 02:00,23.86,56.8
2025,23-Mar 3am,172842.53,23-03-2025 03:00,24.35,57.14
2025,23-Mar 4am,173387.83,23-03-2025 04:00,24.26,55.17
2025,23-Mar 5am,176061.37,23-03-2025 05:00,24.11,62.25
2025,23-Mar 6am,181295.09,23-03-2025 06:00,25.86,61.44
2025,23-Mar 7am,188972.96,23-03-2025 07:00,25.71,56.78
2025,23-Mar 8am,191194.52,23-03-2025 08:00,26.28,62.91
2025,23-Mar 9am,196683.23,23-03-2025 09:00,28.99,37.99
2025,23-Mar 10am,202559.7,23-03-2025 10:00,28.72,36.35
2025,23-Mar 11am,201457.35,23-03-2025 11:00,28.7,39.23
2025,23-Mar 12pm,198406.18,23-03-2025 12:00,31.67,45.91
2025,23-Mar 1pm,195458.81,23-03-2025 13:00,32.28,47.63
2025,23-Mar 2pm,193110.12,23-03-2025 14:00,31.73,48.71
2025,23-Mar 3pm,194096.67,23-03-2025 15:00,33.03,53.52
2025,23-Mar 4pm,194223.68,23-03-2025 16:00,32.95,52.93
2025,23-Mar 5pm,188235.51,23-03-2025 17:00,33.08,49.43
2025,23-Mar 6pm,183251.96,23-03-2025 18:00,30.38,52.25
2025,23-Mar 7pm,193200.18,23-03-2025 19:00,30.37,50.69
2025,23-Mar 8pm,190656.45,23-03-2025 20:00,29.95,48.41
2025,23-Mar 9pm,185322.59,23-03-2025 21:00,26.52,62.26
2025,23-Mar 10pm,182957.85,23-03-2025 22:00,26.93,61.83
2025,23-Mar 11pm,183308.22,23-03-2025 23:00,27.11,61.19
2025,24-Mar 12am,178734.9,24-03-2025 00:00,24.06,61.18
2025,24-Mar 1am,176437.07,24-03-2025 01:00,24.15,61.83
2025,24-Mar 2am,173046.76,24-03-2025 02:00,23.65,58.85
2025,24-Mar 3am,170425.24,24-03-2025 03:00,24.15,63.69
2025,24-Mar 4am,170938.22,24-03-2025 04:00,23.68,56.62
2025,24-Mar 5am,176086.68,24-03-2025 05:00,24.25,63.84
2025,24-Mar 6am,184185.7,24-03-2025 06:00,25.84,58.42
2025,24-Mar 7am,196924.49,24-03-2025 07:00,26.21,56.25
2025,24-Mar 8am,201452.39,24-03-2025 08:00,25.55,61
2025,24-Mar 9am,209006.74,24-03-2025 09:00,28.91,38.76
2025,24-Mar 10am,217245.84,24-03-2025 10:00,29.21,53.15
2025,24-Mar 11am,218018.56,24-03-2025 11:00,28.73,39.31
2025,24-Mar 12pm,213552.31,24-03-2025 12:00,32.3,51.69
2025,24-Mar 1pm,209099.56,24-03-2025 13:00,32.13,48.08
2025,24-Mar 2pm,206689.37,24-03-2025 14:00,32.09,47.09
2025,24-Mar 3pm,206998.96,24-03-2025 15:00,32.85,48.88
2025,24-Mar 4pm,210480.06,24-03-2025 16:00,32.98,51.07
2025,24-Mar 5pm,210968.52,24-03-2025 17:00,33.1,51.57
2025,24-Mar 6pm,203603.95,24-03-2025 18:00,29.97,50.78
2025,24-Mar 7pm,209189.1,24-03-2025 19:00,30.2,54.88
2025,24-Mar 8pm,204881.29,24-03-2025 20:00,29.93,51.91
2025,24-Mar 9pm,198182.46,24-03-2025 21:00,26.7,64.32
2025,24-Mar 10pm,195403.15,24-03-2025 22:00,26.71,56.18
2025,24-Mar 11pm,195531.97,24-03-2025 23:00,26.51,55.61
2025,25-Mar 12am,189884.71,25-03-2025 00:00,23.8,58.11
2025,25-Mar 1am,187203.4,25-03-2025 01:00,24.25,56.37
2025,25-Mar 2am,182743.13,25-03-2025 02:00,24.29,60.26
2025,25-Mar 3am,179956.93,25-03-2025 03:00,23.7,60.19
2025,25-Mar 4am,180264.24,25-03-2025 04:00,24.46,60.75
2025,25-Mar 5am,184665.59,25-03-2025 05:00,24,62.45
2025,25-Mar 6am,191759.04,25-03-2025 06:00,26.42,64.71
2025,25-Mar 7am,202253.41,25-03-2025 07:00,26.21,63.78
2025,25-Mar 8am,205342.16,25-03-2025 08:00,26.22,56.18
2025,25-Mar 9am,213246.71,25-03-2025 09:00,28.59,38.39
2025,25-Mar 10am,219328.84,25-03-2025 10:00,28.72,37.56
2025,25-Mar 11am,219255.56,25-03-2025 11:00,28.51,36.77
2025,25-Mar 12pm,215696.12,25-03-2025 12:00,32.22,50.45
2025,25-Mar 1pm,209812.19,25-03-2025 13:00,31.84,50.53
2025,25-Mar 2pm,208330.85,25-03-2025 14:00,32.29,47.27
2025,25-Mar 3pm,212000.38,25-03-2025 15:00,32.84,52.12
2025,25-Mar 4pm,212516.06,25-03-2025 16:00,33.32,52.33
2025,25-Mar 5pm,210546.65,25-03-2025 17:00,32.63,45.21
2025,25-Mar 6pm,203242.63,25-03-2025 18:00,29.67,48.96
2025,25-Mar 7pm,209531.71,25-03-2025 19:00,29.84,53.9
2025,25-Mar 8pm,205889.07,25-03-2025 20:00,29.91,50.2
2025,25-Mar 9pm,198798.1,25-03-2025 21:00,26.85,58.48
2025,25-Mar 10pm,195549.63,25-03-2025 22:00,27.26,57.54
2025,25-Mar 11pm,195890.72,25-03-2025 23:00,26.6,57.43
2025,26-Mar 12am,191449.64,26-03-2025 00:00,23.85,56
2025,26-Mar 1am,189246.76,26-03-2025 01:00,24.34,63.17
2025,26-Mar 2am,184458.35,26-03-2025 02:00,23.57,55.87
2025,26-Mar 3am,181645.04,26-03-2025 03:00,24.44,57.92
2025,26-Mar 4am,181174.02,26-03-2025 04:00,24.49,55.46
2025,26-Mar 5am,184645.38,26-03-2025 05:00,23.59,62.81
2025,26-Mar 6am,191548.68,26-03-2025 06:00,25.79,55.39
2025,26-Mar 7am,201195.21,26-03-2025 07:00,25.87,58.08
2025,26-Mar 8am,204985.05,26-03-2025 08:00,26.28,60.73
2025,26-Mar 9am,214375.78,26-03-2025 09:00,29.1,49.1
2025,26-Mar 10am,221619.11,26-03-2025 10:00,29.14,47.82
2025,26-Mar 11am,221494.41,26-03-2025 11:00,29.26,47.75
2025,26-Mar 12pm,218584.52,26-03-2025 12:00,31.62,52.98
2025,26-Mar 1pm,212845.71,26-03-2025 13:00,32.33,54.74
2025,26-Mar 2pm,210600.33,26-03-2025 14:00,32.21,48.48
2025,26-Mar 3pm,213458.18,26-03-2025 15:00,33.08,45.39
2025,26-Mar 4pm,213320.07,26-03-2025 16:00,33.39,45.37
2025,26-Mar 5pm,210610.3,26-03-2025 17:00,33.2,52.59
2025,26-Mar 6pm,203751.56,26-03-2025 18:00,29.7,50.52
2025,26-Mar 7pm,209501.09,26-03-2025 19:00,29.93,52.84
2025,26-Mar 8pm,207072.86,26-03-2025 20:00,29.99,51.97
2025,26-Mar 9pm,200223.84,26-03-2025 21:00,26.56,64.08
2025,26-Mar 10pm,198590,26-03-2025 22:00,27.45,63.86
2025,26-Mar 11pm,198660.41,26-03-2025 23:00,26.63,62.88
2025,27-Mar 12am,194272.24,27-03-2025 00:00,24.2,59.75
2025,27-Mar 1am,191198.47,27-03-2025 01:00,24.01,58.08
2025,27-Mar 2am,186545.07,27-03-2025 02:00,23.53,60.07
2025,27-Mar 3am,183914.69,27-03-2025 03:00,24.42,60.02
2025,27-Mar 4am,184248.85,27-03-2025 04:00,24.35,61.1
2025,27-Mar 5am,187693.65,27-03-2025 05:00,24.02,56.86
2025,27-Mar 6am,193548.32,27-03-2025 06:00,25.73,61.56
2025,27-Mar 7am,202062.04,27-03-2025 07:00,25.62,59.57
2025,27-Mar 8am,205373.03,27-03-2025 08:00,25.86,61.2
2025,27-Mar 9am,213341.46,27-03-2025 09:00,28.76,37.4
2025,27-Mar 10am,221313.89,27-03-2025 10:00,29.01,49.34
2025,27-Mar 11am,221731.67,27-03-2025 11:00,29.47,47.1
2025,27-Mar 12pm,218309.67,27-03-2025 12:00,32.07,53.75
2025,27-Mar 1pm,211799.92,27-03-2025 13:00,32.39,49.88
2025,27-Mar 2pm,210454.52,27-03-2025 14:00,32.15,47.25
2025,27-Mar 3pm,213539.81,27-03-2025 15:00,32.98,45.41
2025,27-Mar 4pm,214958.49,27-03-2025 16:00,33.35,51.76
2025,27-Mar 5pm,212402.71,27-03-2025 17:00,32.97,47.15
2025,27-Mar 6pm,203399.33,27-03-2025 18:00,30.37,54.9
2025,27-Mar 7pm,211084.4,27-03-2025 19:00,29.79,50.34
2025,27-Mar 8pm,208742.42,27-03-2025 20:00,29.63,47.89
2025,27-Mar 9pm,202809.31,27-03-2025 21:00,27.36,61.58
2025,27-Mar 10pm,201113.04,27-03-2025 22:00,27.09,57.75
2025,27-Mar 11pm,202236.37,27-03-2025 23:00,27.39,63.2
2025,28-Mar 12am,197200.49,28-03-2025 00:00,24.44,58.08
2025,28-Mar 1am,193872.09,28-03-2025 01:00,23.55,64.88
2025,28-Mar 2am,189786.73,28-03-2025 02:00,24,61.05
2025,28-Mar 3am,186887.67,28-03-2025 03:00,23.87,63.44
2025,28-Mar 4am,186998.48,28-03-2025 04:00,24.13,55.73
2025,28-Mar 5am,190489.39,28-03-2025 05:00,24.29,58.48
2025,28-Mar 6am,196481.02,28-03-2025 06:00,25.78,62.37
2025,28-Mar 7am,204806.23,28-03-2025 07:00,26.06,61.55
2025,28-Mar 8am,205950.3,28-03-2025 08:00,26.21,56.94
2025,28-Mar 9am,212022.51,28-03-2025 09:00,28.63,38.56
2025,28-Mar 10am,218851.88,28-03-2025 10:00,29.31,47.63
2025,28-Mar 11am,217168.43,28-03-2025 11:00,29.11,51.13
2025,28-Mar 12pm,213772.37,28-03-2025 12:00,32.45,48.45
2025,28-Mar 1pm,210581.57,28-03-2025 13:00,31.84,48.09
2025,28-Mar 2pm,206107.43,28-03-2025 14:00,31.61,47.07
2025,28-Mar 3pm,212434.69,28-03-2025 15:00,33.01,49.09
2025,28-Mar 4pm,213492.65,28-03-2025 16:00,32.59,46.96
2025,28-Mar 5pm,212541.28,28-03-2025 17:00,33.47,54.63
2025,28-Mar 6pm,206583.31,28-03-2025 18:00,29.54,46.55
2025,28-Mar 7pm,211188.91,28-03-2025 19:00,30.25,54.13
2025,28-Mar 8pm,210373.6,28-03-2025 20:00,30.03,49.28
2025,28-Mar 9pm,204529.84,28-03-2025 21:00,26.87,58.78
2025,28-Mar 10pm,202421.29,28-03-2025 22:00,26.57,57.31
2025,28-Mar 11pm,203054.47,28-03-2025 23:00,27.12,61.36
2025,29-Mar 12am,197624.74,29-03-2025 00:00,24.09,61.86
2025,29-Mar 1am,194321.44,29-03-2025 01:00,23.78,59.68
2025,29-Mar 2am,189844.39,29-03-2025 02:00,24.41,55.56
2025,29-Mar 3am,186094.1,29-03-2025 03:00,23.8,64.19
2025,29-Mar 4am,185835.96,29-03-2025 04:00,23.95,64.8
2025,29-Mar 5am,188885.55,29-03-2025 05:00,24.04,59.31
2025,29-Mar 6am,194560.56,29-03-2025 06:00,25.6,61.14
2025,29-Mar 7am,200972.42,29-03-2025 07:00,26.43,59.5
2025,29-Mar 8am,200736.4,29-03-2025 08:00,25.87,58.22
2025,29-Mar 9am,206507.72,29-03-2025 09:00,28.58,35.77
2025,29-Mar 10am,212295.42,29-03-2025 10:00,28.89,39.56
2025,29-Mar 11am,212587.61,29-03-2025 11:00,29.1,53.18
2025,29-Mar 12pm,209541.49,29-03-2025 12:00,32.01,45.17
2025,29-Mar 1pm,203014.67,29-03-2025 13:00,32.19,50.82
2025,29-Mar 2pm,202990,29-03-2025 14:00,31.56,53.81
2025,29-Mar 3pm,209905.81,29-03-2025 15:00,32.78,47.18
2025,29-Mar 4pm,210924.67,29-03-2025 16:00,33.32,46.83
2025,29-Mar 5pm,207230.53,29-03-2025 17:00,32.58,52.72
2025,29-Mar 6pm,199024.08,29-03-2025 18:00,30.36,47.55
2025,29-Mar 7pm,208073.1,29-03-2025 19:00,29.59,46.92
2025,29-Mar 8pm,206454.65,29-03-2025 20:00,30.33,48.78
2025,29-Mar 9pm,199942.82,29-03-2025 21:00,26.86,58.93
2025,29-Mar 10pm,197987.88,29-03-2025 22:00,27.11,63.74
2025,29-Mar 11pm,199274.34,29-03-2025 23:00,26.65,61.18
2025,30-Mar 12am,194209.5,30-03-2025 00:00,23.57,59.06
2025,30-Mar 1am,191754.32,30-03-2025 01:00,23.72,60.34
2025,30-Mar 2am,187290.65,30-03-2025 02:00,23.63,64.54
2025,30-Mar 3am,184202.68,30-03-2025 03:00,23.81,56.13
2025,30-Mar 4am,184525.58,30-03-2025 04:00,24.01,57.08
2025,30-Mar 5am,187857.25,30-03-2025 05:00,24.09,64.63
2025,30-Mar 6am,192296.18,30-03-2025 06:00,26.29,64.57
2025,30-Mar 7am,198231.61,30-03-2025 07:00,26.16,56.77
2025,30-Mar 8am,198754.3,30-03-2025 08:00,26.11,56.45
2025,30-Mar 9am,203826.24,30-03-2025 09:00,28.91,39.21
2025,30-Mar 10am,206745.52,30-03-2025 10:00,28.97,35.5
2025,30-Mar 11am,205653.43,30-03-2025 11:00,28.91,41.55
2025,30-Mar 12pm,199133.47,30-03-2025 12:00,32.34,45.77
2025,30-Mar 1pm,195730.18,30-03-2025 13:00,31.73,45.58
2025,30-Mar 2pm,194008.96,30-03-2025 14:00,31.51,49.85
2025,30-Mar 3pm,198075.25,30-03-2025 15:00,33.15,54.58
2025,30-Mar 4pm,199477.87,30-03-2025 16:00,32.7,49.27
2025,30-Mar 5pm,193378.3,30-03-2025 17:00,33.39,48.56
2025,30-Mar 6pm,185421.99,30-03-2025 18:00,30.36,54.98
2025,30-Mar 7pm,195023.05,30-03-2025 19:00,29.58,50.32
2025,30-Mar 8pm,194394.02,30-03-2025 20:00,29.61,48.75
2025,30-Mar 9pm,190633.45,30-03-2025 21:00,27,58.86
2025,30-Mar 10pm,189566.1,30-03-2025 22:00,27.11,56.95
2025,30-Mar 11pm,191410.49,30-03-2025 23:00,26.77,60.12
2025,31-Mar 12am,187805.76,31-03-2025 00:00,24.22,59.39
2025,31-Mar 1am,185443.73,31-03-2025 01:00,24.09,57.71
2025,31-Mar 2am,181152.4,31-03-2025 02:00,23.82,56.61
2025,31-Mar 3am,177510.21,31-03-2025 03:00,23.53,58.11
2025,31-Mar 4am,177161.15,31-03-2025 04:00,24.25,60.09
2025,31-Mar 5am,182745,31-03-2025 05:00,23.71,55.58
2025,31-Mar 6am,191569.01,31-03-2025 06:00,26.33,56.54
2025,31-Mar 7am,202405.04,31-03-2025 07:00,25.92,64.48
2025,31-Mar 8am,203077.53,31-03-2025 08:00,26.08,60.43
2025,31-Mar 9am,208292.2,31-03-2025 09:00,29.37,45.63
2025,31-Mar 10am,212924.24,31-03-2025 10:00,29.36,51.93
2025,31-Mar 11am,211337.52,31-03-2025 11:00,28.87,35.62
2025,31-Mar 12pm,207526.3,31-03-2025 12:00,31.71,52.39
2025,31-Mar 1pm,202501.74,31-03-2025 13:00,32.28,52.5
2025,31-Mar 2pm,201732.16,31-03-2025 14:00,31.93,51.51
2025,31-Mar 3pm,208016.99,31-03-2025 15:00,32.69,52.32
2025,31-Mar 4pm,208141.3,31-03-2025 16:00,33.4,45.88
2025,31-Mar 5pm,204012.28,31-03-2025 17:00,32.7,52.27
2025,31-Mar 6pm,195818.39,31-03-2025 18:00,29.53,46.37
2025,31-Mar 7pm,201884.6,31-03-2025 19:00,29.52,48.4
2025,31-Mar 8pm,198745.39,31-03-2025 20:00,30.12,54.43
2025,31-Mar 9pm,192936.47,31-03-2025 21:00,27.16,60.03
2025,31-Mar 10pm,192026.73,31-03-2025 22:00,26.81,64.67
2025,31-Mar 11pm,194511.65,31-03-2025 23:00,26.82,55.89
2025,01-Apr 12am,189656.5,01-04-2025 00:00,27.84,59.78
2025,01-Apr 1am,186818.51,01-04-2025 01:00,28.18,35.62
2025,01-Apr 2am,182446.63,01-04-2025 02:00,27.56,61.3
2025,01-Apr 3am,180043.45,01-04-2025 03:00,28.43,35.79
2025,01-Apr 4am,178363.59,01-04-2025 04:00,27.72,56.75
2025,01-Apr 5am,182280.93,01-04-2025 05:00,28.5,37.59
2025,01-Apr 6am,189323.26,01-04-2025 06:00,29.67,52.49
2025,01-Apr 7am,197452.79,01-04-2025 07:00,30.27,46.64
2025,01-Apr 8am,198797.01,01-04-2025 08:00,29.72,53.47
2025,01-Apr 9am,207173.32,01-04-2025 09:00,32.58,46.32
2025,01-Apr 10am,214498.1,01-04-2025 10:00,33.37,45.35
2025,01-Apr 11am,211953.8,01-04-2025 11:00,33.36,48.95
2025,01-Apr 12pm,208503,01-04-2025 12:00,35.9,44.79
2025,01-Apr 1pm,204169.47,01-04-2025 13:00,36.2,36.1
2025,01-Apr 2pm,201941.61,01-04-2025 14:00,36.06,36.02
2025,01-Apr 3pm,206945.56,01-04-2025 15:00,37.35,42.51
2025,01-Apr 4pm,206480.29,01-04-2025 16:00,36.82,38.12
2025,01-Apr 5pm,203197.94,01-04-2025 17:00,37.02,42.17
2025,01-Apr 6pm,194100.29,01-04-2025 18:00,33.99,47
2025,01-Apr 7pm,202011.75,01-04-2025 19:00,33.85,49.6
2025,01-Apr 8pm,200449.65,01-04-2025 20:00,34.39,47.65
2025,01-Apr 9pm,194561.81,01-04-2025 21:00,30.67,49.52
2025,01-Apr 10pm,192740.04,01-04-2025 22:00,30.65,52.69
2025,01-Apr 11pm,193830.11,01-04-2025 23:00,31.08,52.62
2025,02-Apr 12am,189930.99,02-04-2025 00:00,28.16,40.16
2025,02-Apr 1am,186703.9,02-04-2025 01:00,27.69,64.28
2025,02-Apr 2am,181735.71,02-04-2025 02:00,27.89,57.64
2025,02-Apr 3am,178211.9,02-04-2025 03:00,28.45,37.4
2025,02-Apr 4am,176808.75,02-04-2025 04:00,27.75,61.14
2025,02-Apr 5am,181330.4,02-04-2025 05:00,28.17,41.21
2025,02-Apr 6am,188833.27,02-04-2025 06:00,30.24,45.47
2025,02-Apr 7am,196924.88,02-04-2025 07:00,29.95,51.08
2025,02-Apr 8am,197806.03,02-04-2025 08:00,30.44,48.74
2025,02-Apr 9am,204741.17,02-04-2025 09:00,33.24,52.47
2025,02-Apr 10am,212428.86,02-04-2025 10:00,32.96,53.08
2025,02-Apr 11am,211751.62,02-04-2025 11:00,33.07,50.52
2025,02-Apr 12pm,208086.1,02-04-2025 12:00,36.19,35.02
2025,02-Apr 1pm,203234.12,02-04-2025 13:00,36.09,41.36
2025,02-Apr 2pm,201887.15,02-04-2025 14:00,36.38,42.49
2025,02-Apr 3pm,208172.22,02-04-2025 15:00,36.86,37.49
2025,02-Apr 4pm,208743.56,02-04-2025 16:00,36.8,39.65
2025,02-Apr 5pm,206059.1,02-04-2025 17:00,36.71,44.66
2025,02-Apr 6pm,197987.76,02-04-2025 18:00,33.54,47.98
2025,02-Apr 7pm,204816.82,02-04-2025 19:00,33.54,47.23
2025,02-Apr 8pm,203629.51,02-04-2025 20:00,34.37,47.11
2025,02-Apr 9pm,197396.69,02-04-2025 21:00,31.18,50.59
2025,02-Apr 10pm,195200.22,02-04-2025 22:00,31.16,54.5
2025,02-Apr 11pm,196347.27,02-04-2025 23:00,31.11,51.09
2025,03-Apr 12am,191362.83,03-04-2025 00:00,28.35,38.03
2025,03-Apr 1am,187974.99,03-04-2025 01:00,27.98,61.39
2025,03-Apr 2am,183297.58,03-04-2025 02:00,28.37,41.25
2025,03-Apr 3am,180215.6,03-04-2025 03:00,27.86,60.97
2025,03-Apr 4am,178435.46,03-04-2025 04:00,28.43,36.59
2025,03-Apr 5am,182761.43,03-04-2025 05:00,28.2,41.35
2025,03-Apr 6am,190311.84,03-04-2025 06:00,29.76,49.3
2025,03-Apr 7am,198040.8,03-04-2025 07:00,30.06,45.19
2025,03-Apr 8am,198277.99,03-04-2025 08:00,30.03,50.4
2025,03-Apr 9am,206638.22,03-04-2025 09:00,32.64,54.89
2025,03-Apr 10am,212768.76,03-04-2025 10:00,33.09,48.5
2025,03-Apr 11am,211158.41,03-04-2025 11:00,32.81,54.66
2025,03-Apr 12pm,206170.73,03-04-2025 12:00,35.55,35.96
2025,03-Apr 1pm,201434.54,03-04-2025 13:00,36.45,42.32
2025,03-Apr 2pm,199986.36,03-04-2025 14:00,36.14,36.14
2025,03-Apr 3pm,202924.9,03-04-2025 15:00,37.38,37.74
2025,03-Apr 4pm,199161.37,03-04-2025 16:00,37.18,40.71
2025,03-Apr 5pm,194524.01,03-04-2025 17:00,36.86,40.93
2025,03-Apr 6pm,188729.54,03-04-2025 18:00,34.01,52.75
2025,03-Apr 7pm,197412.62,03-04-2025 19:00,34.18,51.15
2025,03-Apr 8pm,196945.7,03-04-2025 20:00,34.46,50.94
2025,03-Apr 9pm,192011.7,03-04-2025 21:00,30.75,54.12
2025,03-Apr 10pm,189346.68,03-04-2025 22:00,31.37,49.52
2025,03-Apr 11pm,189955.06,03-04-2025 23:00,31.42,47.25
2025,04-Apr 12am,184131.91,04-04-2025 00:00,28.17,36.62
2025,04-Apr 1am,179981.67,04-04-2025 01:00,28.43,39
2025,04-Apr 2am,175652.48,04-04-2025 02:00,27.9,62.13
2025,04-Apr 3am,172529.72,04-04-2025 03:00,28.45,35.43
2025,04-Apr 4am,171605.09,04-04-2025 04:00,28.2,36.29
2025,04-Apr 5am,175336.03,04-04-2025 05:00,27.54,56.06
2025,04-Apr 6am,183646.43,04-04-2025 06:00,30.41,50.85
2025,04-Apr 7am,191172.44,04-04-2025 07:00,29.98,47.43
2025,04-Apr 8am,190003.57,04-04-2025 08:00,29.96,46.66
2025,04-Apr 9am,195476.68,04-04-2025 09:00,33.07,50.93
2025,04-Apr 10am,203407.02,04-04-2025 10:00,32.65,52.61
2025,04-Apr 11am,203558.57,04-04-2025 11:00,32.97,48.32
2025,04-Apr 12pm,200412.29,04-04-2025 12:00,36.33,40.78
2025,04-Apr 1pm,196511.73,04-04-2025 13:00,35.52,35.98
2025,04-Apr 2pm,196283.67,04-04-2025 14:00,35.77,44.35
2025,04-Apr 3pm,201217.88,04-04-2025 15:00,36.5,38.37
2025,04-Apr 4pm,202214.27,04-04-2025 16:00,36.92,44.98
2025,04-Apr 5pm,200882.02,04-04-2025 17:00,37.23,44.79
2025,04-Apr 6pm,197024.87,04-04-2025 18:00,34.3,52.79
2025,04-Apr 7pm,206233.93,04-04-2025 19:00,34.45,45.2
2025,04-Apr 8pm,205479.68,04-04-2025 20:00,34.11,50.43
2025,04-Apr 9pm,196595.31,04-04-2025 21:00,30.75,45.87
2025,04-Apr 10pm,197093.56,04-04-2025 22:00,31.42,53.95
2025,04-Apr 11pm,196023.46,04-04-2025 23:00,31.28,52.9
2025,05-Apr 12am,192220.37,05-04-2025 00:00,28.07,44.72
2025,05-Apr 1am,187831.07,05-04-2025 01:00,28.2,41.08
2025,05-Apr 2am,182215.48,05-04-2025 02:00,28.42,40.22
2025,05-Apr 3am,179054.86,05-04-2025 03:00,28.21,40.19
2025,05-Apr 4am,178334.76,05-04-2025 04:00,27.87,58.86
2025,05-Apr 5am,181893.6,05-04-2025 05:00,28.21,39.69
2025,05-Apr 6am,187367.85,05-04-2025 06:00,29.54,51.35
2025,05-Apr 7am,194007.2,05-04-2025 07:00,29.89,54.33
2025,05-Apr 8am,192685.42,05-04-2025 08:00,29.91,50.96
2025,05-Apr 9am,198958.05,05-04-2025 09:00,32.67,53.57
2025,05-Apr 10am,205368.48,05-04-2025 10:00,32.52,53.63
2025,05-Apr 11am,204577.09,05-04-2025 11:00,32.63,50.19
2025,05-Apr 12pm,199697.06,05-04-2025 12:00,36.15,38.47
2025,05-Apr 1pm,195217.16,05-04-2025 13:00,36.3,41.4
2025,05-Apr 2pm,194604.71,05-04-2025 14:00,36.49,39.46
2025,05-Apr 3pm,200028.99,05-04-2025 15:00,36.85,35.81
2025,05-Apr 4pm,202253.61,05-04-2025 16:00,37.1,38.78
2025,05-Apr 5pm,201652.28,05-04-2025 17:00,37.44,44.94
2025,05-Apr 6pm,193991.64,05-04-2025 18:00,33.67,45.49
2025,05-Apr 7pm,202024.77,05-04-2025 19:00,34.22,51.97
2025,05-Apr 8pm,202772.28,05-04-2025 20:00,34.25,53.41
2025,05-Apr 9pm,197904.5,05-04-2025 21:00,30.59,51.49
2025,05-Apr 10pm,195928.24,05-04-2025 22:00,31.36,50.7
2025,05-Apr 11pm,198799.07,05-04-2025 23:00,31.31,52.08
2025,06-Apr 12am,195927.56,06-04-2025 00:00,27.53,59.29
2025,06-Apr 1am,192146.69,06-04-2025 01:00,27.59,55.91
2025,06-Apr 2am,186546.71,06-04-2025 02:00,27.55,64.62
2025,06-Apr 3am,183494.51,06-04-2025 03:00,27.83,59.32
2025,06-Apr 4am,181917.43,06-04-2025 04:00,28.01,41.65
2025,06-Apr 5am,184599.22,06-04-2025 05:00,28.03,40.31
2025,06-Apr 6am,187258.06,06-04-2025 06:00,29.77,45.55
2025,06-Apr 7am,188860.55,06-04-2025 07:00,30.41,54.53
2025,06-Apr 8am,187816.64,06-04-2025 08:00,29.87,52.93
2025,06-Apr 9am,189340.57,06-04-2025 09:00,32.55,46.49
2025,06-Apr 10am,197351.55,06-04-2025 10:00,32.8,54.82
2025,06-Apr 11am,195151.05,06-04-2025 11:00,33.03,52.37
2025,06-Apr 12pm,192101.55,06-04-2025 12:00,35.91,39.72
2025,06-Apr 1pm,188624.56,06-04-2025 13:00,35.77,41.11
2025,06-Apr 2pm,185549.77,06-04-2025 14:00,35.63,36.07
2025,06-Apr 3pm,189902.63,06-04-2025 15:00,37.32,40.6
2025,06-Apr 4pm,189127.75,06-04-2025 16:00,37.5,35.74
2025,06-Apr 5pm,185717.59,06-04-2025 17:00,36.83,40.45
2025,06-Apr 6pm,180104.77,06-04-2025 18:00,33.88,50.53
2025,06-Apr 7pm,193536.42,06-04-2025 19:00,34.12,53.74
2025,06-Apr 8pm,195319.3,06-04-2025 20:00,34.22,52.25
2025,06-Apr 9pm,193358.68,06-04-2025 21:00,30.89,47.5
2025,06-Apr 10pm,193850.92,06-04-2025 22:00,31.4,53.88
2025,06-Apr 11pm,196468.39,06-04-2025 23:00,31.06,50.73
2025,07-Apr 12am,192580.87,07-04-2025 00:00,27.95,61.06
2025,07-Apr 1am,188413.8,07-04-2025 01:00,28.15,36.69
2025,07-Apr 2am,182959.14,07-04-2025 02:00,28.45,43.58
2025,07-Apr 3am,179476.68,07-04-2025 03:00,28.29,44.31
2025,07-Apr 4am,177866.72,07-04-2025 04:00,27.54,62.75
2025,07-Apr 5am,182273.88,07-04-2025 05:00,27.83,64.41
2025,07-Apr 6am,190153.03,07-04-2025 06:00,29.97,48.02
2025,07-Apr 7am,195737.94,07-04-2025 07:00,29.81,53.61
2025,07-Apr 8am,194032.29,07-04-2025 08:00,30.2,49.89
2025,07-Apr 9am,200389.34,07-04-2025 09:00,33.33,46.64
2025,07-Apr 10am,209691.51,07-04-2025 10:00,33.23,51.69
2025,07-Apr 11am,208740.16,07-04-2025 11:00,33.49,51.84
2025,07-Apr 12pm,206670.64,07-04-2025 12:00,35.77,37.87
2025,07-Apr 1pm,202544.36,07-04-2025 13:00,36.37,35.27
2025,07-Apr 2pm,204097.54,07-04-2025 14:00,36.27,37
2025,07-Apr 3pm,210523.49,07-04-2025 15:00,36.86,39
2025,07-Apr 4pm,213475.04,07-04-2025 16:00,37.23,36.68
2025,07-Apr 5pm,212182.38,07-04-2025 17:00,36.6,36.94
2025,07-Apr 6pm,205520.78,07-04-2025 18:00,34.29,48.91
2025,07-Apr 7pm,212851.27,07-04-2025 19:00,34.03,54.62
2025,07-Apr 8pm,211456.82,07-04-2025 20:00,33.79,52.64
2025,07-Apr 9pm,208265.48,07-04-2025 21:00,31.16,48.2
2025,07-Apr 10pm,207642.88,07-04-2025 22:00,31.14,54.52
2025,07-Apr 11pm,210388.22,07-04-2025 23:00,30.71,51.46
2025,08-Apr 12am,206389.09,08-04-2025 00:00,27.53,59.55
2025,08-Apr 1am,200520.74,08-04-2025 01:00,27.93,59.68
2025,08-Apr 2am,194476.57,08-04-2025 02:00,28.07,39.11
2025,08-Apr 3am,190766.68,08-04-2025 03:00,28.38,37.33
2025,08-Apr 4am,188535.88,08-04-2025 04:00,28.43,38.87
2025,08-Apr 5am,191779.6,08-04-2025 05:00,28.03,40.28
2025,08-Apr 6am,199203.17,08-04-2025 06:00,30.25,50.28
2025,08-Apr 7am,202416.13,08-04-2025 07:00,29.94,52.62
2025,08-Apr 8am,200276.52,08-04-2025 08:00,30.25,48.59
2025,08-Apr 9am,206426.26,08-04-2025 09:00,32.7,52.17
2025,08-Apr 10am,213303.48,08-04-2025 10:00,32.87,50.78
2025,08-Apr 11am,212479.85,08-04-2025 11:00,33.13,54.62
2025,08-Apr 12pm,209825.13,08-04-2025 12:00,35.52,38.85
2025,08-Apr 1pm,205992.22,08-04-2025 13:00,36.22,44.01
2025,08-Apr 2pm,208905.2,08-04-2025 14:00,36.34,43.21
2025,08-Apr 3pm,218258.29,08-04-2025 15:00,36.9,41.38
2025,08-Apr 4pm,219313.99,08-04-2025 16:00,36.95,41.55
2025,08-Apr 5pm,217493.53,08-04-2025 17:00,37.35,35.85
2025,08-Apr 6pm,208484.62,08-04-2025 18:00,34.28,54.5
2025,08-Apr 7pm,213878.76,08-04-2025 19:00,33.79,46.07
2025,08-Apr 8pm,212301.5,08-04-2025 20:00,33.82,50.63
2025,08-Apr 9pm,210398.08,08-04-2025 21:00,31.18,48.3
2025,08-Apr 10pm,211135.93,08-04-2025 22:00,31.06,49.3
2025,08-Apr 11pm,211651.48,08-04-2025 23:00,30.66,51.1
2025,09-Apr 12am,208163.58,09-04-2025 00:00,27.81,64.09
2025,09-Apr 1am,203571.25,09-04-2025 01:00,28.4,39.58
2025,09-Apr 2am,197929.4,09-04-2025 02:00,28.19,44.88
2025,09-Apr 3am,194267.8,09-04-2025 03:00,28.49,40.93
2025,09-Apr 4am,191758.74,09-04-2025 04:00,28.27,36.61
2025,09-Apr 5am,195320.17,09-04-2025 05:00,28.44,36.9
2025,09-Apr 6am,200829.93,09-04-2025 06:00,29.72,52.16
2025,09-Apr 7am,204414.99,09-04-2025 07:00,30.27,45.5
2025,09-Apr 8am,201848.26,09-04-2025 08:00,29.52,49.8
2025,09-Apr 9am,209483.16,09-04-2025 09:00,33.17,46.48
2025,09-Apr 10am,217045.45,09-04-2025 10:00,32.97,49.33
2025,09-Apr 11am,215209.73,09-04-2025 11:00,32.85,52.5
2025,09-Apr 12pm,213312.59,09-04-2025 12:00,36.36,39.59
2025,09-Apr 1pm,210433.14,09-04-2025 13:00,36.35,36.63
2025,09-Apr 2pm,212037.89,09-04-2025 14:00,35.52,37.52
2025,09-Apr 3pm,219392.51,09-04-2025 15:00,37.11,38.68
2025,09-Apr 4pm,221658.6,09-04-2025 16:00,36.87,35.7
2025,09-Apr 5pm,217547.67,09-04-2025 17:00,36.92,40.84
2025,09-Apr 6pm,208487.59,09-04-2025 18:00,34.33,51.08
2025,09-Apr 7pm,213543.14,09-04-2025 19:00,33.81,45.62
2025,09-Apr 8pm,212913.74,09-04-2025 20:00,34.44,49.02
2025,09-Apr 9pm,211863.61,09-04-2025 21:00,30.68,49.14
2025,09-Apr 10pm,212008.45,09-04-2025 22:00,31.16,48.34
2025,09-Apr 11pm,214940.16,09-04-2025 23:00,31.17,50.58
2025,10-Apr 12am,210771.56,10-04-2025 00:00,27.75,58.46
2025,10-Apr 1am,205398.9,10-04-2025 01:00,27.82,59.16
2025,10-Apr 2am,197588.97,10-04-2025 02:00,28.33,42.98
2025,10-Apr 3am,191612.08,10-04-2025 03:00,28.26,36.62
2025,10-Apr 4am,187667.36,10-04-2025 04:00,27.83,61.19
2025,10-Apr 5am,188928.72,10-04-2025 05:00,28.03,40.06
2025,10-Apr 6am,193868.75,10-04-2025 06:00,29.56,48.05
2025,10-Apr 7am,197605.37,10-04-2025 07:00,29.71,52.28
2025,10-Apr 8am,196630.53,10-04-2025 08:00,29.99,50.51
2025,10-Apr 9am,202334.05,10-04-2025 09:00,32.59,49.77
2025,10-Apr 10am,209958.08,10-04-2025 10:00,33.34,51.68
2025,10-Apr 11am,209781.64,10-04-2025 11:00,33.22,53.02
2025,10-Apr 12pm,207446.74,10-04-2025 12:00,36.44,44.73
2025,10-Apr 1pm,203526.99,10-04-2025 13:00,36.19,41.29
2025,10-Apr 2pm,204936.96,10-04-2025 14:00,36.44,43.74
2025,10-Apr 3pm,209581.1,10-04-2025 15:00,37.05,35.01
2025,10-Apr 4pm,207665.78,10-04-2025 16:00,37.1,40.3
2025,10-Apr 5pm,199493.35,10-04-2025 17:00,37.48,37.15
2025,10-Apr 6pm,190704.77,10-04-2025 18:00,34.14,45.94
2025,10-Apr 7pm,196628.48,10-04-2025 19:00,33.53,50.32
2025,10-Apr 8pm,196919.27,10-04-2025 20:00,34.22,52.47
2025,10-Apr 9pm,194131.22,10-04-2025 21:00,31.41,49.12
2025,10-Apr 10pm,193277.16,10-04-2025 22:00,31.3,51.7
2025,10-Apr 11pm,196619.65,10-04-2025 23:00,31.08,49.9
2025,11-Apr 12am,192353.41,11-04-2025 00:00,28.17,39.37
2025,11-Apr 1am,187525.03,11-04-2025 01:00,28.49,37.9
2025,11-Apr 2am,183066.22,11-04-2025 02:00,27.59,58.83
2025,11-Apr 3am,179297.14,11-04-2025 03:00,28.17,38.5
2025,11-Apr 4am,177388.75,11-04-2025 04:00,27.78,61.46
2025,11-Apr 5am,179473.17,11-04-2025 05:00,28.14,36.16
2025,11-Apr 6am,187213.99,11-04-2025 06:00,30.11,45.93
2025,11-Apr 7am,190958.87,11-04-2025 07:00,29.65,51.6
2025,11-Apr 8am,189560,11-04-2025 08:00,29.71,50.46
2025,11-Apr 9am,194703.1,11-04-2025 09:00,33.12,49.3
2025,11-Apr 10am,201889.86,11-04-2025 10:00,32.63,46.52
2025,11-Apr 11am,202228.44,11-04-2025 11:00,32.77,49.11
2025,11-Apr 12pm,200533.74,11-04-2025 12:00,36.34,42.9
2025,11-Apr 1pm,198326.8,11-04-2025 13:00,35.83,43.9
2025,11-Apr 2pm,198695.48,11-04-2025 14:00,35.99,42.03
2025,11-Apr 3pm,205277.31,11-04-2025 15:00,37.44,35.6
2025,11-Apr 4pm,205294.75,11-04-2025 16:00,36.73,41.7
2025,11-Apr 5pm,201312.95,11-04-2025 17:00,36.89,37.41
2025,11-Apr 6pm,193680.29,11-04-2025 18:00,34.11,48.15
2025,11-Apr 7pm,196269.19,11-04-2025 19:00,34.26,46.96
2025,11-Apr 8pm,193928.33,11-04-2025 20:00,34.4,52.76
2025,11-Apr 9pm,189914.6,11-04-2025 21:00,31.42,51.49
2025,11-Apr 10pm,189552.38,11-04-2025 22:00,31.28,51.12
2025,11-Apr 11pm,192342.71,11-04-2025 23:00,30.73,51.68
2025,12-Apr 12am,187114.4,12-04-2025 00:00,27.52,57.37
2025,12-Apr 1am,183631.08,12-04-2025 01:00,27.88,59.45
2025,12-Apr 2am,179919.83,12-04-2025 02:00,27.64,61.33
2025,12-Apr 3am,175938.44,12-04-2025 03:00,28.21,41.37
2025,12-Apr 4am,173849.01,12-04-2025 04:00,28.16,42.92
2025,12-Apr 5am,176342.09,12-04-2025 05:00,27.54,57.87
2025,12-Apr 6am,183065.11,12-04-2025 06:00,30.34,52.7
2025,12-Apr 7am,187231.69,12-04-2025 07:00,29.75,49.4
2025,12-Apr 8am,186259.99,12-04-2025 08:00,29.93,51.7
2025,12-Apr 9am,190909.55,12-04-2025 09:00,33.17,49.56
2025,12-Apr 10am,196152.02,12-04-2025 10:00,32.93,54.49
2025,12-Apr 11am,197819.47,12-04-2025 11:00,32.94,46.79
2025,12-Apr 12pm,196764.3,12-04-2025 12:00,35.57,41.75
2025,12-Apr 1pm,196087.68,12-04-2025 13:00,35.9,40.77
2025,12-Apr 2pm,198231.74,12-04-2025 14:00,36.26,36.73
2025,12-Apr 3pm,204461.08,12-04-2025 15:00,37.42,35.66
2025,12-Apr 4pm,205950.65,12-04-2025 16:00,36.91,42.99
2025,12-Apr 5pm,199636.38,12-04-2025 17:00,36.92,36.57
2025,12-Apr 6pm,194336.16,12-04-2025 18:00,34.2,46.87
2025,12-Apr 7pm,199411.09,12-04-2025 19:00,34.44,54.78
2025,12-Apr 8pm,202348.43,12-04-2025 20:00,33.77,52.17
2025,12-Apr 9pm,199116.86,12-04-2025 21:00,30.94,47.5
2025,12-Apr 10pm,199112.62,12-04-2025 22:00,31.3,50.91
2025,12-Apr 11pm,201702.29,12-04-2025 23:00,31.11,50.34
2025,13-Apr 12am,196994.04,13-04-2025 00:00,27.61,63.44
2025,13-Apr 1am,191908.43,13-04-2025 01:00,28.13,42.29
2025,13-Apr 2am,185896.65,13-04-2025 02:00,27.69,63.32
2025,13-Apr 3am,180896.66,13-04-2025 03:00,28.01,37.12
2025,13-Apr 4am,177567.64,13-04-2025 04:00,28.03,41.4
2025,13-Apr 5am,178521.58,13-04-2025 05:00,28.38,35.4
2025,13-Apr 6am,182411.83,13-04-2025 06:00,29.96,45.69
2025,13-Apr 7am,183329.89,13-04-2025 07:00,29.78,52.14
2025,13-Apr 8am,180134.79,13-04-2025 08:00,29.73,45.24
2025,13-Apr 9am,182618.74,13-04-2025 09:00,33.37,50.8
2025,13-Apr 10am,185791.78,13-04-2025 10:00,32.67,53.4
2025,13-Apr 11am,186478.05,13-04-2025 11:00,32.93,48.8
2025,13-Apr 12pm,185925.81,13-04-2025 12:00,35.69,35.45
2025,13-Apr 1pm,184176.48,13-04-2025 13:00,36.27,42.14
2025,13-Apr 2pm,185271.55,13-04-2025 14:00,35.97,44.3
2025,13-Apr 3pm,188702.99,13-04-2025 15:00,36.85,42.17
2025,13-Apr 4pm,186644.27,13-04-2025 16:00,36.86,40.78
2025,13-Apr 5pm,183040.27,13-04-2025 17:00,37.35,37.3
2025,13-Apr 6pm,178459.59,13-04-2025 18:00,34.05,45.15
2025,13-Apr 7pm,190502.03,13-04-2025 19:00,34.22,51.95
2025,13-Apr 8pm,195732.87,13-04-2025 20:00,34.4,47.31
2025,13-Apr 9pm,193097.18,13-04-2025 21:00,31.4,53.58
2025,13-Apr 10pm,192832.56,13-04-2025 22:00,30.83,49.66
2025,13-Apr 11pm,196882.72,13-04-2025 23:00,31.45,50.31
2025,14-Apr 12am,192666.88,14-04-2025 00:00,27.52,62.54
2025,14-Apr 1am,188777.12,14-04-2025 01:00,27.88,62.79
2025,14-Apr 2am,183164.02,14-04-2025 02:00,28.4,41.43
2025,14-Apr 3am,178993.28,14-04-2025 03:00,27.77,64.38
2025,14-Apr 4am,177983.25,14-04-2025 04:00,27.77,64.82
2025,14-Apr 5am,180036.43,14-04-2025 05:00,27.8,64.47
2025,14-Apr 6am,185436.83,14-04-2025 06:00,30.11,53.24
2025,14-Apr 7am,188726.01,14-04-2025 07:00,29.94,52.06
2025,14-Apr 8am,187348.3,14-04-2025 08:00,30.23,51.63
2025,14-Apr 9am,191609.16,14-04-2025 09:00,33.39,46.04
2025,14-Apr 10am,200660.42,14-04-2025 10:00,33.17,47.71
2025,14-Apr 11am,202711.94,14-04-2025 11:00,32.7,45.06
2025,14-Apr 12pm,202139.72,14-04-2025 12:00,36.43,36.37
2025,14-Apr 1pm,198995.82,14-04-2025 13:00,35.76,39.39
2025,14-Apr 2pm,199296.59,14-04-2025 14:00,35.65,36.47
2025,14-Apr 3pm,204952.77,14-04-2025 15:00,36.59,44.02
2025,14-Apr 4pm,202754.75,14-04-2025 16:00,37.06,43.06
2025,14-Apr 5pm,199627.33,14-04-2025 17:00,36.61,35.72
2025,14-Apr 6pm,193930.93,14-04-2025 18:00,33.64,47.49
2025,14-Apr 7pm,202894.01,14-04-2025 19:00,33.8,53.19
2025,14-Apr 8pm,204402.79,14-04-2025 20:00,33.78,53.03
2025,14-Apr 9pm,200723.98,14-04-2025 21:00,31.1,54.45
2025,14-Apr 10pm,200480.66,14-04-2025 22:00,31.32,54.98
2025,14-Apr 11pm,202992.59,14-04-2025 23:00,31.26,54.76
2025,15-Apr 12am,199482.91,15-04-2025 00:00,27.76,59.1
2025,15-Apr 1am,194821.56,15-04-2025 01:00,27.75,57.5
2025,15-Apr 2am,188399.73,15-04-2025 02:00,28.47,42.58
2025,15-Apr 3am,184158,15-04-2025 03:00,27.51,57.99
2025,15-Apr 4am,181911.93,15-04-2025 04:00,28.38,43.06
2025,15-Apr 5am,185040.37,15-04-2025 05:00,27.7,60.34
2025,15-Apr 6am,192776.91,15-04-2025 06:00,30.45,52.94
2025,15-Apr 7am,195189.77,15-04-2025 07:00,29.84,47.76
2025,15-Apr 8am,192233.87,15-04-2025 08:00,29.94,50.08
2025,15-Apr 9am,198819.9,15-04-2025 09:00,33.21,50.64
2025,15-Apr 10am,205279.55,15-04-2025 10:00,33.09,54.43
2025,15-Apr 11am,206229.43,15-04-2025 11:00,32.82,47.67
2025,15-Apr 12pm,203693.28,15-04-2025 12:00,36.05,44.37
2025,15-Apr 1pm,200888.15,15-04-2025 13:00,36.23,43.05
2025,15-Apr 2pm,201623.67,15-04-2025 14:00,35.54,42.31
2025,15-Apr 3pm,208548.25,15-04-2025 15:00,36.51,42.87
2025,15-Apr 4pm,209639.99,15-04-2025 16:00,36.96,41.05
2025,15-Apr 5pm,208523.87,15-04-2025 17:00,36.63,37.44
2025,15-Apr 6pm,202226.7,15-04-2025 18:00,34.16,46.89
2025,15-Apr 7pm,211154.2,15-04-2025 19:00,33.71,53.66
2025,15-Apr 8pm,212453.39,15-04-2025 20:00,33.93,52.25
2025,15-Apr 9pm,208423.72,15-04-2025 21:00,30.7,47.13
2025,15-Apr 10pm,209015.69,15-04-2025 22:00,31.05,51.15
2025,15-Apr 11pm,211715.27,15-04-2025 23:00,30.62,49.48
2025,16-Apr 12am,207001.55,16-04-2025 00:00,27.52,56.59
2025,16-Apr 1am,200714.51,16-04-2025 01:00,27.55,60.32
2025,16-Apr 2am,196251.75,16-04-2025 02:00,28.45,37.82
2025,16-Apr 3am,190142.17,16-04-2025 03:00,27.64,55.96
2025,16-Apr 4am,188161.01,16-04-2025 04:00,28.21,39.67
2025,16-Apr 5am,191982.15,16-04-2025 05:00,27.57,60.9
2025,16-Apr 6am,197100.48,16-04-2025 06:00,29.61,45.47
2025,16-Apr 7am,198963.64,16-04-2025 07:00,30.01,49.02
2025,16-Apr 8am,195192.08,16-04-2025 08:00,29.96,47.58
2025,16-Apr 9am,202821.52,16-04-2025 09:00,33.45,45.31
2025,16-Apr 10am,210472.48,16-04-2025 10:00,33.44,46.26
2025,16-Apr 11am,210272.06,16-04-2025 11:00,33.28,46.39
2025,16-Apr 12pm,207123.27,16-04-2025 12:00,36.1,36.83
2025,16-Apr 1pm,205745.78,16-04-2025 13:00,35.95,43.03
2025,16-Apr 2pm,206168.1,16-04-2025 14:00,35.86,39.39
2025,16-Apr 3pm,213585.32,16-04-2025 15:00,37.45,36.47
2025,16-Apr 4pm,215125.04,16-04-2025 16:00,37.1,36
2025,16-Apr 5pm,213309.01,16-04-2025 17:00,37.08,37.98
2025,16-Apr 6pm,205710.77,16-04-2025 18:00,33.73,52.98
2025,16-Apr 7pm,214037.51,16-04-2025 19:00,33.55,48.64
2025,16-Apr 8pm,215381.47,16-04-2025 20:00,34.45,46.6
2025,16-Apr 9pm,210961.61,16-04-2025 21:00,30.81,49.04
2025,16-Apr 10pm,210189.02,16-04-2025 22:00,30.94,50.55
2025,16-Apr 11pm,211545.79,16-04-2025 23:00,30.61,45.3
2025,17-Apr 12am,207399.38,17-04-2025 00:00,28.34,41.28
2025,17-Apr 1am,200717.94,17-04-2025 01:00,27.53,58.95
2025,17-Apr 2am,193466.9,17-04-2025 02:00,28.33,35.1
2025,17-Apr 3am,188899.8,17-04-2025 03:00,27.64,61.74
2025,17-Apr 4am,186550.97,17-04-2025 04:00,28.39,42.12
2025,17-Apr 5am,188448.26,17-04-2025 05:00,28.23,41.29
2025,17-Apr 6am,193341.29,17-04-2025 06:00,29.66,48.42
2025,17-Apr 7am,195294.77,17-04-2025 07:00,30.07,50.3
2025,17-Apr 8am,193142.12,17-04-2025 08:00,29.81,48.87
2025,17-Apr 9am,201487.07,17-04-2025 09:00,32.68,52.01
2025,17-Apr 10am,210459.45,17-04-2025 10:00,33.36,50.84
2025,17-Apr 11am,210822.3,17-04-2025 11:00,32.9,45.82
2025,17-Apr 12pm,211000.39,17-04-2025 12:00,35.9,41.43
2025,17-Apr 1pm,208815.52,17-04-2025 13:00,35.67,41.87
2025,17-Apr 2pm,210847.47,17-04-2025 14:00,35.88,38.71
2025,17-Apr 3pm,218230.47,17-04-2025 15:00,37.37,43.76
2025,17-Apr 4pm,218894.74,17-04-2025 16:00,36.86,43.43
2025,17-Apr 5pm,214620.48,17-04-2025 17:00,37.45,36.75
2025,17-Apr 6pm,205784.49,17-04-2025 18:00,34.45,54.04
2025,17-Apr 7pm,213632.18,17-04-2025 19:00,33.64,49.41
2025,17-Apr 8pm,214949.4,17-04-2025 20:00,33.68,52.24
2025,17-Apr 9pm,212980.8,17-04-2025 21:00,31.36,53.14
2025,17-Apr 10pm,213236.02,17-04-2025 22:00,30.89,50.05
2025,17-Apr 11pm,216345.48,17-04-2025 23:00,30.5,48.99
2025,18-Apr 12am,211916.68,18-04-2025 00:00,27.77,64.15
2025,18-Apr 1am,206430.07,18-04-2025 01:00,28.1,37.31
2025,18-Apr 2am,200472,18-04-2025 02:00,28.3,37.57
2025,18-Apr 3am,195879.24,18-04-2025 03:00,27.63,58.62
2025,18-Apr 4am,192777.33,18-04-2025 04:00,27.61,63.59
2025,18-Apr 5am,194511.95,18-04-2025 05:00,28.42,44.39
2025,18-Apr 6am,197878.82,18-04-2025 06:00,30.25,47.2
2025,18-Apr 7am,198752.08,18-04-2025 07:00,30.09,53.64
2025,18-Apr 8am,194630.14,18-04-2025 08:00,30.27,47.58
2025,18-Apr 9am,203748.72,18-04-2025 09:00,32.93,54.71
2025,18-Apr 10am,211514.08,18-04-2025 10:00,33.26,50.97
2025,18-Apr 11am,211741.11,18-04-2025 11:00,32.87,45.07
2025,18-Apr 12pm,209959.51,18-04-2025 12:00,35.74,35.34
2025,18-Apr 1pm,205847.15,18-04-2025 13:00,36.23,36.47
2025,18-Apr 2pm,207162.83,18-04-2025 14:00,35.92,36.88
2025,18-Apr 3pm,211530.12,18-04-2025 15:00,37.48,42.68
2025,18-Apr 4pm,210321.57,18-04-2025 16:00,36.85,37.23
2025,18-Apr 5pm,205178.58,18-04-2025 17:00,37.42,44.69
2025,18-Apr 6pm,197410.86,18-04-2025 18:00,34.43,51.36
2025,18-Apr 7pm,206076.98,18-04-2025 19:00,33.74,51.93
2025,18-Apr 8pm,206942.5,18-04-2025 20:00,34.3,47.18
2025,18-Apr 9pm,203018.15,18-04-2025 21:00,30.93,53.93
2025,18-Apr 10pm,201164.44,18-04-2025 22:00,31.42,51.68
2025,18-Apr 11pm,204479.12,18-04-2025 23:00,30.95,53.64
2025,19-Apr 12am,201411.49,19-04-2025 00:00,28.24,44.56
2025,19-Apr 1am,196335.19,19-04-2025 01:00,27.97,56.26
2025,19-Apr 2am,190717.58,19-04-2025 02:00,27.73,55.97
2025,19-Apr 3am,186509.7,19-04-2025 03:00,27.7,63.03
2025,19-Apr 4am,183178.97,19-04-2025 04:00,27.93,63.66
2025,19-Apr 5am,184045.87,19-04-2025 05:00,28.26,40.84
2025,19-Apr 6am,188683.76,19-04-2025 06:00,30.11,48.66
2025,19-Apr 7am,190481.24,19-04-2025 07:00,30.19,51.53
2025,19-Apr 8am,189602.08,19-04-2025 08:00,29.78,48.06
2025,19-Apr 9am,195044.03,19-04-2025 09:00,32.98,47.38
2025,19-Apr 10am,202216.14,19-04-2025 10:00,32.54,49.88
2025,19-Apr 11am,204209.13,19-04-2025 11:00,33.32,47.16
2025,19-Apr 12pm,203558.28,19-04-2025 12:00,36.49,39.84
2025,19-Apr 1pm,202742.59,19-04-2025 13:00,35.91,44.57
2025,19-Apr 2pm,203046.5,19-04-2025 14:00,35.51,43.4
2025,19-Apr 3pm,210645.46,19-04-2025 15:00,36.67,44.42
2025,19-Apr 4pm,212543.13,19-04-2025 16:00,37.15,43.06
2025,19-Apr 5pm,208674.36,19-04-2025 17:00,37.11,38.55
2025,19-Apr 6pm,205204.22,19-04-2025 18:00,34.29,53.12
2025,19-Apr 7pm,215422.08,19-04-2025 19:00,33.75,54.23
2025,19-Apr 8pm,218076.83,19-04-2025 20:00,34.26,54.47
2025,19-Apr 9pm,215577.28,19-04-2025 21:00,31.19,51.83
2025,19-Apr 10pm,216295.47,19-04-2025 22:00,30.82,47.11
2025,19-Apr 11pm,217158.76,19-04-2025 23:00,31.05,45.4
2025,20-Apr 12am,214296.87,20-04-2025 00:00,27.65,56.47
2025,20-Apr 1am,210089.12,20-04-2025 01:00,27.95,64.66
2025,20-Apr 2am,204021.37,20-04-2025 02:00,28.38,39.62
2025,20-Apr 3am,199940.48,20-04-2025 03:00,27.92,63.55
2025,20-Apr 4am,197128.35,20-04-2025 04:00,28.34,39.65
2025,20-Apr 5am,197575.18,20-04-2025 05:00,28.09,41.61
2025,20-Apr 6am,198642.64,20-04-2025 06:00,29.69,45.24
2025,20-Apr 7am,196346.06,20-04-2025 07:00,30.08,47.5
2025,20-Apr 8am,192120.64,20-04-2025 08:00,30.01,49.36
2025,20-Apr 9am,193802.02,20-04-2025 09:00,32.9,51.31
2025,20-Apr 10am,197846.57,20-04-2025 10:00,32.62,46.72
2025,20-Apr 11am,199225.53,20-04-2025 11:00,32.92,52.65
2025,20-Apr 12pm,197968.68,20-04-2025 12:00,35.57,38.64
2025,20-Apr 1pm,196600.36,20-04-2025 13:00,35.6,43.17
2025,20-Apr 2pm,198290.2,20-04-2025 14:00,35.92,35.98
2025,20-Apr 3pm,203326.28,20-04-2025 15:00,36.81,41.8
2025,20-Apr 4pm,202386.18,20-04-2025 16:00,37.43,37.93
2025,20-Apr 5pm,198292.85,20-04-2025 17:00,36.88,42.95
2025,20-Apr 6pm,191186.8,20-04-2025 18:00,34.26,49.02
2025,20-Apr 7pm,201680.53,20-04-2025 19:00,34.03,51.65
2025,20-Apr 8pm,207954.96,20-04-2025 20:00,34.2,54.34
2025,20-Apr 9pm,208323.15,20-04-2025 21:00,30.76,45.21
2025,20-Apr 10pm,211144.52,20-04-2025 22:00,31.44,45.11
2025,20-Apr 11pm,211603.05,20-04-2025 23:00,31.03,52.7
2025,21-Apr 12am,209729.02,21-04-2025 00:00,28.33,41.46
2025,21-Apr 1am,204862.54,21-04-2025 01:00,27.87,57.93
2025,21-Apr 2am,199042.54,21-04-2025 02:00,27.6,59.94
2025,21-Apr 3am,195047.63,21-04-2025 03:00,28.17,35.42
2025,21-Apr 4am,192083.18,21-04-2025 04:00,27.51,56.92
2025,21-Apr 5am,192719.48,21-04-2025 05:00,27.98,59.24
2025,21-Apr 6am,197792.13,21-04-2025 06:00,29.69,53.34
2025,21-Apr 7am,199856.06,21-04-2025 07:00,30.13,49.8
2025,21-Apr 8am,197379.68,21-04-2025 08:00,30.48,50.86
2025,21-Apr 9am,206439.25,21-04-2025 09:00,32.96,53.74
2025,21-Apr 10am,215085.99,21-04-2025 10:00,33.32,48.09
2025,21-Apr 11am,217250.05,21-04-2025 11:00,33.01,52.01
2025,21-Apr 12pm,217859.36,21-04-2025 12:00,36,43.62
2025,21-Apr 1pm,215546.56,21-04-2025 13:00,36.43,37.03
2025,21-Apr 2pm,218405.98,21-04-2025 14:00,36.39,38.56
2025,21-Apr 3pm,224804.04,21-04-2025 15:00,37.29,44.8
2025,21-Apr 4pm,225040.65,21-04-2025 16:00,36.8,44.83
2025,21-Apr 5pm,219363.71,21-04-2025 17:00,37.05,37.23
2025,21-Apr 6pm,209551.87,21-04-2025 18:00,33.72,45.66
2025,21-Apr 7pm,213738.89,21-04-2025 19:00,33.94,47.71
2025,21-Apr 8pm,214247.53,21-04-2025 20:00,33.98,48.98
2025,21-Apr 9pm,213445.06,21-04-2025 21:00,31.33,49.41
2025,21-Apr 10pm,215456.51,21-04-2025 22:00,31.4,51.19
2025,21-Apr 11pm,215271.02,21-04-2025 23:00,30.91,54
2025,22-Apr 12am,212567.01,22-04-2025 00:00,27.52,58.3
2025,22-Apr 1am,210133.69,22-04-2025 01:00,28.36,43.5
2025,22-Apr 2am,206088.09,22-04-2025 02:00,27.67,55.93
2025,22-Apr 3am,202255.26,22-04-2025 03:00,28.12,35.42
2025,22-Apr 4am,200220.56,22-04-2025 04:00,27.52,60.04
2025,22-Apr 5am,201056,22-04-2025 05:00,27.9,55.6
2025,22-Apr 6am,201849.86,22-04-2025 06:00,30.49,48.92
2025,22-Apr 7am,204291.96,22-04-2025 07:00,29.6,53.97
2025,22-Apr 8am,202101.53,22-04-2025 08:00,29.92,47.41
2025,22-Apr 9am,211439.93,22-04-2025 09:00,32.81,52.06
2025,22-Apr 10am,219705.88,22-04-2025 10:00,33.41,48.02
2025,22-Apr 11am,219942.14,22-04-2025 11:00,33.37,45.45
2025,22-Apr 12pm,218528.29,22-04-2025 12:00,35.74,40.57
2025,22-Apr 1pm,216000.68,22-04-2025 13:00,35.58,43.35
2025,22-Apr 2pm,218072.01,22-04-2025 14:00,36.13,39.09
2025,22-Apr 3pm,225113.59,22-04-2025 15:00,36.84,41.17
2025,22-Apr 4pm,225234.46,22-04-2025 16:00,37.17,44
2025,22-Apr 5pm,220319.94,22-04-2025 17:00,36.53,42.9
2025,22-Apr 6pm,211574.82,22-04-2025 18:00,33.63,46.94
2025,22-Apr 7pm,219039.35,22-04-2025 19:00,34.19,52.33
2025,22-Apr 8pm,220008.63,22-04-2025 20:00,33.71,50.02
2025,22-Apr 9pm,217955.99,22-04-2025 21:00,31.36,52.46
2025,22-Apr 10pm,220332.75,22-04-2025 22:00,30.56,49.95
2025,22-Apr 11pm,220627.09,22-04-2025 23:00,30.72,46.28
2025,23-Apr 12am,217653.25,23-04-2025 00:00,28.5,40.7
2025,23-Apr 1am,212688.37,23-04-2025 01:00,27.93,59.92
2025,23-Apr 2am,207543.82,23-04-2025 02:00,28.2,40.18
2025,23-Apr 3am,203806.01,23-04-2025 03:00,27.68,63.79
2025,23-Apr 4am,201205.74,23-04-2025 04:00,28.11,43.95
2025,23-Apr 5am,202160.01,23-04-2025 05:00,28.23,39.54
2025,23-Apr 6am,204328.2,23-04-2025 06:00,29.81,49.56
2025,23-Apr 7am,204568.85,23-04-2025 07:00,30.33,50.15
2025,23-Apr 8am,202850.74,23-04-2025 08:00,30.1,50.2
2025,23-Apr 9am,212064.53,23-04-2025 09:00,32.89,54.5
2025,23-Apr 10am,220594.17,23-04-2025 10:00,33.06,51.49
2025,23-Apr 11am,219808.25,23-04-2025 11:00,33.08,47.77
2025,23-Apr 12pm,216552.94,23-04-2025 12:00,35.67,40.32
2025,23-Apr 1pm,212015.11,23-04-2025 13:00,35.9,41.27
2025,23-Apr 2pm,213477.99,23-04-2025 14:00,35.84,41.4
2025,23-Apr 3pm,222465.05,23-04-2025 15:00,36.9,40.85
2025,23-Apr 4pm,224515.66,23-04-2025 16:00,37.26,36.78
2025,23-Apr 5pm,222296.12,23-04-2025 17:00,36.98,35.34
2025,23-Apr 6pm,213354.31,23-04-2025 18:00,34.44,48.38
2025,23-Apr 7pm,220122.63,23-04-2025 19:00,33.79,49.28
2025,23-Apr 8pm,222153.99,23-04-2025 20:00,33.92,45.62
2025,23-Apr 9pm,220768.45,23-04-2025 21:00,31.29,53.15
2025,23-Apr 10pm,221998.11,23-04-2025 22:00,31.05,48.44
2025,23-Apr 11pm,224392.24,23-04-2025 23:00,31.05,54.14
2025,24-Apr 12am,218956.72,24-04-2025 00:00,27.55,56.54
2025,24-Apr 1am,214792.95,24-04-2025 01:00,27.9,55.57
2025,24-Apr 2am,209231.23,24-04-2025 02:00,27.77,59.82
2025,24-Apr 3am,204890.13,24-04-2025 03:00,28.5,36.89
2025,24-Apr 4am,200886.13,24-04-2025 04:00,27.81,64.37
2025,24-Apr 5am,202309.03,24-04-2025 05:00,28.38,35.1
2025,24-Apr 6am,206133.28,24-04-2025 06:00,30.18,49.13
2025,24-Apr 7am,206046.94,24-04-2025 07:00,29.84,54.27
2025,24-Apr 8am,202725.45,24-04-2025 08:00,30.04,48.84
2025,24-Apr 9am,211510.16,24-04-2025 09:00,33.34,45.93
2025,24-Apr 10am,221054.56,24-04-2025 10:00,33.38,48.03
2025,24-Apr 11am,221686.64,24-04-2025 11:00,32.66,49.98
2025,24-Apr 12pm,217794.42,24-04-2025 12:00,35.84,36.85
2025,24-Apr 1pm,215007.13,24-04-2025 13:00,35.84,39.67
2025,24-Apr 2pm,220289.93,24-04-2025 14:00,35.54,43.36
2025,24-Apr 3pm,229335.81,24-04-2025 15:00,37.1,43.73
2025,24-Apr 4pm,230485.79,24-04-2025 16:00,37.35,35.49
2025,24-Apr 5pm,225802.23,24-04-2025 17:00,36.88,36.61
2025,24-Apr 6pm,215351.77,24-04-2025 18:00,34.24,47.75
2025,24-Apr 7pm,221788.26,24-04-2025 19:00,34.13,50.95
2025,24-Apr 8pm,224398.54,24-04-2025 20:00,33.88,48.61
2025,24-Apr 9pm,223437.84,24-04-2025 21:00,30.64,53.44
2025,24-Apr 10pm,224973.35,24-04-2025 22:00,31.21,52.17
2025,24-Apr 11pm,225667.82,24-04-2025 23:00,31.35,46
2025,25-Apr 12am,223112.8,25-04-2025 00:00,28.19,41.25
2025,25-Apr 1am,217957.39,25-04-2025 01:00,27.52,56.13
2025,25-Apr 2am,212805.82,25-04-2025 02:00,27.72,57.55
2025,25-Apr 3am,208692.11,25-04-2025 03:00,27.57,56.78
2025,25-Apr 4am,204592.11,25-04-2025 04:00,28.07,36.73
2025,25-Apr 5am,206145.72,25-04-2025 05:00,28.26,41.16
2025,25-Apr 6am,208969.16,25-04-2025 06:00,29.61,50.64
2025,25-Apr 7am,209816.6,25-04-2025 07:00,30.34,46.76
2025,25-Apr 8am,205225.59,25-04-2025 08:00,30.06,54.9
2025,25-Apr 9am,210979.49,25-04-2025 09:00,33.19,49.22
2025,25-Apr 10am,225988.78,25-04-2025 10:00,33.47,45.97
2025,25-Apr 11am,227213.44,25-04-2025 11:00,32.58,46.21
2025,25-Apr 12pm,225079.19,25-04-2025 12:00,36.4,40.84
2025,25-Apr 1pm,223778.22,25-04-2025 13:00,35.63,44.79
2025,25-Apr 2pm,225389.28,25-04-2025 14:00,35.89,40.72
2025,25-Apr 3pm,233191.28,25-04-2025 15:00,37.35,44.49
2025,25-Apr 4pm,232010.57,25-04-2025 16:00,37.41,39.44
2025,25-Apr 5pm,224786.15,25-04-2025 17:00,37.01,39.36
2025,25-Apr 6pm,214578.94,25-04-2025 18:00,34.09,50
2025,25-Apr 7pm,221583.19,25-04-2025 19:00,34.21,51.97
2025,25-Apr 8pm,222434.32,25-04-2025 20:00,34.33,48.68
2025,25-Apr 9pm,221461.27,25-04-2025 21:00,30.62,53.64
2025,25-Apr 10pm,224226.58,25-04-2025 22:00,31.31,45.29
2025,25-Apr 11pm,226288.29,25-04-2025 23:00,30.98,49.4
2025,26-Apr 12am,223566.16,26-04-2025 00:00,27.95,60.11
2025,26-Apr 1am,217914.31,26-04-2025 01:00,27.92,61.07
2025,26-Apr 2am,212236.93,26-04-2025 02:00,28.01,37.76
2025,26-Apr 3am,207535.74,26-04-2025 03:00,28.45,39.27
2025,26-Apr 4am,203852.55,26-04-2025 04:00,28.05,39.85
2025,26-Apr 5am,205272.1,26-04-2025 05:00,28.45,41.87
2025,26-Apr 6am,206965.56,26-04-2025 06:00,29.68,52.74
2025,26-Apr 7am,205035.19,26-04-2025 07:00,30.22,52.38
2025,26-Apr 8am,202151.83,26-04-2025 08:00,30.31,48.42
2025,26-Apr 9am,210394.42,26-04-2025 09:00,33.18,54.99
2025,26-Apr 10am,221230.6,26-04-2025 10:00,33.11,53.49
2025,26-Apr 11am,222011.61,26-04-2025 11:00,33.06,47.6
2025,26-Apr 12pm,219831.97,26-04-2025 12:00,36.36,36.95
2025,26-Apr 1pm,219021.27,26-04-2025 13:00,36.32,38.14
2025,26-Apr 2pm,222634.52,26-04-2025 14:00,35.62,39.52
2025,26-Apr 3pm,231301.77,26-04-2025 15:00,37.35,43.51
2025,26-Apr 4pm,228104.45,26-04-2025 16:00,36.91,42.78
2025,26-Apr 5pm,219897.06,26-04-2025 17:00,36.75,43.51
2025,26-Apr 6pm,209840.17,26-04-2025 18:00,34.37,47.72
2025,26-Apr 7pm,215376.06,26-04-2025 19:00,33.93,50.93
2025,26-Apr 8pm,218861.44,26-04-2025 20:00,34.31,47.83
2025,26-Apr 9pm,216910.1,26-04-2025 21:00,30.76,46.09
2025,26-Apr 10pm,216817.49,26-04-2025 22:00,30.5,51.84
2025,26-Apr 11pm,219403.42,26-04-2025 23:00,31,46.43
2025,27-Apr 12am,217464.93,27-04-2025 00:00,27.6,61.68
2025,27-Apr 1am,212576.83,27-04-2025 01:00,28.25,41.48
2025,27-Apr 2am,207029.68,27-04-2025 02:00,27.78,63.1
2025,27-Apr 3am,202413.69,27-04-2025 03:00,27.94,56.4
2025,27-Apr 4am,200059.22,27-04-2025 04:00,27.59,62.83
2025,27-Apr 5am,200912.37,27-04-2025 05:00,27.79,64.99
2025,27-Apr 6am,201578.09,27-04-2025 06:00,30.28,53.51
2025,27-Apr 7am,199246.09,27-04-2025 07:00,29.65,52.52
2025,27-Apr 8am,195463.12,27-04-2025 08:00,30.15,51.62
2025,27-Apr 9am,197630.01,27-04-2025 09:00,33.42,49.22
2025,27-Apr 10am,201049.91,27-04-2025 10:00,33.18,52.31
2025,27-Apr 11am,202780.51,27-04-2025 11:00,33.31,52.24
2025,27-Apr 12pm,203787.54,27-04-2025 12:00,35.61,41.31
2025,27-Apr 1pm,203295.36,27-04-2025 13:00,35.75,42.96
2025,27-Apr 2pm,205716.46,27-04-2025 14:00,36.39,39.49
2025,27-Apr 3pm,208953.21,27-04-2025 15:00,37.22,36.21
2025,27-Apr 4pm,206030.96,27-04-2025 16:00,37.14,40.59
2025,27-Apr 5pm,199044.85,27-04-2025 17:00,37.16,37.65
2025,27-Apr 6pm,190354.99,27-04-2025 18:00,33.91,48.84
2025,27-Apr 7pm,195849,27-04-2025 19:00,33.54,45.17
2025,27-Apr 8pm,201031.26,27-04-2025 20:00,34.28,48.83
2025,27-Apr 9pm,201673.52,27-04-2025 21:00,31.18,53.09
2025,27-Apr 10pm,205216.15,27-04-2025 22:00,30.97,50.43
2025,27-Apr 11pm,209918.47,27-04-2025 23:00,31.4,45.1
2025,28-Apr 12am,207309.83,28-04-2025 00:00,27.84,59.7
2025,28-Apr 1am,201412.23,28-04-2025 01:00,27.79,57.91
2025,28-Apr 2am,195206.47,28-04-2025 02:00,28.37,39.78
2025,28-Apr 3am,191387.05,28-04-2025 03:00,28.3,39.05
2025,28-Apr 4am,187071.33,28-04-2025 04:00,28.01,44.32
2025,28-Apr 5am,189647.12,28-04-2025 05:00,27.63,55.41
2025,28-Apr 6am,193532.46,28-04-2025 06:00,29.72,51.84
2025,28-Apr 7am,194934.2,28-04-2025 07:00,30.16,53.51
2025,28-Apr 8am,194065.44,28-04-2025 08:00,29.89,54.59
2025,28-Apr 9am,202711.25,28-04-2025 09:00,33.34,46.78
2025,28-Apr 10am,213372.46,28-04-2025 10:00,33.45,50.31
2025,28-Apr 11am,215897.18,28-04-2025 11:00,33.31,45.44
2025,28-Apr 12pm,214725.05,28-04-2025 12:00,35.88,39.99
2025,28-Apr 1pm,214454.31,28-04-2025 13:00,36.29,36.25
2025,28-Apr 2pm,216655.69,28-04-2025 14:00,35.85,43.38
2025,28-Apr 3pm,224201.07,28-04-2025 15:00,36.67,36.14
2025,28-Apr 4pm,220467.97,28-04-2025 16:00,36.53,40.13
2025,28-Apr 5pm,215349.86,28-04-2025 17:00,36.89,40.21
2025,28-Apr 6pm,208069.87,28-04-2025 18:00,34.4,54.72
2025,28-Apr 7pm,213645.12,28-04-2025 19:00,33.74,51.55
2025,28-Apr 8pm,217083.63,28-04-2025 20:00,33.71,47.88
2025,28-Apr 9pm,214848.46,28-04-2025 21:00,31.47,47.41
2025,28-Apr 10pm,215582.04,28-04-2025 22:00,30.53,46.28
2025,28-Apr 11pm,217899.32,28-04-2025 23:00,31.29,52.57
2025,29-Apr 12am,213575.03,29-04-2025 00:00,27.82,61.91
2025,29-Apr 1am,206465.67,29-04-2025 01:00,27.54,61.1
2025,29-Apr 2am,201470.65,29-04-2025 02:00,28.42,35.41
2025,29-Apr 3am,197070.67,29-04-2025 03:00,27.64,62.63
2025,29-Apr 4am,193291.86,29-04-2025 04:00,28.05,41.42
2025,29-Apr 5am,195234.81,29-04-2025 05:00,27.77,64.64
2025,29-Apr 6am,199574.27,29-04-2025 06:00,29.57,50.87
2025,29-Apr 7am,199352.86,29-04-2025 07:00,29.55,48.04
2025,29-Apr 8am,196723.73,29-04-2025 08:00,29.62,48.82
2025,29-Apr 9am,202265.06,29-04-2025 09:00,32.57,46.76
2025,29-Apr 10am,211607.68,29-04-2025 10:00,33.26,52.23
2025,29-Apr 11am,212676.96,29-04-2025 11:00,32.99,52.08
2025,29-Apr 12pm,211791.85,29-04-2025 12:00,35.84,37.01
2025,29-Apr 1pm,210089.86,29-04-2025 13:00,35.92,36.58
2025,29-Apr 2pm,214718.51,29-04-2025 14:00,36.43,35.77
2025,29-Apr 3pm,219855.51,29-04-2025 15:00,37.41,44.12
2025,29-Apr 4pm,220004.36,29-04-2025 16:00,37.22,37.33
2025,29-Apr 5pm,216108.96,29-04-2025 17:00,37.38,38.44
2025,29-Apr 6pm,205552.39,29-04-2025 18:00,33.82,47.81
2025,29-Apr 7pm,213100.87,29-04-2025 19:00,33.88,49.14
2025,29-Apr 8pm,215036.44,29-04-2025 20:00,34.11,52.14
2025,29-Apr 9pm,212394.79,29-04-2025 21:00,31.12,53.71
2025,29-Apr 10pm,214284.12,29-04-2025 22:00,30.98,46.83
2025,29-Apr 11pm,216911.3,29-04-2025 23:00,30.9,51.86
2025,30-Apr 12am,212187.01,30-04-2025 00:00,28.49,38.53
2025,30-Apr 1am,206524.83,30-04-2025 01:00,28.32,44.81
2025,30-Apr 2am,200712.94,30-04-2025 02:00,27.93,57.99
2025,30-Apr 3am,196594.81,30-04-2025 03:00,28.23,35.07
2025,30-Apr 4am,193847.25,30-04-2025 04:00,27.77,60.16
2025,30-Apr 5am,195554.04,30-04-2025 05:00,27.6,56.51
2025,30-Apr 6am,198730.05,30-04-2025 06:00,29.85,45.44
2025,30-Apr 7am,197847.29,30-04-2025 07:00,29.9,51.98
2025,30-Apr 8am,196572.6,30-04-2025 08:00,29.52,52.32
2025,30-Apr 9am,203063.35,30-04-2025 09:00,33.31,49.61
2025,30-Apr 10am,213555.94,30-04-2025 10:00,32.86,51.77
2025,30-Apr 11am,214776.56,30-04-2025 11:00,33.08,50.38
2025,30-Apr 12pm,214530.69,30-04-2025 12:00,35.57,41.3
2025,30-Apr 1pm,212168.93,30-04-2025 13:00,35.67,40.97
2025,30-Apr 2pm,211820.52,30-04-2025 14:00,36.39,41.66
2025,30-Apr 3pm,220106.05,30-04-2025 15:00,37.11,37
2025,30-Apr 4pm,222135.58,30-04-2025 16:00,37.45,37.69
2025,30-Apr 5pm,217173.31,30-04-2025 17:00,37.5,39.4
2025,30-Apr 6pm,207845.7,30-04-2025 18:00,33.87,49.46
2025,30-Apr 7pm,211107.36,30-04-2025 19:00,33.8,52.74
2025,30-Apr 8pm,215376.82,30-04-2025 20:00,34.36,48.67
2025,30-Apr 9pm,212404.22,30-04-2025 21:00,31.5,46.63
2025,30-Apr 10pm,215084.42,30-04-2025 22:00,31.13,47.51
2025,30-Apr 11pm,218316.8,30-04-2025 23:00,31.3,47.15
2025,01-May 12am,213855.62,01-05-2025 00:00,32.28,52.32
2025,01-May 1am,208810.78,01-05-2025 01:00,31.86,49.7
2025,01-May 2am,202462.46,01-05-2025 02:00,32.07,52.09
2025,01-May 3am,197822.43,01-05-2025 03:00,32.33,49.16
2025,01-May 4am,194345.55,01-05-2025 04:00,32.19,53.9
2025,01-May 5am,195764.38,01-05-2025 05:00,31.52,54.84
2025,01-May 6am,197037.34,01-05-2025 06:00,33.84,51.7
2025,01-May 7am,193529.54,01-05-2025 07:00,33.64,53.64
2025,01-May 8am,188402.56,01-05-2025 08:00,33.73,50.08
2025,01-May 9am,192222.38,01-05-2025 09:00,37.41,44.35
2025,01-May 10am,199935.83,01-05-2025 10:00,36.54,43.32
2025,01-May 11am,202397.82,01-05-2025 11:00,36.72,44.92
2025,01-May 12pm,203964.89,01-05-2025 12:00,39.81,41.23
2025,01-May 1pm,203080.01,01-05-2025 13:00,40.12,42.79
2025,01-May 2pm,204436.12,01-05-2025 14:00,40.03,40.43
2025,01-May 3pm,210839.87,01-05-2025 15:00,40.72,37.59
2025,01-May 4pm,208862.89,01-05-2025 16:00,40.66,38.55
2025,01-May 5pm,200451.7,01-05-2025 17:00,40.74,43.94
2025,01-May 6pm,190727.52,01-05-2025 18:00,38,35.56
2025,01-May 7pm,193567.8,01-05-2025 19:00,37.77,40.91
2025,01-May 8pm,198414.68,01-05-2025 20:00,38.45,38.72
2025,01-May 9pm,195858.74,01-05-2025 21:00,34.96,48.87
2025,01-May 10pm,195788.13,01-05-2025 22:00,34.56,53.85
2025,01-May 11pm,200238.94,01-05-2025 23:00,35.23,43.54
2025,02-May 12am,194715.71,02-05-2025 00:00,31.83,50.99
2025,02-May 1am,187831.86,02-05-2025 01:00,32.15,47.73
2025,02-May 2am,181268.51,02-05-2025 02:00,31.78,49.75
2025,02-May 3am,176487,02-05-2025 03:00,32.07,49.08
2025,02-May 4am,173561.19,02-05-2025 04:00,32.27,48.54
2025,02-May 5am,173220.92,02-05-2025 05:00,32.43,46.03
2025,02-May 6am,170270.33,02-05-2025 06:00,33.76,50.43
2025,02-May 7am,171320.51,02-05-2025 07:00,33.83,48.02
2025,02-May 8am,171671.96,02-05-2025 08:00,33.96,51.61
2025,02-May 9am,181007.5,02-05-2025 09:00,37.43,38.19
2025,02-May 10am,192158.94,02-05-2025 10:00,37.4,39.31
2025,02-May 11am,197828.47,02-05-2025 11:00,36.59,35.52
2025,02-May 12pm,198602.38,02-05-2025 12:00,39.63,44.93
2025,02-May 1pm,200150.98,02-05-2025 13:00,40,40.08
2025,02-May 2pm,202137.11,02-05-2025 14:00,39.61,35.24
2025,02-May 3pm,210607.41,02-05-2025 15:00,40.85,40.41
2025,02-May 4pm,211306.09,02-05-2025 16:00,40.65,43.7
2025,02-May 5pm,208002.34,02-05-2025 17:00,41.14,42.73
2025,02-May 6pm,201678.75,02-05-2025 18:00,38.45,42.01
2025,02-May 7pm,206992.05,02-05-2025 19:00,38.5,36.39
2025,02-May 8pm,209501.97,02-05-2025 20:00,37.88,41.58
2025,02-May 9pm,206322.48,02-05-2025 21:00,35.1,42.66
2025,02-May 10pm,207213.02,02-05-2025 22:00,35.36,40.72
2025,02-May 11pm,210144.61,02-05-2025 23:00,34.62,53.93
2025,03-May 12am,205221.06,03-05-2025 00:00,32.19,47.77
2025,03-May 1am,198414.74,03-05-2025 01:00,31.91,47.42
2025,03-May 2am,192591.78,03-05-2025 02:00,31.71,53.7
2025,03-May 3am,187989.34,03-05-2025 03:00,31.9,51.25
2025,03-May 4am,184766.4,03-05-2025 04:00,31.58,45.01
2025,03-May 5am,184861.49,03-05-2025 05:00,32.2,48.53
2025,03-May 6am,187251.84,03-05-2025 06:00,33.75,53.58
2025,03-May 7am,185748.7,03-05-2025 07:00,33.81,45.27
2025,03-May 8am,185682.31,03-05-2025 08:00,33.62,45.03
2025,03-May 9am,194799.7,03-05-2025 09:00,37.36,37.81
2025,03-May 10am,204732.14,03-05-2025 10:00,36.99,44.14
2025,03-May 11am,206555.33,03-05-2025 11:00,37.07,44.01
2025,03-May 12pm,207474.95,03-05-2025 12:00,40.07,40.19
2025,03-May 1pm,207695.24,03-05-2025 13:00,39.91,40.53
2025,03-May 2pm,208675.46,03-05-2025 14:00,39.69,38.32
2025,03-May 3pm,213008.86,03-05-2025 15:00,41.25,37.44
2025,03-May 4pm,206536.64,03-05-2025 16:00,40.63,43.15
2025,03-May 5pm,201246.5,03-05-2025 17:00,40.6,36.06
2025,03-May 6pm,192416.61,03-05-2025 18:00,38.21,39.87
2025,03-May 7pm,197334.44,03-05-2025 19:00,37.71,41.34
2025,03-May 8pm,203511.25,03-05-2025 20:00,37.81,36.04
2025,03-May 9pm,201471.38,03-05-2025 21:00,34.98,50.2
2025,03-May 10pm,202491.09,03-05-2025 22:00,34.95,50.78
2025,03-May 11pm,206476.41,03-05-2025 23:00,35.21,42.42
2025,04-May 12am,201637.05,04-05-2025 00:00,32.12,47.35
2025,04-May 1am,195832.49,04-05-2025 01:00,32.14,47.93
2025,04-May 2am,190347.51,04-05-2025 02:00,32.21,50.7
2025,04-May 3am,184797.07,04-05-2025 03:00,31.79,54.83
2025,04-May 4am,180724.84,04-05-2025 04:00,31.82,47.17
2025,04-May 5am,180913.41,04-05-2025 05:00,31.94,54.86
2025,04-May 6am,179885.26,04-05-2025 06:00,33.81,52.14
2025,04-May 7am,177959.5,04-05-2025 07:00,34.48,53.26
2025,04-May 8am,176323.05,04-05-2025 08:00,34.31,45.9
2025,04-May 9am,180438.29,04-05-2025 09:00,36.66,38
2025,04-May 10am,185445.99,04-05-2025 10:00,36.51,35.58
2025,04-May 11am,186606.36,04-05-2025 11:00,36.54,38.72
2025,04-May 12pm,188623.03,04-05-2025 12:00,39.74,44.81
2025,04-May 1pm,189348.53,04-05-2025 13:00,39.61,36.05
2025,04-May 2pm,190265.6,04-05-2025 14:00,40.03,40.62
2025,04-May 3pm,194395.44,04-05-2025 15:00,41.36,35.06
2025,04-May 4pm,190667.17,04-05-2025 16:00,41.24,42.13
2025,04-May 5pm,185122.71,04-05-2025 17:00,40.72,36.97
2025,04-May 6pm,175426.36,04-05-2025 18:00,37.9,36.3
2025,04-May 7pm,182362.36,04-05-2025 19:00,38.01,38.37
2025,04-May 8pm,189303.26,04-05-2025 20:00,38.31,42.71
2025,04-May 9pm,189675.62,04-05-2025 21:00,35.34,36.07
2025,04-May 10pm,190840.26,04-05-2025 22:00,35.41,37.3
2025,04-May 11pm,193643.53,04-05-2025 23:00,35.01,35.08
2025,05-May 12am,190716.55,05-05-2025 00:00,32.19,54.68
2025,05-May 1am,185426.47,05-05-2025 01:00,31.61,50.92
2025,05-May 2am,179417.45,05-05-2025 02:00,32.07,52.2
2025,05-May 3am,174423.71,05-05-2025 03:00,31.75,51.51
2025,05-May 4am,171823.19,05-05-2025 04:00,31.93,46.44
2025,05-May 5am,172292.59,05-05-2025 05:00,32.13,50.95
2025,05-May 6am,175425.55,05-05-2025 06:00,33.76,46.31
2025,05-May 7am,175637.8,05-05-2025 07:00,33.55,49.01
2025,05-May 8am,176479.03,05-05-2025 08:00,33.51,50.69
2025,05-May 9am,186110.82,05-05-2025 09:00,36.52,40.59
2025,05-May 10am,197209.65,05-05-2025 10:00,36.51,36.19
2025,05-May 11am,199677.41,05-05-2025 11:00,36.61,35.34
2025,05-May 12pm,199340.37,05-05-2025 12:00,39.74,42.98
2025,05-May 1pm,199020.13,05-05-2025 13:00,39.72,42.26
2025,05-May 2pm,199883.02,05-05-2025 14:00,40.49,35.82
2025,05-May 3pm,207032.62,05-05-2025 15:00,40.81,36.27
2025,05-May 4pm,203816.91,05-05-2025 16:00,40.63,43.93
2025,05-May 5pm,198592.13,05-05-2025 17:00,41.05,42.69
2025,05-May 6pm,191328.87,05-05-2025 18:00,38.36,44.96
2025,05-May 7pm,192194.65,05-05-2025 19:00,38.18,37.54
2025,05-May 8pm,194694.13,05-05-2025 20:00,37.8,39.88
2025,05-May 9pm,189829.4,05-05-2025 21:00,35.06,37.36
2025,05-May 10pm,188085.6,05-05-2025 22:00,35.21,41.23
2025,05-May 11pm,189351.08,05-05-2025 23:00,35.23,36.15
2025,06-May 12am,185155.49,06-05-2025 00:00,32.17,46.27
2025,06-May 1am,180104.53,06-05-2025 01:00,32.37,45.72
2025,06-May 2am,173281.08,06-05-2025 02:00,32.37,51.94
2025,06-May 3am,168848.63,06-05-2025 03:00,32.08,49.94
2025,06-May 4am,167078,06-05-2025 04:00,31.93,51.18
2025,06-May 5am,169217.62,06-05-2025 05:00,32.14,53.79
2025,06-May 6am,172520.03,06-05-2025 06:00,34.32,52.4
2025,06-May 7am,174601.45,06-05-2025 07:00,33.51,49.62
2025,06-May 8am,173985.57,06-05-2025 08:00,34.49,54.84
2025,06-May 9am,183000.37,06-05-2025 09:00,36.68,39.56
2025,06-May 10am,191668.02,06-05-2025 10:00,36.97,36.12
2025,06-May 11am,193740.28,06-05-2025 11:00,37.37,44.93
2025,06-May 12pm,193884.6,06-05-2025 12:00,39.73,35.23
2025,06-May 1pm,193898.28,06-05-2025 13:00,39.98,40.5
2025,06-May 2pm,194764.92,06-05-2025 14:00,39.63,38.09
2025,06-May 3pm,199789.33,06-05-2025 15:00,40.9,40.04
2025,06-May 4pm,197595.92,06-05-2025 16:00,40.68,40.59
2025,06-May 5pm,193714.63,06-05-2025 17:00,40.86,37.4
2025,06-May 6pm,189172.77,06-05-2025 18:00,37.87,40.57
2025,06-May 7pm,195542.47,06-05-2025 19:00,38.49,42.56
2025,06-May 8pm,198770.75,06-05-2025 20:00,38.49,37.67
2025,06-May 9pm,195235.89,06-05-2025 21:00,34.61,48.83
2025,06-May 10pm,193686.84,06-05-2025 22:00,35.23,37.68
2025,06-May 11pm,194952.77,06-05-2025 23:00,34.55,53.21
2025,07-May 12am,190610.66,07-05-2025 00:00,31.53,52.25
2025,07-May 1am,186032.75,07-05-2025 01:00,31.61,53.71
2025,07-May 2am,180550.79,07-05-2025 02:00,32.47,46.7
2025,07-May 3am,176453.19,07-05-2025 03:00,32.44,45.74
2025,07-May 4am,174453.33,07-05-2025 04:00,31.69,46.19
2025,07-May 5am,175559.73,07-05-2025 05:00,31.66,46.61
2025,07-May 6am,176893.67,07-05-2025 06:00,33.74,50.33
2025,07-May 7am,177729.44,07-05-2025 07:00,34.02,54.71
2025,07-May 8am,177142.87,07-05-2025 08:00,34.07,48.57
2025,07-May 9am,183318.3,07-05-2025 09:00,36.72,44.59
2025,07-May 10am,191662.94,07-05-2025 10:00,37.26,35.38
2025,07-May 11am,195401.4,07-05-2025 11:00,36.81,44.27
2025,07-May 12pm,197200.42,07-05-2025 12:00,40.42,36.81
2025,07-May 1pm,194483.35,07-05-2025 13:00,40.16,44.12
2025,07-May 2pm,193345.75,07-05-2025 14:00,39.94,35.56
2025,07-May 3pm,198849.15,07-05-2025 15:00,41.29,44.48
2025,07-May 4pm,196729.25,07-05-2025 16:00,41.32,37.01
2025,07-May 5pm,193083.66,07-05-2025 17:00,40.79,38.03
2025,07-May 6pm,187659.26,07-05-2025 18:00,37.84,39.91
2025,07-May 7pm,195730.06,07-05-2025 19:00,38.44,38.81
2025,07-May 8pm,196110.67,07-05-2025 20:00,37.66,41.68
2025,07-May 9pm,194638.3,07-05-2025 21:00,34.54,54.75
2025,07-May 10pm,198134.45,07-05-2025 22:00,34.95,51.06
2025,07-May 11pm,198851.42,07-05-2025 23:00,35.3,42.21
2025,08-May 12am,195460.18,08-05-2025 00:00,32.27,45.88
2025,08-May 1am,188809.34,08-05-2025 01:00,32.42,51.28
2025,08-May 2am,183260.92,08-05-2025 02:00,32.03,49.54
2025,08-May 3am,178480.32,08-05-2025 03:00,31.6,53.86
2025,08-May 4am,175899.49,08-05-2025 04:00,32.09,48.88
2025,08-May 5am,176597.99,08-05-2025 05:00,32.28,51.79
2025,08-May 6am,180202.57,08-05-2025 06:00,33.59,47.28
2025,08-May 7am,180365.89,08-05-2025 07:00,33.67,47.59
2025,08-May 8am,182285.97,08-05-2025 08:00,33.51,48.76
2025,08-May 9am,188216.62,08-05-2025 09:00,37.09,38.04
2025,08-May 10am,197008.42,08-05-2025 10:00,37.39,37.54
2025,08-May 11am,197954.35,08-05-2025 11:00,37.17,35.5
2025,08-May 12pm,201074.75,08-05-2025 12:00,40.48,43.37
2025,08-May 1pm,199495.28,08-05-2025 13:00,39.56,35.64
2025,08-May 2pm,199782.1,08-05-2025 14:00,40.4,43.87
2025,08-May 3pm,203714.51,08-05-2025 15:00,41.31,36.25
2025,08-May 4pm,201196.98,08-05-2025 16:00,40.81,35.65
2025,08-May 5pm,197301.29,08-05-2025 17:00,41.47,40.63
2025,08-May 6pm,191003.51,08-05-2025 18:00,37.79,40.02
2025,08-May 7pm,200160.01,08-05-2025 19:00,38.39,39.91
2025,08-May 8pm,206043.52,08-05-2025 20:00,38.38,40.75
2025,08-May 9pm,203243.52,08-05-2025 21:00,35.26,37.87
2025,08-May 10pm,201622.66,08-05-2025 22:00,35.06,41.63
2025,08-May 11pm,200705.69,08-05-2025 23:00,34.62,50.02
2025,09-May 12am,196937.95,09-05-2025 00:00,32.03,48.35
2025,09-May 1am,194262.64,09-05-2025 01:00,31.86,53.27
2025,09-May 2am,189757.38,09-05-2025 02:00,32.29,52.28
2025,09-May 3am,185947.55,09-05-2025 03:00,32.26,48.94
2025,09-May 4am,183047.32,09-05-2025 04:00,32.41,53.48
2025,09-May 5am,183507.34,09-05-2025 05:00,31.51,54.2
2025,09-May 6am,186035.33,09-05-2025 06:00,34.31,50.37
2025,09-May 7am,186410,09-05-2025 07:00,34.44,47.15
2025,09-May 8am,184682.58,09-05-2025 08:00,34.29,54.16
2025,09-May 9am,190323.07,09-05-2025 09:00,36.63,36.89
2025,09-May 10am,199819.3,09-05-2025 10:00,36.58,35.48
2025,09-May 11am,202438.83,09-05-2025 11:00,36.52,38.27
2025,09-May 12pm,205829.01,09-05-2025 12:00,40.13,42.27
2025,09-May 1pm,202672.01,09-05-2025 13:00,40.13,44.23
2025,09-May 2pm,204517.32,09-05-2025 14:00,40.49,41.37
2025,09-May 3pm,210289.97,09-05-2025 15:00,40.9,44.52
2025,09-May 4pm,208922.33,09-05-2025 16:00,40.83,35.92
2025,09-May 5pm,205165.83,09-05-2025 17:00,41.12,35.61
2025,09-May 6pm,198101.78,09-05-2025 18:00,38.33,41.04
2025,09-May 7pm,206399.43,09-05-2025 19:00,38.44,44.66
2025,09-May 8pm,209907.52,09-05-2025 20:00,38.3,40.03
2025,09-May 9pm,207091.12,09-05-2025 21:00,34.93,45.52
2025,09-May 10pm,207476.43,09-05-2025 22:00,35.13,37.21
2025,09-May 11pm,210926.28,09-05-2025 23:00,35.36,37.45
2025,10-May 12am,207332.74,10-05-2025 00:00,31.99,48.38
2025,10-May 1am,202956.57,10-05-2025 01:00,31.72,45.44
2025,10-May 2am,194435.64,10-05-2025 02:00,31.67,54.05
2025,10-May 3am,190546.19,10-05-2025 03:00,31.5,50.16
2025,10-May 4am,188426.92,10-05-2025 04:00,32.22,51.71
2025,10-May 5am,189071.85,10-05-2025 05:00,31.61,45.67
2025,10-May 6am,190067.92,10-05-2025 06:00,33.74,45.54
2025,10-May 7am,189472.8,10-05-2025 07:00,33.8,50.86
2025,10-May 8am,188507.21,10-05-2025 08:00,34.06,53.87
2025,10-May 9am,195069.58,10-05-2025 09:00,36.9,40.28
2025,10-May 10am,203919.5,10-05-2025 10:00,37.17,43.78
2025,10-May 11am,206727.8,10-05-2025 11:00,36.56,43.11
2025,10-May 12pm,209060.17,10-05-2025 12:00,39.62,35.76
2025,10-May 1pm,208595.67,10-05-2025 13:00,40,37.02
2025,10-May 2pm,210590.49,10-05-2025 14:00,39.84,41.58
2025,10-May 3pm,214981.6,10-05-2025 15:00,40.8,39.44
2025,10-May 4pm,211318.44,10-05-2025 16:00,40.57,37.91
2025,10-May 5pm,205635.63,10-05-2025 17:00,41.4,39.19
2025,10-May 6pm,198784.21,10-05-2025 18:00,38.19,39.45
2025,10-May 7pm,206060.5,10-05-2025 19:00,37.62,44.11
2025,10-May 8pm,211307,10-05-2025 20:00,37.57,36.03
2025,10-May 9pm,208328.96,10-05-2025 21:00,35.47,37.8
2025,10-May 10pm,208443.33,10-05-2025 22:00,35.18,40.38
2025,10-May 11pm,213698.06,10-05-2025 23:00,34.92,51.98
2025,11-May 12am,210957.93,11-05-2025 00:00,32.2,51.31
2025,11-May 1am,206499.3,11-05-2025 01:00,32.26,54.42
2025,11-May 2am,200138.32,11-05-2025 02:00,32.28,52.96
2025,11-May 3am,196315.08,11-05-2025 03:00,31.98,50.57
2025,11-May 4am,192200.54,11-05-2025 04:00,31.93,47.15
2025,11-May 5am,191547.92,11-05-2025 05:00,31.51,49.51
2025,11-May 6am,190898.68,11-05-2025 06:00,34.43,51.93
2025,11-May 7am,188211.36,11-05-2025 07:00,34.1,53.38
2025,11-May 8am,185678.8,11-05-2025 08:00,33.7,54.6
2025,11-May 9am,189379.01,11-05-2025 09:00,37.42,41.05
2025,11-May 10am,194975.23,11-05-2025 10:00,37.41,40.27
2025,11-May 11am,197357.19,11-05-2025 11:00,37.49,35.18
2025,11-May 12pm,198333.84,11-05-2025 12:00,40.37,35.72
2025,11-May 1pm,198910.82,11-05-2025 13:00,40.5,36.56
2025,11-May 2pm,200949.83,11-05-2025 14:00,39.74,35.55
2025,11-May 3pm,203079.86,11-05-2025 15:00,41.34,39.01
2025,11-May 4pm,200321.75,11-05-2025 16:00,41.32,38.37
2025,11-May 5pm,192881.91,11-05-2025 17:00,40.73,41.37
2025,11-May 6pm,184714.37,11-05-2025 18:00,37.6,40.36
2025,11-May 7pm,187995.49,11-05-2025 19:00,38.48,40.96
2025,11-May 8pm,193681.37,11-05-2025 20:00,37.8,39.72
2025,11-May 9pm,193715.42,11-05-2025 21:00,35.37,37.78
2025,11-May 10pm,198125.39,11-05-2025 22:00,34.5,54.53
2025,11-May 11pm,202696.35,11-05-2025 23:00,34.52,45.86
2025,12-May 12am,202392.51,12-05-2025 00:00,31.97,54.39
2025,12-May 1am,197261.39,12-05-2025 01:00,31.74,48.11
2025,12-May 2am,192212.08,12-05-2025 02:00,32.19,50.13
2025,12-May 3am,187761.16,12-05-2025 03:00,32.07,46.09
2025,12-May 4am,185323.21,12-05-2025 04:00,31.58,45.71
2025,12-May 5am,184865.46,12-05-2025 05:00,31.66,49.3
2025,12-May 6am,185896.45,12-05-2025 06:00,33.89,52.42
2025,12-May 7am,186239.82,12-05-2025 07:00,33.69,47.69
2025,12-May 8am,186031.79,12-05-2025 08:00,34.29,50.62
2025,12-May 9am,196053.18,12-05-2025 09:00,36.92,37.79
2025,12-May 10am,206510.79,12-05-2025 10:00,36.59,38.89
2025,12-May 11am,210669.85,12-05-2025 11:00,36.98,44.06
2025,12-May 12pm,212870.25,12-05-2025 12:00,39.59,43.56
2025,12-May 1pm,213034.82,12-05-2025 13:00,39.63,40.16
2025,12-May 2pm,215722.59,12-05-2025 14:00,39.74,37.38
2025,12-May 3pm,222096.43,12-05-2025 15:00,41.36,36.93
2025,12-May 4pm,220011.94,12-05-2025 16:00,41.42,44.54
2025,12-May 5pm,213900.89,12-05-2025 17:00,41.33,37.03
2025,12-May 6pm,204401.87,12-05-2025 18:00,37.83,43.08
2025,12-May 7pm,207598.64,12-05-2025 19:00,37.77,38.69
2025,12-May 8pm,212263.15,12-05-2025 20:00,38.05,44.86
2025,12-May 9pm,210127.31,12-05-2025 21:00,35.22,38.68
2025,12-May 10pm,213155.59,12-05-2025 22:00,35.49,38.52
2025,12-May 11pm,215455.32,12-05-2025 23:00,34.63,51.37
2025,13-May 12am,212125.63,13-05-2025 00:00,31.55,54.62
2025,13-May 1am,206619.04,13-05-2025 01:00,32.19,54.76
2025,13-May 2am,201104.3,13-05-2025 02:00,32.33,52.07
2025,13-May 3am,196994.79,13-05-2025 03:00,32.35,52.55
2025,13-May 4am,192459.64,13-05-2025 04:00,32.18,50.63
2025,13-May 5am,192654.81,13-05-2025 05:00,32.45,52.56
2025,13-May 6am,192764.84,13-05-2025 06:00,34.01,53.6
2025,13-May 7am,190919.14,13-05-2025 07:00,34.41,49.86
2025,13-May 8am,191129.91,13-05-2025 08:00,34.47,51.2
2025,13-May 9am,200743.5,13-05-2025 09:00,37.35,40.37
2025,13-May 10am,211143.8,13-05-2025 10:00,36.81,40.62
2025,13-May 11am,213913.3,13-05-2025 11:00,36.7,43.9
2025,13-May 12pm,215781.92,13-05-2025 12:00,40.05,38.56
2025,13-May 1pm,216475.42,13-05-2025 13:00,39.95,37.08
2025,13-May 2pm,220020.65,13-05-2025 14:00,40.38,39.56
2025,13-May 3pm,224362.72,13-05-2025 15:00,40.6,37.08
2025,13-May 4pm,218310.39,13-05-2025 16:00,40.76,39.98
2025,13-May 5pm,209335.07,13-05-2025 17:00,41.25,44.04
2025,13-May 6pm,198207.2,13-05-2025 18:00,37.59,41.17
2025,13-May 7pm,202346.2,13-05-2025 19:00,37.82,43.55
2025,13-May 8pm,207386.73,13-05-2025 20:00,37.89,36.66
2025,13-May 9pm,209816.7,13-05-2025 21:00,35.12,44.01
2025,13-May 10pm,214427,13-05-2025 22:00,34.66,51.02
2025,13-May 11pm,217553.77,13-05-2025 23:00,35.36,35.32
2025,14-May 12am,213631.8,14-05-2025 00:00,31.95,51.33
2025,14-May 1am,207209.26,14-05-2025 01:00,32.42,54.51
2025,14-May 2am,201605.77,14-05-2025 02:00,31.97,45.79
2025,14-May 3am,196942.78,14-05-2025 03:00,31.78,50.82
2025,14-May 4am,192751.22,14-05-2025 04:00,31.64,54.15
2025,14-May 5am,191670.4,14-05-2025 05:00,31.5,45.1
2025,14-May 6am,190676.63,14-05-2025 06:00,34.03,51.31
2025,14-May 7am,189620.38,14-05-2025 07:00,33.61,49.75
2025,14-May 8am,188898.78,14-05-2025 08:00,33.89,48.47
2025,14-May 9am,198573.12,14-05-2025 09:00,37.09,41.28
2025,14-May 10am,208540.23,14-05-2025 10:00,36.78,35.53
2025,14-May 11am,212740.74,14-05-2025 11:00,36.68,42.53
2025,14-May 12pm,215777.35,14-05-2025 12:00,40.27,35.04
2025,14-May 1pm,218013.24,14-05-2025 13:00,40.45,38.07
2025,14-May 2pm,222582.98,14-05-2025 14:00,39.6,40.04
2025,14-May 3pm,228751.82,14-05-2025 15:00,40.66,38.77
2025,14-May 4pm,226222.39,14-05-2025 16:00,41.46,38.07
2025,14-May 5pm,218025.18,14-05-2025 17:00,40.54,43.31
2025,14-May 6pm,208952.19,14-05-2025 18:00,38.48,44.35
2025,14-May 7pm,213143.33,14-05-2025 19:00,37.5,43.74
2025,14-May 8pm,218194.83,14-05-2025 20:00,38.37,40.22
2025,14-May 9pm,219554.09,14-05-2025 21:00,34.81,53.84
2025,14-May 10pm,221352.14,14-05-2025 22:00,35.44,44.21
2025,14-May 11pm,221304.55,14-05-2025 23:00,34.82,49.09
2025,15-May 12am,217640.38,15-05-2025 00:00,32.15,47.83
2025,15-May 1am,212717.06,15-05-2025 01:00,31.58,45.98
2025,15-May 2am,207625.91,15-05-2025 02:00,31.74,49.79
2025,15-May 3am,203171.54,15-05-2025 03:00,32.27,54.46
2025,15-May 4am,198626.48,15-05-2025 04:00,32.03,50.61
2025,15-May 5am,198008.48,15-05-2025 05:00,32.43,51.68
2025,15-May 6am,197821.34,15-05-2025 06:00,33.93,46.13
2025,15-May 7am,195190.54,15-05-2025 07:00,34.37,46.44
2025,15-May 8am,194883.43,15-05-2025 08:00,33.95,49.64
2025,15-May 9am,204058.79,15-05-2025 09:00,37.48,44.51
2025,15-May 10am,213958.73,15-05-2025 10:00,37.46,38.61
2025,15-May 11am,216753.16,15-05-2025 11:00,36.83,43.77
2025,15-May 12pm,221093.89,15-05-2025 12:00,40.39,36.2
2025,15-May 1pm,220820.84,15-05-2025 13:00,40.35,41.17
2025,15-May 2pm,224842.69,15-05-2025 14:00,39.71,41.01
2025,15-May 3pm,229428.05,15-05-2025 15:00,41.12,43.6
2025,15-May 4pm,225400.32,15-05-2025 16:00,40.57,35.03
2025,15-May 5pm,217286.11,15-05-2025 17:00,41.34,36.9
2025,15-May 6pm,208206.47,15-05-2025 18:00,37.67,37.2
2025,15-May 7pm,213231.13,15-05-2025 19:00,37.57,44.5
2025,15-May 8pm,220060.34,15-05-2025 20:00,37.9,36.54
2025,15-May 9pm,219224.34,15-05-2025 21:00,35.08,35.37
2025,15-May 10pm,221003.61,15-05-2025 22:00,35.35,40.34
2025,15-May 11pm,221786.03,15-05-2025 23:00,35.47,40.29
2025,16-May 12am,218532.77,16-05-2025 00:00,31.94,53.44
2025,16-May 1am,213577.5,16-05-2025 01:00,31.56,54.49
2025,16-May 2am,208671.42,16-05-2025 02:00,32.25,50.39
2025,16-May 3am,203143.21,16-05-2025 03:00,32.07,54.3
2025,16-May 4am,198811.27,16-05-2025 04:00,31.95,52.25
2025,16-May 5am,198379.22,16-05-2025 05:00,31.81,47.65
2025,16-May 6am,197677.69,16-05-2025 06:00,34,54.28
2025,16-May 7am,195311.12,16-05-2025 07:00,33.84,51.67
2025,16-May 8am,193955.41,16-05-2025 08:00,34.26,49.14
2025,16-May 9am,202603.74,16-05-2025 09:00,37.04,41.8
2025,16-May 10am,213627.85,16-05-2025 10:00,37.38,39.01
2025,16-May 11am,216602.47,16-05-2025 11:00,37.04,36.14
2025,16-May 12pm,219174.14,16-05-2025 12:00,39.74,42.19
2025,16-May 1pm,219179.9,16-05-2025 13:00,40.35,43.24
2025,16-May 2pm,220864.87,16-05-2025 14:00,40.06,42.29
2025,16-May 3pm,227491.64,16-05-2025 15:00,40.71,37.29
2025,16-May 4pm,223772.25,16-05-2025 16:00,41.12,44.57
2025,16-May 5pm,215414.46,16-05-2025 17:00,40.86,35.25
2025,16-May 6pm,203824.73,16-05-2025 18:00,38.34,38.33
2025,16-May 7pm,208474.48,16-05-2025 19:00,37.95,37.6
2025,16-May 8pm,214491.11,16-05-2025 20:00,38.23,35.48
2025,16-May 9pm,215731.48,16-05-2025 21:00,34.6,49.06
2025,16-May 10pm,219017.83,16-05-2025 22:00,34.9,51.23
2025,16-May 11pm,222463.45,16-05-2025 23:00,35.48,43.83
2025,17-May 12am,217636.1,17-05-2025 00:00,32.31,54.9
2025,17-May 1am,211554.55,17-05-2025 01:00,31.66,53.08
2025,17-May 2am,204550.87,17-05-2025 02:00,31.78,49.69
2025,17-May 3am,199619.75,17-05-2025 03:00,31.83,52.24
2025,17-May 4am,196140.96,17-05-2025 04:00,32.15,53.44
2025,17-May 5am,195052.92,17-05-2025 05:00,32.26,49.65
2025,17-May 6am,193954.39,17-05-2025 06:00,34.25,52.85
2025,17-May 7am,189897.65,17-05-2025 07:00,34.01,49.83
2025,17-May 8am,189793.63,17-05-2025 08:00,34.31,48.86
2025,17-May 9am,199615.29,17-05-2025 09:00,36.94,40.26
2025,17-May 10am,207551.3,17-05-2025 10:00,36.62,41.76
2025,17-May 11am,209003.43,17-05-2025 11:00,37.06,42.27
2025,17-May 12pm,211696.92,17-05-2025 12:00,40.45,38.57
2025,17-May 1pm,212324.52,17-05-2025 13:00,40.29,40.71
2025,17-May 2pm,217300.86,17-05-2025 14:00,40.08,44.1
2025,17-May 3pm,222019.09,17-05-2025 15:00,41.15,44.76
2025,17-May 4pm,215737.54,17-05-2025 16:00,41.43,37.27
2025,17-May 5pm,206115.87,17-05-2025 17:00,40.93,36.93
2025,17-May 6pm,196650.75,17-05-2025 18:00,37.83,41.77
2025,17-May 7pm,202018.42,17-05-2025 19:00,38.48,39.15
2025,17-May 8pm,211202.72,17-05-2025 20:00,38.36,35.24
2025,17-May 9pm,210455.08,17-05-2025 21:00,34.82,48.47
2025,17-May 10pm,212017.52,17-05-2025 22:00,34.96,53.07
2025,17-May 11pm,215683.11,17-05-2025 23:00,34.92,52.97
2025,18-May 12am,212564.36,18-05-2025 00:00,31.65,49.95
2025,18-May 1am,207247.33,18-05-2025 01:00,32.46,49.73
2025,18-May 2am,201433.7,18-05-2025 02:00,31.9,50.8
2025,18-May 3am,196911.83,18-05-2025 03:00,32.38,47.19
2025,18-May 4am,192652.13,18-05-2025 04:00,31.69,50.26
2025,18-May 5am,190566.58,18-05-2025 05:00,32.05,45.11
2025,18-May 6am,188718.57,18-05-2025 06:00,33.52,49.76
2025,18-May 7am,183928.76,18-05-2025 07:00,34.26,48.36
2025,18-May 8am,181580.82,18-05-2025 08:00,34.08,51.75
2025,18-May 9am,187619.14,18-05-2025 09:00,37.13,41.38
2025,18-May 10am,193484.63,18-05-2025 10:00,36.55,38.81
2025,18-May 11am,194850.93,18-05-2025 11:00,36.71,35.07
2025,18-May 12pm,196149.4,18-05-2025 12:00,39.57,37.52
2025,18-May 1pm,197733.88,18-05-2025 13:00,39.79,41.33
2025,18-May 2pm,201298.51,18-05-2025 14:00,40.13,35.72
2025,18-May 3pm,205571.55,18-05-2025 15:00,41.07,36.08
2025,18-May 4pm,202522.88,18-05-2025 16:00,41.11,41.47
2025,18-May 5pm,194682.38,18-05-2025 17:00,41.05,42.56
2025,18-May 6pm,187041.48,18-05-2025 18:00,37.77,38.22
2025,18-May 7pm,195297.79,18-05-2025 19:00,37.74,39.9
2025,18-May 8pm,205020.67,18-05-2025 20:00,37.64,44.46
2025,18-May 9pm,208443.24,18-05-2025 21:00,35.35,44.46
2025,18-May 10pm,211325.66,18-05-2025 22:00,35.12,38.08
2025,18-May 11pm,215138.44,18-05-2025 23:00,34.69,53.1
2025,19-May 12am,211379.99,19-05-2025 00:00,31.68,50.94
2025,19-May 1am,205315.93,19-05-2025 01:00,32.37,54.75
2025,19-May 2am,199048.63,19-05-2025 02:00,32.24,49.78
2025,19-May 3am,193970.11,19-05-2025 03:00,32.16,52.75
2025,19-May 4am,190044.19,19-05-2025 04:00,31.91,52.68
2025,19-May 5am,188636.04,19-05-2025 05:00,31.76,49.97
2025,19-May 6am,188139.77,19-05-2025 06:00,34.48,52.96
2025,19-May 7am,187059.51,19-05-2025 07:00,34.3,47.61
2025,19-May 8am,187827.12,19-05-2025 08:00,33.8,46.22
2025,19-May 9am,195062.26,19-05-2025 09:00,37.35,39.25
2025,19-May 10am,204705.43,19-05-2025 10:00,37.26,44.44
2025,19-May 11am,207667.46,19-05-2025 11:00,36.8,40.01
2025,19-May 12pm,211729.04,19-05-2025 12:00,39.93,41.35
2025,19-May 1pm,214325.45,19-05-2025 13:00,39.69,41.24
2025,19-May 2pm,216262.63,19-05-2025 14:00,39.61,36.33
2025,19-May 3pm,221601.62,19-05-2025 15:00,41.22,38.9
2025,19-May 4pm,218705.42,19-05-2025 16:00,40.77,42.07
2025,19-May 5pm,213122.33,19-05-2025 17:00,41.32,44.72
2025,19-May 6pm,205769.61,19-05-2025 18:00,38.5,36.68
2025,19-May 7pm,210922.29,19-05-2025 19:00,37.58,39.1
2025,19-May 8pm,217879.58,19-05-2025 20:00,37.97,35.95
2025,19-May 9pm,219533.69,19-05-2025 21:00,35.3,37.42
2025,19-May 10pm,221241.38,19-05-2025 22:00,35.29,38.77
2025,19-May 11pm,221386.46,19-05-2025 23:00,35.26,40.41
2025,20-May 12am,216805.21,20-05-2025 00:00,31.85,47.31
2025,20-May 1am,212254.19,20-05-2025 01:00,31.95,47.28
2025,20-May 2am,205819.62,20-05-2025 02:00,32.09,52.78
2025,20-May 3am,200475.83,20-05-2025 03:00,32.47,54.63
2025,20-May 4am,196180.34,20-05-2025 04:00,31.83,48.24
2025,20-May 5am,194531.76,20-05-2025 05:00,32.42,51.88
2025,20-May 6am,193371.4,20-05-2025 06:00,33.77,47.58
2025,20-May 7am,191196.34,20-05-2025 07:00,34.49,54.28
2025,20-May 8am,190346.18,20-05-2025 08:00,34.17,51.73
2025,20-May 9am,198652.7,20-05-2025 09:00,36.96,43.03
2025,20-May 10am,207158.07,20-05-2025 10:00,37.11,35.49
2025,20-May 11am,211618.07,20-05-2025 11:00,36.77,40.99
2025,20-May 12pm,214672.44,20-05-2025 12:00,39.77,40.28
2025,20-May 1pm,216190.2,20-05-2025 13:00,39.61,37.93
2025,20-May 2pm,219257.87,20-05-2025 14:00,39.61,37.62
2025,20-May 3pm,225293.87,20-05-2025 15:00,40.85,40.8
2025,20-May 4pm,220904.82,20-05-2025 16:00,41.26,42.06
2025,20-May 5pm,211439.31,20-05-2025 17:00,41.11,35.33
2025,20-May 6pm,203201.64,20-05-2025 18:00,37.6,40.67
2025,20-May 7pm,209321.32,20-05-2025 19:00,38.35,36.7
2025,20-May 8pm,216369.91,20-05-2025 20:00,38.1,36.4
2025,20-May 9pm,216312.06,20-05-2025 21:00,35.46,41.23
2025,20-May 10pm,218418.56,20-05-2025 22:00,35.17,38.11
2025,20-May 11pm,219062.58,20-05-2025 23:00,34.68,49.41
2025,21-May 12am,215122.32,21-05-2025 00:00,31.97,48.6
2025,21-May 1am,210246.93,21-05-2025 01:00,32.15,51.48
2025,21-May 2am,204054.41,21-05-2025 02:00,31.53,49.7
2025,21-May 3am,199259.93,21-05-2025 03:00,31.51,54.63
2025,21-May 4am,195017.15,21-05-2025 04:00,31.63,48.52
2025,21-May 5am,192939.2,21-05-2025 05:00,31.75,52.4
2025,21-May 6am,190956.94,21-05-2025 06:00,33.93,47.57
2025,21-May 7am,189606.68,21-05-2025 07:00,33.99,50.09
2025,21-May 8am,187789.87,21-05-2025 08:00,33.64,50.53
2025,21-May 9am,193357.09,21-05-2025 09:00,37.17,38.29
2025,21-May 10am,199644.74,21-05-2025 10:00,37.1,39.72
2025,21-May 11am,207630.16,21-05-2025 11:00,36.79,37.79
2025,21-May 12pm,211040.39,21-05-2025 12:00,39.51,35.06
2025,21-May 1pm,211327.49,21-05-2025 13:00,39.58,37.16
2025,21-May 2pm,213572.31,21-05-2025 14:00,39.89,42
2025,21-May 3pm,218887.36,21-05-2025 15:00,40.65,42.71
2025,21-May 4pm,216230.96,21-05-2025 16:00,40.88,37.8
2025,21-May 5pm,207647.07,21-05-2025 17:00,41.13,39.08
2025,21-May 6pm,195259.6,21-05-2025 18:00,38.05,35.37
2025,21-May 7pm,196078.25,21-05-2025 19:00,37.73,37.37
2025,21-May 8pm,196460.78,21-05-2025 20:00,37.84,42.79
2025,21-May 9pm,187908.96,21-05-2025 21:00,35.11,41.06
2025,21-May 10pm,188486.03,21-05-2025 22:00,35.36,37.06
2025,21-May 11pm,190298.46,21-05-2025 23:00,35.25,37.57
2025,22-May 12am,184749.26,22-05-2025 00:00,32.05,53.17
2025,22-May 1am,178971.05,22-05-2025 01:00,31.86,47.09
2025,22-May 2am,172972.02,22-05-2025 02:00,31.87,48.34
2025,22-May 3am,169391.46,22-05-2025 03:00,32.38,51.64
2025,22-May 4am,165228.87,22-05-2025 04:00,31.54,50.61
2025,22-May 5am,164747.04,22-05-2025 05:00,32.49,49.61
2025,22-May 6am,166770.89,22-05-2025 06:00,34.16,54
2025,22-May 7am,170168.66,22-05-2025 07:00,34.18,47.2
2025,22-May 8am,172237.21,22-05-2025 08:00,33.54,52.41
2025,22-May 9am,177919.26,22-05-2025 09:00,37.11,36.59
2025,22-May 10am,186928.98,22-05-2025 10:00,36.98,41.16
2025,22-May 11am,188683.3,22-05-2025 11:00,36.61,43.71
2025,22-May 12pm,192344.21,22-05-2025 12:00,39.78,39.58
2025,22-May 1pm,192213.18,22-05-2025 13:00,40.39,42.24
2025,22-May 2pm,196067,22-05-2025 14:00,40.05,43.2
2025,22-May 3pm,202992.66,22-05-2025 15:00,40.91,36.36
2025,22-May 4pm,203882.07,22-05-2025 16:00,40.57,42.06
2025,22-May 5pm,200503.23,22-05-2025 17:00,41.21,44.2
2025,22-May 6pm,194633.24,22-05-2025 18:00,38.2,40.76
2025,22-May 7pm,200846.07,22-05-2025 19:00,38.11,36.86
2025,22-May 8pm,209122.71,22-05-2025 20:00,38.01,36.27
2025,22-May 9pm,208697.62,22-05-2025 21:00,34.93,47.6
2025,22-May 10pm,211695.27,22-05-2025 22:00,35.09,36.04
2025,22-May 11pm,213119.77,22-05-2025 23:00,34.73,50.13
2025,23-May 12am,209600.97,23-05-2025 00:00,32.44,45.7
2025,23-May 1am,202056.91,23-05-2025 01:00,32.09,47.23
2025,23-May 2am,194380.79,23-05-2025 02:00,31.81,49.4
2025,23-May 3am,189116.14,23-05-2025 03:00,31.95,49.74
2025,23-May 4am,184283.06,23-05-2025 04:00,32.31,50.65
2025,23-May 5am,182228.31,23-05-2025 05:00,31.66,52.06
2025,23-May 6am,182752.82,23-05-2025 06:00,33.79,45.47
2025,23-May 7am,184046.49,23-05-2025 07:00,34.18,45.81
2025,23-May 8am,183364.16,23-05-2025 08:00,33.82,45.61
2025,23-May 9am,191554.77,23-05-2025 09:00,37.29,39.23
2025,23-May 10am,199159.53,23-05-2025 10:00,36.63,35.42
2025,23-May 11am,201500.8,23-05-2025 11:00,37.26,42.46
2025,23-May 12pm,203629.36,23-05-2025 12:00,39.57,37.23
2025,23-May 1pm,204848.98,23-05-2025 13:00,39.51,44.39
2025,23-May 2pm,207082.71,23-05-2025 14:00,40.4,39.86
2025,23-May 3pm,213909.27,23-05-2025 15:00,41.08,39.46
2025,23-May 4pm,211960.18,23-05-2025 16:00,40.85,42.81
2025,23-May 5pm,205797.45,23-05-2025 17:00,40.73,42.13
2025,23-May 6pm,198810.03,23-05-2025 18:00,38.12,41.07
2025,23-May 7pm,206315.76,23-05-2025 19:00,38.01,44.35
2025,23-May 8pm,213152.15,23-05-2025 20:00,38.49,39.22
2025,23-May 9pm,213345.16,23-05-2025 21:00,35.48,43.09
2025,23-May 10pm,216038.26,23-05-2025 22:00,35.14,38.8
2025,23-May 11pm,218007.18,23-05-2025 23:00,34.94,53.38
2025,24-May 12am,214038.07,24-05-2025 00:00,31.99,47.59
2025,24-May 1am,207154.55,24-05-2025 01:00,32.18,47.89
2025,24-May 2am,200329.1,24-05-2025 02:00,31.6,51.78
2025,24-May 3am,195425.01,24-05-2025 03:00,31.83,47.13
2025,24-May 4am,191035.6,24-05-2025 04:00,31.58,47.29
2025,24-May 5am,189016.26,24-05-2025 05:00,31.57,48.05
2025,24-May 6am,187892.99,24-05-2025 06:00,33.7,51.79
2025,24-May 7am,185057,24-05-2025 07:00,33.99,53.89
2025,24-May 8am,184978.95,24-05-2025 08:00,34.28,51.75
2025,24-May 9am,190849.84,24-05-2025 09:00,36.99,43.28
2025,24-May 10am,197849.62,24-05-2025 10:00,36.84,40.44
2025,24-May 11am,199858.76,24-05-2025 11:00,36.58,35.69
2025,24-May 12pm,200425.27,24-05-2025 12:00,40.05,36
2025,24-May 1pm,199241.32,24-05-2025 13:00,39.77,40.54
2025,24-May 2pm,202105.26,24-05-2025 14:00,40.11,38.28
2025,24-May 3pm,208698.94,24-05-2025 15:00,41.48,37.21
2025,24-May 4pm,206961.35,24-05-2025 16:00,40.61,39.66
2025,24-May 5pm,201064.02,24-05-2025 17:00,40.71,41.66
2025,24-May 6pm,193323.16,24-05-2025 18:00,37.97,38.85
2025,24-May 7pm,196101.68,24-05-2025 19:00,38.47,43.03
2025,24-May 8pm,202046.7,24-05-2025 20:00,38.27,42.39
2025,24-May 9pm,201066.56,24-05-2025 21:00,35.4,42.35
2025,24-May 10pm,200265.37,24-05-2025 22:00,34.83,54.85
2025,24-May 11pm,200547.34,24-05-2025 23:00,35.49,37.95
2025,25-May 12am,194630.59,25-05-2025 00:00,31.6,51.45
2025,25-May 1am,185422.17,25-05-2025 01:00,31.55,53.55
2025,25-May 2am,174862.41,25-05-2025 02:00,32.36,50.8
2025,25-May 3am,166727.12,25-05-2025 03:00,32.43,52.9
2025,25-May 4am,162598.13,25-05-2025 04:00,31.59,49.14
2025,25-May 5am,160952.78,25-05-2025 05:00,31.61,50.9
2025,25-May 6am,159770.34,25-05-2025 06:00,33.53,45.56
2025,25-May 7am,160421.38,25-05-2025 07:00,33.6,54.86
2025,25-May 8am,159697.78,25-05-2025 08:00,33.71,53
2025,25-May 9am,164740.57,25-05-2025 09:00,37.47,43.69
2025,25-May 10am,171134.49,25-05-2025 10:00,37.17,41.94
2025,25-May 11am,173539.73,25-05-2025 11:00,37.28,36.86
2025,25-May 12pm,174058.5,25-05-2025 12:00,40.28,35.31
2025,25-May 1pm,174113.53,25-05-2025 13:00,40.04,43.65
2025,25-May 2pm,174974.97,25-05-2025 14:00,40.3,38.96
2025,25-May 3pm,177975.04,25-05-2025 15:00,41.1,37.64
2025,25-May 4pm,177602.3,25-05-2025 16:00,40.81,40.62
2025,25-May 5pm,175450.56,25-05-2025 17:00,41.06,39.21
2025,25-May 6pm,173443.85,25-05-2025 18:00,38.03,41.52
2025,25-May 7pm,183671.37,25-05-2025 19:00,38.32,39.84
2025,25-May 8pm,194004.52,25-05-2025 20:00,38.48,41.97
2025,25-May 9pm,196563.32,25-05-2025 21:00,34.91,53.53
2025,25-May 10pm,197307.44,25-05-2025 22:00,35.26,36.96
2025,25-May 11pm,198289.17,25-05-2025 23:00,34.6,48.29
2025,26-May 12am,193328.18,26-05-2025 00:00,32.28,49.37
2025,26-May 1am,186376.52,26-05-2025 01:00,31.87,54.62
2025,26-May 2am,181170.15,26-05-2025 02:00,31.54,48.65
2025,26-May 3am,175990.03,26-05-2025 03:00,31.86,48.81
2025,26-May 4am,171885.05,26-05-2025 04:00,32.11,51.53
2025,26-May 5am,170518.43,26-05-2025 05:00,31.62,49.19
2025,26-May 6am,172304.17,26-05-2025 06:00,34.42,54.51
2025,26-May 7am,172081.61,26-05-2025 07:00,33.58,53.94
2025,26-May 8am,173241.22,26-05-2025 08:00,34.43,50.13
2025,26-May 9am,181795.72,26-05-2025 09:00,37.21,41.45
2025,26-May 10am,187157.06,26-05-2025 10:00,36.83,35.58
2025,26-May 11am,190996.05,26-05-2025 11:00,36.89,41.96
2025,26-May 12pm,190938.49,26-05-2025 12:00,40.24,42.07
2025,26-May 1pm,192793.83,26-05-2025 13:00,40.1,38.59
2025,26-May 2pm,193185.49,26-05-2025 14:00,40.17,37.2
2025,26-May 3pm,198823.26,26-05-2025 15:00,40.89,44.15
2025,26-May 4pm,197974.32,26-05-2025 16:00,40.99,39.27
2025,26-May 5pm,195159.94,26-05-2025 17:00,41.49,41.54
2025,26-May 6pm,191553.44,26-05-2025 18:00,37.71,35.33
2025,26-May 7pm,199154.86,26-05-2025 19:00,37.92,39.14
2025,26-May 8pm,208678.35,26-05-2025 20:00,37.79,43.17
2025,26-May 9pm,210413.49,26-05-2025 21:00,35.27,38.88
2025,26-May 10pm,210434.69,26-05-2025 22:00,35.26,41.03
2025,26-May 11pm,210022.01,26-05-2025 23:00,34.79,47.1
2025,27-May 12am,203313.23,27-05-2025 00:00,31.58,49.17
2025,27-May 1am,196355.11,27-05-2025 01:00,31.51,54.28
2025,27-May 2am,190314.01,27-05-2025 02:00,31.93,50.66
2025,27-May 3am,185602.85,27-05-2025 03:00,31.91,54.02
2025,27-May 4am,181768.72,27-05-2025 04:00,32.49,54.02
2025,27-May 5am,179733.8,27-05-2025 05:00,31.97,54.44
2025,27-May 6am,179621.12,27-05-2025 06:00,33.76,53.95
2025,27-May 7am,179361.93,27-05-2025 07:00,34.39,45.03
2025,27-May 8am,180246.24,27-05-2025 08:00,33.99,54.34
2025,27-May 9am,188940.6,27-05-2025 09:00,37.1,36.37
2025,27-May 10am,196719.04,27-05-2025 10:00,36.6,35.4
2025,27-May 11am,199334.8,27-05-2025 11:00,36.88,35.55
2025,27-May 12pm,200553.76,27-05-2025 12:00,40.44,38.49
2025,27-May 1pm,200259.39,27-05-2025 13:00,40.09,41.21
2025,27-May 2pm,199506.34,27-05-2025 14:00,39.84,39.02
2025,27-May 3pm,204540.15,27-05-2025 15:00,41.13,35.26
2025,27-May 4pm,202395.18,27-05-2025 16:00,41.41,39.76
2025,27-May 5pm,198305.87,27-05-2025 17:00,40.77,39.42
2025,27-May 6pm,195486.94,27-05-2025 18:00,38.01,42.57
2025,27-May 7pm,203666.21,27-05-2025 19:00,38.46,37.8
2025,27-May 8pm,210511.91,27-05-2025 20:00,37.67,37.18
2025,27-May 9pm,211284.84,27-05-2025 21:00,35.22,37.56
2025,27-May 10pm,211599.46,27-05-2025 22:00,35.11,38.04
2025,27-May 11pm,211277.19,27-05-2025 23:00,35.18,40.99
2025,28-May 12am,206138.66,28-05-2025 00:00,31.85,49.72
2025,28-May 1am,199733.14,28-05-2025 01:00,31.81,48.37
2025,28-May 2am,193625.18,28-05-2025 02:00,32.18,48.74
2025,28-May 3am,188545.45,28-05-2025 03:00,31.72,48.71
2025,28-May 4am,184353.96,28-05-2025 04:00,31.92,54.72
2025,28-May 5am,182938.92,28-05-2025 05:00,31.69,47.33
2025,28-May 6am,181643.82,28-05-2025 06:00,33.51,53.18
2025,28-May 7am,181597.81,28-05-2025 07:00,34.47,52.08
2025,28-May 8am,182643.6,28-05-2025 08:00,33.93,45.06
2025,28-May 9am,191424.64,28-05-2025 09:00,37.47,44.93
2025,28-May 10am,199047.55,28-05-2025 10:00,36.64,42.56
2025,28-May 11am,201501.46,28-05-2025 11:00,37.09,41.82
2025,28-May 12pm,202690.67,28-05-2025 12:00,39.7,39.05
2025,28-May 1pm,203956,28-05-2025 13:00,40.29,40.55
2025,28-May 2pm,205259.17,28-05-2025 14:00,40.28,37.53
2025,28-May 3pm,209799.03,28-05-2025 15:00,40.61,35.35
2025,28-May 4pm,206047.63,28-05-2025 16:00,41.41,43.36
2025,28-May 5pm,198783.54,28-05-2025 17:00,40.69,43.96
2025,28-May 6pm,195303.56,28-05-2025 18:00,38.11,36.62
2025,28-May 7pm,202792.83,28-05-2025 19:00,38.49,42.87
2025,28-May 8pm,210555.07,28-05-2025 20:00,38.38,42.41
2025,28-May 9pm,210874.76,28-05-2025 21:00,35.46,36.78
2025,28-May 10pm,212106.67,28-05-2025 22:00,34.84,49.22
2025,28-May 11pm,211011.78,28-05-2025 23:00,34.61,49.23
2025,29-May 12am,205694.89,29-05-2025 00:00,31.69,52.6
2025,29-May 1am,200990.65,29-05-2025 01:00,32,53.38
2025,29-May 2am,194842.69,29-05-2025 02:00,32.29,45.95
2025,29-May 3am,189987.13,29-05-2025 03:00,31.65,50.63
2025,29-May 4am,187177.74,29-05-2025 04:00,32.16,52.62
2025,29-May 5am,186475.56,29-05-2025 05:00,31.82,52.86
2025,29-May 6am,185758.07,29-05-2025 06:00,33.84,46.48
2025,29-May 7am,185572.82,29-05-2025 07:00,34.16,50.26
2025,29-May 8am,186147.08,29-05-2025 08:00,33.97,53.58
2025,29-May 9am,191868.93,29-05-2025 09:00,37.31,38.19
2025,29-May 10am,199815.78,29-05-2025 10:00,36.66,39.25
2025,29-May 11am,201601.94,29-05-2025 11:00,37.29,43.04
2025,29-May 12pm,201697.68,29-05-2025 12:00,39.56,35.89
2025,29-May 1pm,200374.27,29-05-2025 13:00,39.69,43.59
2025,29-May 2pm,203293.85,29-05-2025 14:00,40.16,38.11
2025,29-May 3pm,208257.37,29-05-2025 15:00,41.35,35.01
2025,29-May 4pm,206021.17,29-05-2025 16:00,40.75,37.34
2025,29-May 5pm,198548.45,29-05-2025 17:00,40.83,35.9
2025,29-May 6pm,193003.01,29-05-2025 18:00,38.04,35.92
2025,29-May 7pm,198230.37,29-05-2025 19:00,37.71,41.93
2025,29-May 8pm,207662.09,29-05-2025 20:00,38.31,37.14
2025,29-May 9pm,208480.29,29-05-2025 21:00,35.27,44.35
2025,29-May 10pm,210047.18,29-05-2025 22:00,34.65,50.16
2025,29-May 11pm,208811.4,29-05-2025 23:00,34.96,49.6
2025,30-May 12am,204247.39,30-05-2025 00:00,32.27,49.34
2025,30-May 1am,196718.43,30-05-2025 01:00,31.84,51.93
2025,30-May 2am,191000.99,30-05-2025 02:00,32.13,49.52
2025,30-May 3am,185533.18,30-05-2025 03:00,31.55,46.29
2025,30-May 4am,180633.39,30-05-2025 04:00,32.11,53.8
2025,30-May 5am,178876.44,30-05-2025 05:00,31.65,49.28
2025,30-May 6am,178168.04,30-05-2025 06:00,34.33,45.74
2025,30-May 7am,178370.04,30-05-2025 07:00,33.86,50.29
2025,30-May 8am,178017.45,30-05-2025 08:00,33.78,51.47
2025,30-May 9am,185530.69,30-05-2025 09:00,37.34,37.76
2025,30-May 10am,194997.88,30-05-2025 10:00,36.55,43
2025,30-May 11am,195840.19,30-05-2025 11:00,36.9,41.7
2025,30-May 12pm,196489.2,30-05-2025 12:00,39.87,41.5
2025,30-May 1pm,195021.51,30-05-2025 13:00,39.78,39.21
2025,30-May 2pm,196660.05,30-05-2025 14:00,40.41,44.62
2025,30-May 3pm,201384.32,30-05-2025 15:00,41.25,37.74
2025,30-May 4pm,199585.91,30-05-2025 16:00,40.56,40.78
2025,30-May 5pm,194963.86,30-05-2025 17:00,41.21,38.09
2025,30-May 6pm,191113.25,30-05-2025 18:00,38.03,42.45
2025,30-May 7pm,199171.94,30-05-2025 19:00,38.4,35.48
2025,30-May 8pm,206978.48,30-05-2025 20:00,37.81,35.46
2025,30-May 9pm,207341.94,30-05-2025 21:00,35.07,43.11
2025,30-May 10pm,208321.01,30-05-2025 22:00,35,49.34
2025,30-May 11pm,209472.15,30-05-2025 23:00,34.99,48.41
2025,31-May 12am,204126.66,31-05-2025 00:00,31.96,51.08
2025,31-May 1am,197654.44,31-05-2025 01:00,31.71,52.02
2025,31-May 2am,190935.57,31-05-2025 02:00,32.26,47.01
2025,31-May 3am,185888.64,31-05-2025 03:00,31.95,46.85
2025,31-May 4am,182521.25,31-05-2025 04:00,32.46,54.58
2025,31-May 5am,180490.81,31-05-2025 05:00,31.76,50.9
2025,31-May 6am,180143.56,31-05-2025 06:00,34.18,48.9
2025,31-May 7am,179233.61,31-05-2025 07:00,34.44,53.01
2025,31-May 8am,179211.99,31-05-2025 08:00,34.16,50.25
2025,31-May 9am,185718.62,31-05-2025 09:00,37.37,37.42
2025,31-May 10am,192278.68,31-05-2025 10:00,37.33,37.07
2025,31-May 11am,195395.79,31-05-2025 11:00,36.86,38.97
2025,31-May 12pm,197633.88,31-05-2025 12:00,40.1,43.6
2025,31-May 1pm,198230.65,31-05-2025 13:00,39.66,35.61
2025,31-May 2pm,200459.31,31-05-2025 14:00,40.04,37.19
2025,31-May 3pm,205297.55,31-05-2025 15:00,40.73,43.93
2025,31-May 4pm,203042.5,31-05-2025 16:00,41.24,36.22
2025,31-May 5pm,196703.44,31-05-2025 17:00,41.03,41.3
2025,31-May 6pm,185339.9,31-05-2025 18:00,37.91,37.14
2025,31-May 7pm,195023.14,31-05-2025 19:00,37.77,41.06
2025,31-May 8pm,204867.43,31-05-2025 20:00,38.5,38.83
2025,31-May 9pm,206170.99,31-05-2025 21:00,34.57,46.02
2025,31-May 10pm,209214.52,31-05-2025 22:00,34.54,50.82
2025,31-May 11pm,212029.61,31-05-2025 23:00,34.72,51.83
2025,01-Jun 12am,206881.96,01-06-2025 00:00,30.47,51.8
2025,01-Jun 1am,201185.61,01-06-2025 01:00,30.48,51.37
2025,01-Jun 2am,195752.66,01-06-2025 02:00,30.15,50
2025,01-Jun 3am,189495.61,01-06-2025 03:00,30.38,50.19
2025,01-Jun 4am,185436.26,01-06-2025 04:00,29.71,51.36
2025,01-Jun 5am,183347.09,01-06-2025 05:00,30.47,51.9
2025,01-Jun 6am,181658.24,01-06-2025 06:00,31.64,51.55
2025,01-Jun 7am,177229.36,01-06-2025 07:00,31.6,50.87
2025,01-Jun 8am,176453.64,01-06-2025 08:00,31.61,46.56
2025,01-Jun 9am,175624.53,01-06-2025 09:00,35.07,37.11
2025,01-Jun 10am,180097.72,01-06-2025 10:00,35.28,37.6
2025,01-Jun 11am,180945.18,01-06-2025 11:00,34.87,54.2
2025,01-Jun 12pm,182390.69,01-06-2025 12:00,38.48,42.59
2025,01-Jun 1pm,184645.81,01-06-2025 13:00,37.93,40.53
2025,01-Jun 2pm,187983.75,01-06-2025 14:00,37.65,37.52
2025,01-Jun 3pm,193160.85,01-06-2025 15:00,38.97,36.11
2025,01-Jun 4pm,190752.32,01-06-2025 16:00,39.18,43.99
2025,01-Jun 5pm,181403.74,01-06-2025 17:00,39.33,43.93
2025,01-Jun 6pm,175545.58,01-06-2025 18:00,35.96,36.11
2025,01-Jun 7pm,182602.14,01-06-2025 19:00,36.09,42.97
2025,01-Jun 8pm,194545.16,01-06-2025 20:00,35.77,39.47
2025,01-Jun 9pm,198202.17,01-06-2025 21:00,33.15,48.24
2025,01-Jun 10pm,202511.61,01-06-2025 22:00,33.49,52.39
2025,01-Jun 11pm,205936.81,01-06-2025 23:00,32.55,51.14
2025,02-Jun 12am,202395.8,02-06-2025 00:00,30.39,52.8
2025,02-Jun 1am,196631.77,02-06-2025 01:00,30.06,45.74
2025,02-Jun 2am,190043.97,02-06-2025 02:00,29.75,48.19
2025,02-Jun 3am,184842.01,02-06-2025 03:00,30.45,48.19
2025,02-Jun 4am,181573.33,02-06-2025 04:00,29.98,48.3
2025,02-Jun 5am,180189.55,02-06-2025 05:00,29.83,50.02
2025,02-Jun 6am,181556.18,02-06-2025 06:00,31.68,47.83
2025,02-Jun 7am,183865.71,02-06-2025 07:00,31.74,49.44
2025,02-Jun 8am,183619.67,02-06-2025 08:00,32.33,48.68
2025,02-Jun 9am,189044.89,02-06-2025 09:00,35.11,42.35
2025,02-Jun 10am,199481.28,02-06-2025 10:00,35.41,41.04
2025,02-Jun 11am,204461.61,02-06-2025 11:00,34.73,51.54
2025,02-Jun 12pm,203099.89,02-06-2025 12:00,37.62,37.11
2025,02-Jun 1pm,204463.1,02-06-2025 13:00,37.51,38.26
2025,02-Jun 2pm,206319.85,02-06-2025 14:00,38.01,35.21
2025,02-Jun 3pm,212369.7,02-06-2025 15:00,39.5,36.08
2025,02-Jun 4pm,210049.16,02-06-2025 16:00,39.19,37.65
2025,02-Jun 5pm,202412.64,02-06-2025 17:00,38.81,35.65
2025,02-Jun 6pm,194401.76,02-06-2025 18:00,36.38,41.03
2025,02-Jun 7pm,200511.19,02-06-2025 19:00,36.28,44.98
2025,02-Jun 8pm,209275.62,02-06-2025 20:00,35.52,36.01
2025,02-Jun 9pm,209874.92,02-06-2025 21:00,33.32,53.21
2025,02-Jun 10pm,212131.52,02-06-2025 22:00,32.8,46.19
2025,02-Jun 11pm,214001.45,02-06-2025 23:00,32.65,51.7
2025,03-Jun 12am,207614.04,03-06-2025 00:00,29.73,51.43
2025,03-Jun 1am,200137.03,03-06-2025 01:00,29.97,54.03
2025,03-Jun 2am,192861.04,03-06-2025 02:00,29.92,46.14
2025,03-Jun 3am,188499.82,03-06-2025 03:00,29.79,48.15
2025,03-Jun 4am,185341.25,03-06-2025 04:00,29.67,45.91
2025,03-Jun 5am,184269.26,03-06-2025 05:00,30.26,49.07
2025,03-Jun 6am,184181.41,03-06-2025 06:00,32.49,54.12
2025,03-Jun 7am,186353.2,03-06-2025 07:00,32.28,52.82
2025,03-Jun 8am,185499.19,03-06-2025 08:00,31.8,52.23
2025,03-Jun 9am,190895.32,03-06-2025 09:00,34.74,50.33
2025,03-Jun 10am,198481.04,03-06-2025 10:00,34.72,53.83
2025,03-Jun 11am,200554.03,03-06-2025 11:00,34.64,49.49
2025,03-Jun 12pm,201354.61,03-06-2025 12:00,38.05,36.5
2025,03-Jun 1pm,203072.92,03-06-2025 13:00,38.11,43.38
2025,03-Jun 2pm,203220.82,03-06-2025 14:00,38.21,37.8
2025,03-Jun 3pm,206905.54,03-06-2025 15:00,39.18,35.54
2025,03-Jun 4pm,205911.14,03-06-2025 16:00,38.79,36.26
2025,03-Jun 5pm,201851.91,03-06-2025 17:00,38.83,41.09
2025,03-Jun 6pm,196994.07,03-06-2025 18:00,36.18,41.07
2025,03-Jun 7pm,199810.26,03-06-2025 19:00,35.85,37.6
2025,03-Jun 8pm,205058.76,03-06-2025 20:00,35.71,42.27
2025,03-Jun 9pm,204754.32,03-06-2025 21:00,32.87,52.74
2025,03-Jun 10pm,207626.23,03-06-2025 22:00,32.77,54.21
2025,03-Jun 11pm,208814.32,03-06-2025 23:00,32.59,50.85
2025,04-Jun 12am,202739.28,04-06-2025 00:00,30.33,52.79
2025,04-Jun 1am,195865,04-06-2025 01:00,30.35,52.53
2025,04-Jun 2am,188893.35,04-06-2025 02:00,29.72,47.58
2025,04-Jun 3am,184102.84,04-06-2025 03:00,29.56,48.1
2025,04-Jun 4am,180389.91,04-06-2025 04:00,30.24,49.78
2025,04-Jun 5am,180245.27,04-06-2025 05:00,29.71,45.19
2025,04-Jun 6am,181640.53,04-06-2025 06:00,31.89,47.97
2025,04-Jun 7am,183416.88,04-06-2025 07:00,31.56,49.74
2025,04-Jun 8am,183760.06,04-06-2025 08:00,31.73,46.08
2025,04-Jun 9am,188976.02,04-06-2025 09:00,35.29,36.26
2025,04-Jun 10am,197425.52,04-06-2025 10:00,35.3,39.63
2025,04-Jun 11am,199680.63,04-06-2025 11:00,34.71,52.31
2025,04-Jun 12pm,200987.43,04-06-2025 12:00,37.84,43.34
2025,04-Jun 1pm,200328.23,04-06-2025 13:00,37.63,40.46
2025,04-Jun 2pm,201106.16,04-06-2025 14:00,37.57,39.75
2025,04-Jun 3pm,203811.59,04-06-2025 15:00,39.49,38.84
2025,04-Jun 4pm,203167.14,04-06-2025 16:00,39.16,36.93
2025,04-Jun 5pm,200643.13,04-06-2025 17:00,39.04,36.47
2025,04-Jun 6pm,194955.67,04-06-2025 18:00,36.27,42.92
2025,04-Jun 7pm,200241.18,04-06-2025 19:00,36.34,39.65
2025,04-Jun 8pm,206341.42,04-06-2025 20:00,36.31,42.9
2025,04-Jun 9pm,206126.05,04-06-2025 21:00,32.52,52.04
2025,04-Jun 10pm,206524.09,04-06-2025 22:00,32.69,46.94
2025,04-Jun 11pm,209061.49,04-06-2025 23:00,33.15,50.1
2025,05-Jun 12am,203636.27,05-06-2025 00:00,29.88,49.44
2025,05-Jun 1am,196696.49,05-06-2025 01:00,30.48,49.24
2025,05-Jun 2am,190067.07,05-06-2025 02:00,30.17,50.43
2025,05-Jun 3am,185712.91,05-06-2025 03:00,30.46,54.82
2025,05-Jun 4am,182773.38,05-06-2025 04:00,29.7,53.13
2025,05-Jun 5am,182351.81,05-06-2025 05:00,30.36,54.04
2025,05-Jun 6am,182988.8,05-06-2025 06:00,31.82,45.3
2025,05-Jun 7am,185626.25,05-06-2025 07:00,32.49,46.4
2025,05-Jun 8am,186405.33,05-06-2025 08:00,31.66,45.85
2025,05-Jun 9am,192979.1,05-06-2025 09:00,35.02,37.63
2025,05-Jun 10am,203327.28,05-06-2025 10:00,35.29,39.42
2025,05-Jun 11am,205506.79,05-06-2025 11:00,34.93,51.42
2025,05-Jun 12pm,206233.62,05-06-2025 12:00,37.97,40.01
2025,05-Jun 1pm,205882.18,05-06-2025 13:00,38.49,44.03
2025,05-Jun 2pm,207095.49,05-06-2025 14:00,37.93,44.4
2025,05-Jun 3pm,213420.41,05-06-2025 15:00,39.1,36.64
2025,05-Jun 4pm,212578.2,05-06-2025 16:00,38.55,43.53
2025,05-Jun 5pm,207725.17,05-06-2025 17:00,39.34,39.82
2025,05-Jun 6pm,202275.48,05-06-2025 18:00,36.15,39.53
2025,05-Jun 7pm,205568.37,05-06-2025 19:00,35.9,42.85
2025,05-Jun 8pm,213686.33,05-06-2025 20:00,35.52,35.93
2025,05-Jun 9pm,214461.47,05-06-2025 21:00,33.09,53.82
2025,05-Jun 10pm,214634.38,05-06-2025 22:00,32.51,51.71
2025,05-Jun 11pm,213868.42,05-06-2025 23:00,32.5,53.75
2025,06-Jun 12am,210504.82,06-06-2025 00:00,30.12,54.94
2025,06-Jun 1am,206044.23,06-06-2025 01:00,29.69,50.18
2025,06-Jun 2am,200989.2,06-06-2025 02:00,29.69,45.93
2025,06-Jun 3am,196121.15,06-06-2025 03:00,30.15,46.67
2025,06-Jun 4am,193004.48,06-06-2025 04:00,29.55,48.24
2025,06-Jun 5am,192210.51,06-06-2025 05:00,29.81,46.04
2025,06-Jun 6am,192383.03,06-06-2025 06:00,31.65,53.15
2025,06-Jun 7am,193330.26,06-06-2025 07:00,32.08,47.97
2025,06-Jun 8am,192986.93,06-06-2025 08:00,32.16,54.76
2025,06-Jun 9am,201066.58,06-06-2025 09:00,35.22,42.03
2025,06-Jun 10am,210994.37,06-06-2025 10:00,34.76,46.73
2025,06-Jun 11am,214515.51,06-06-2025 11:00,34.59,49.76
2025,06-Jun 12pm,216729.85,06-06-2025 12:00,37.58,39.67
2025,06-Jun 1pm,216030.53,06-06-2025 13:00,37.93,39.93
2025,06-Jun 2pm,218444.08,06-06-2025 14:00,38.45,40.36
2025,06-Jun 3pm,222746.55,06-06-2025 15:00,38.72,35.31
2025,06-Jun 4pm,222053.19,06-06-2025 16:00,38.76,41.86
2025,06-Jun 5pm,216825.68,06-06-2025 17:00,38.6,39.87
2025,06-Jun 6pm,207811.18,06-06-2025 18:00,36.11,42.91
2025,06-Jun 7pm,211074.71,06-06-2025 19:00,36.18,43.15
2025,06-Jun 8pm,218735.95,06-06-2025 20:00,36.14,37.31
2025,06-Jun 9pm,220448.78,06-06-2025 21:00,33.36,45.48
2025,06-Jun 10pm,223065.26,06-06-2025 22:00,32.99,52.03
2025,06-Jun 11pm,222750.39,06-06-2025 23:00,32.63,54.78
2025,07-Jun 12am,219434.33,07-06-2025 00:00,29.79,49.47
2025,07-Jun 1am,214131.1,07-06-2025 01:00,30.16,47.6
2025,07-Jun 2am,207458.34,07-06-2025 02:00,30.11,46.57
2025,07-Jun 3am,202870.33,07-06-2025 03:00,30.03,47.87
2025,07-Jun 4am,199630.17,07-06-2025 04:00,30.18,48.28
2025,07-Jun 5am,200252.84,07-06-2025 05:00,30.14,49.24
2025,07-Jun 6am,200266.42,07-06-2025 06:00,32.38,51.55
2025,07-Jun 7am,200033.29,07-06-2025 07:00,32.09,47.73
2025,07-Jun 8am,197770.68,07-06-2025 08:00,32.28,45.51
2025,07-Jun 9am,204950.81,07-06-2025 09:00,34.75,48.73
2025,07-Jun 10am,215818.93,07-06-2025 10:00,35.18,43.56
2025,07-Jun 11am,218364.39,07-06-2025 11:00,35.4,39.98
2025,07-Jun 12pm,220852.33,07-06-2025 12:00,37.89,44.65
2025,07-Jun 1pm,220856,07-06-2025 13:00,38.28,40.04
2025,07-Jun 2pm,224305.87,07-06-2025 14:00,38.22,37.76
2025,07-Jun 3pm,230516.78,07-06-2025 15:00,38.56,36.93
2025,07-Jun 4pm,227495.29,07-06-2025 16:00,39.08,41.95
2025,07-Jun 5pm,219349.22,07-06-2025 17:00,38.63,40.36
2025,07-Jun 6pm,207351.11,07-06-2025 18:00,36.47,41.04
2025,07-Jun 7pm,208829.8,07-06-2025 19:00,36.31,42.55
2025,07-Jun 8pm,216724.56,07-06-2025 20:00,35.61,42.26
2025,07-Jun 9pm,219779.12,07-06-2025 21:00,32.62,45.43
2025,07-Jun 10pm,222225,07-06-2025 22:00,33.09,53.03
2025,07-Jun 11pm,226625.85,07-06-2025 23:00,32.84,50.33
2025,08-Jun 12am,222508.19,08-06-2025 00:00,29.53,48.92
2025,08-Jun 1am,217258.74,08-06-2025 01:00,30.04,50.38
2025,08-Jun 2am,211186.4,08-06-2025 02:00,29.89,51.12
2025,08-Jun 3am,206988.81,08-06-2025 03:00,29.6,46.5
2025,08-Jun 4am,202623.83,08-06-2025 04:00,30.3,49.17
2025,08-Jun 5am,201477.2,08-06-2025 05:00,30.42,48.36
2025,08-Jun 6am,199103.76,08-06-2025 06:00,32.26,48.5
2025,08-Jun 7am,193800.34,08-06-2025 07:00,32.32,45.91
2025,08-Jun 8am,192735.67,08-06-2025 08:00,31.72,46.6
2025,08-Jun 9am,197614.37,08-06-2025 09:00,34.76,46.62
2025,08-Jun 10am,205982.07,08-06-2025 10:00,34.71,48.73
2025,08-Jun 11am,207135.44,08-06-2025 11:00,35.27,43.94
2025,08-Jun 12pm,209285.67,08-06-2025 12:00,38.45,37.06
2025,08-Jun 1pm,211141.29,08-06-2025 13:00,38.22,39.16
2025,08-Jun 2pm,215468.17,08-06-2025 14:00,38.38,38.12
2025,08-Jun 3pm,220443.96,08-06-2025 15:00,39.14,42.87
2025,08-Jun 4pm,218008.44,08-06-2025 16:00,38.89,35.5
2025,08-Jun 5pm,209405.36,08-06-2025 17:00,38.93,36.97
2025,08-Jun 6pm,196479.83,08-06-2025 18:00,35.58,37.11
2025,08-Jun 7pm,201140.92,08-06-2025 19:00,35.53,44.93
2025,08-Jun 8pm,214675.55,08-06-2025 20:00,36.2,40.71
2025,08-Jun 9pm,218414.98,08-06-2025 21:00,32.94,46.39
2025,08-Jun 10pm,222338.68,08-06-2025 22:00,33.05,47.72
2025,08-Jun 11pm,225674.81,08-06-2025 23:00,33.06,46.68
2025,09-Jun 12am,221790.06,09-06-2025 00:00,29.78,46.25
2025,09-Jun 1am,218144.25,09-06-2025 01:00,29.98,52.97
2025,09-Jun 2am,211343.01,09-06-2025 02:00,29.97,49.96
2025,09-Jun 3am,206867.97,09-06-2025 03:00,29.89,51.31
2025,09-Jun 4am,203325.22,09-06-2025 04:00,30.32,48.31
2025,09-Jun 5am,202341.42,09-06-2025 05:00,29.95,50.54
2025,09-Jun 6am,201971.44,09-06-2025 06:00,32.1,47.58
2025,09-Jun 7am,202743.13,09-06-2025 07:00,32.4,48.08
2025,09-Jun 8am,201809.91,09-06-2025 08:00,32.37,51.52
2025,09-Jun 9am,210323.46,09-06-2025 09:00,35.39,36.5
2025,09-Jun 10am,222256.04,09-06-2025 10:00,34.77,51.17
2025,09-Jun 11am,225860.56,09-06-2025 11:00,34.53,53.52
2025,09-Jun 12pm,228538.89,09-06-2025 12:00,37.76,36.2
2025,09-Jun 1pm,230304.22,09-06-2025 13:00,37.78,43.97
2025,09-Jun 2pm,233016.71,09-06-2025 14:00,38.41,35.79
2025,09-Jun 3pm,238754.9,09-06-2025 15:00,39.15,38.49
2025,09-Jun 4pm,235641.04,09-06-2025 16:00,38.58,41.11
2025,09-Jun 5pm,228689.01,09-06-2025 17:00,38.64,40.59
2025,09-Jun 6pm,220546.53,09-06-2025 18:00,35.66,35.96
2025,09-Jun 7pm,222459.29,09-06-2025 19:00,36.13,42.99
2025,09-Jun 8pm,228793.69,09-06-2025 20:00,36.24,44.73
2025,09-Jun 9pm,229660.8,09-06-2025 21:00,33.36,46.81
2025,09-Jun 10pm,232046.95,09-06-2025 22:00,33.44,53.95
2025,09-Jun 11pm,235011.53,09-06-2025 23:00,32.7,50.57
2025,10-Jun 12am,229654.6,10-06-2025 00:00,29.81,54.36
2025,10-Jun 1am,224278.57,10-06-2025 01:00,29.74,46.76
2025,10-Jun 2am,219209.96,10-06-2025 02:00,29.86,52.92
2025,10-Jun 3am,215382.08,10-06-2025 03:00,30.41,45.6
2025,10-Jun 4am,211612.94,10-06-2025 04:00,30.08,53.83
2025,10-Jun 5am,209543.91,10-06-2025 05:00,30.24,51.74
2025,10-Jun 6am,208818.66,10-06-2025 06:00,31.99,48.7
2025,10-Jun 7am,207898.69,10-06-2025 07:00,31.53,46.9
2025,10-Jun 8am,208038.44,10-06-2025 08:00,31.56,53.17
2025,10-Jun 9am,214892.09,10-06-2025 09:00,35.04,41.03
2025,10-Jun 10am,224789.44,10-06-2025 10:00,35.22,38.6
2025,10-Jun 11am,227130.82,10-06-2025 11:00,34.72,49.44
2025,10-Jun 12pm,228944.21,10-06-2025 12:00,38.22,43.27
2025,10-Jun 1pm,229184.22,10-06-2025 13:00,38.31,38.39
2025,10-Jun 2pm,234589.09,10-06-2025 14:00,37.91,35.9
2025,10-Jun 3pm,240363.1,10-06-2025 15:00,39.25,44.11
2025,10-Jun 4pm,235186.12,10-06-2025 16:00,38.9,38.87
2025,10-Jun 5pm,230491.91,10-06-2025 17:00,39.18,38.48
2025,10-Jun 6pm,221125.23,10-06-2025 18:00,36.26,37.04
2025,10-Jun 7pm,220138.21,10-06-2025 19:00,36.49,43.97
2025,10-Jun 8pm,226355.19,10-06-2025 20:00,35.85,37.18
2025,10-Jun 9pm,228743.18,10-06-2025 21:00,32.91,51.37
2025,10-Jun 10pm,230852.55,10-06-2025 22:00,32.67,53.81
2025,10-Jun 11pm,232382.09,10-06-2025 23:00,32.7,45.35
2025,11-Jun 12am,228570.85,11-06-2025 00:00,30.19,53.29
2025,11-Jun 1am,223704.42,11-06-2025 01:00,30.42,49.11
2025,11-Jun 2am,217412.23,11-06-2025 02:00,29.89,51.58
2025,11-Jun 3am,214153.3,11-06-2025 03:00,29.68,48.72
2025,11-Jun 4am,211293.64,11-06-2025 04:00,29.79,51.96
2025,11-Jun 5am,210306.71,11-06-2025 05:00,29.96,47.54
2025,11-Jun 6am,210919.33,11-06-2025 06:00,31.79,45.22
2025,11-Jun 7am,210656.69,11-06-2025 07:00,31.73,54.48
2025,11-Jun 8am,210085.73,11-06-2025 08:00,32.24,45.16
2025,11-Jun 9am,216481.5,11-06-2025 09:00,34.51,53.24
2025,11-Jun 10am,225971.69,11-06-2025 10:00,35.04,36.69
2025,11-Jun 11am,229943.38,11-06-2025 11:00,35.29,38.92
2025,11-Jun 12pm,233081.47,11-06-2025 12:00,37.77,43.22
2025,11-Jun 1pm,233259.66,11-06-2025 13:00,38.1,37.06
2025,11-Jun 2pm,235955.97,11-06-2025 14:00,38.17,43.66
2025,11-Jun 3pm,239470.53,11-06-2025 15:00,39.16,39.98
2025,11-Jun 4pm,237073.66,11-06-2025 16:00,38.95,38.66
2025,11-Jun 5pm,231764.25,11-06-2025 17:00,38.85,41.62
2025,11-Jun 6pm,221939.11,11-06-2025 18:00,36.34,38.41
2025,11-Jun 7pm,221864.47,11-06-2025 19:00,36.26,38.47
2025,11-Jun 8pm,229036.26,11-06-2025 20:00,35.82,42.34
2025,11-Jun 9pm,228025.27,11-06-2025 21:00,32.6,48.1
2025,11-Jun 10pm,229646.72,11-06-2025 22:00,32.57,47.01
2025,11-Jun 11pm,230085.02,11-06-2025 23:00,32.59,53.08
2025,12-Jun 12am,227847.99,12-06-2025 00:00,30.08,53.05
2025,12-Jun 1am,222420.79,12-06-2025 01:00,29.55,49.98
2025,12-Jun 2am,217870.03,12-06-2025 02:00,29.84,50.27
2025,12-Jun 3am,213416.7,12-06-2025 03:00,30.25,51.96
2025,12-Jun 4am,211132.15,12-06-2025 04:00,29.79,50.09
2025,12-Jun 5am,209823.33,12-06-2025 05:00,30.26,49.17
2025,12-Jun 6am,207256.42,12-06-2025 06:00,32.25,54.95
2025,12-Jun 7am,211132.6,12-06-2025 07:00,31.75,46.48
2025,12-Jun 8am,211966.34,12-06-2025 08:00,32.23,50.93
2025,12-Jun 9am,218619.83,12-06-2025 09:00,35.25,43.86
2025,12-Jun 10am,229338,12-06-2025 10:00,34.9,51.87
2025,12-Jun 11am,231998.79,12-06-2025 11:00,34.71,53.81
2025,12-Jun 12pm,231948,12-06-2025 12:00,38.02,38.36
2025,12-Jun 1pm,233133.07,12-06-2025 13:00,38.42,37.72
2025,12-Jun 2pm,234643.8,12-06-2025 14:00,38.14,43.51
2025,12-Jun 3pm,239185.38,12-06-2025 15:00,38.67,38.94
2025,12-Jun 4pm,239832.82,12-06-2025 16:00,39.18,42.1
2025,12-Jun 5pm,234387.22,12-06-2025 17:00,38.93,36.48
2025,12-Jun 6pm,225400.55,12-06-2025 18:00,36.09,42.56
2025,12-Jun 7pm,222865.63,12-06-2025 19:00,36.23,40.49
2025,12-Jun 8pm,228749.25,12-06-2025 20:00,36.01,37.69
2025,12-Jun 9pm,229263.78,12-06-2025 21:00,33.31,49.95
2025,12-Jun 10pm,229578.8,12-06-2025 22:00,33.22,51.97
2025,12-Jun 11pm,229002.86,12-06-2025 23:00,33.12,45.12
2025,13-Jun 12am,226087.69,13-06-2025 00:00,29.65,51.37
2025,13-Jun 1am,221359.61,13-06-2025 01:00,30.34,50.42
2025,13-Jun 2am,217967.02,13-06-2025 02:00,30.44,47.2
2025,13-Jun 3am,215526.61,13-06-2025 03:00,29.64,52.53
2025,13-Jun 4am,213176.24,13-06-2025 04:00,29.99,48.03
2025,13-Jun 5am,210732.18,13-06-2025 05:00,29.76,47.77
2025,13-Jun 6am,212062.53,13-06-2025 06:00,32.25,49.71
2025,13-Jun 7am,214682.67,13-06-2025 07:00,32.22,51.76
2025,13-Jun 8am,215470.76,13-06-2025 08:00,31.64,54.29
2025,13-Jun 9am,222491.44,13-06-2025 09:00,35.38,36.41
2025,13-Jun 10am,230535.84,13-06-2025 10:00,34.68,48.96
2025,13-Jun 11am,233635.66,13-06-2025 11:00,35.3,35.67
2025,13-Jun 12pm,234827.17,13-06-2025 12:00,37.96,42.59
2025,13-Jun 1pm,232347.85,13-06-2025 13:00,37.83,39.48
2025,13-Jun 2pm,234749.07,13-06-2025 14:00,37.66,42.07
2025,13-Jun 3pm,238916.9,13-06-2025 15:00,38.67,38.22
2025,13-Jun 4pm,235645.36,13-06-2025 16:00,39.16,43.44
2025,13-Jun 5pm,229136.53,13-06-2025 17:00,39.05,40.35
2025,13-Jun 6pm,218780.52,13-06-2025 18:00,35.62,44.44
2025,13-Jun 7pm,217916.77,13-06-2025 19:00,35.61,35.79
2025,13-Jun 8pm,225447.1,13-06-2025 20:00,35.57,40.14
2025,13-Jun 9pm,227721.49,13-06-2025 21:00,33.24,52.66
2025,13-Jun 10pm,230110.22,13-06-2025 22:00,33.21,51
2025,13-Jun 11pm,230102.41,13-06-2025 23:00,32.56,45.23
2025,14-Jun 12am,227370.47,14-06-2025 00:00,30.06,54.72
2025,14-Jun 1am,222706.61,14-06-2025 01:00,29.58,47.98
2025,14-Jun 2am,219241.68,14-06-2025 02:00,30.4,47.49
2025,14-Jun 3am,214967.16,14-06-2025 03:00,30.41,49.86
2025,14-Jun 4am,212302.59,14-06-2025 04:00,30.2,50.42
2025,14-Jun 5am,209805.14,14-06-2025 05:00,30.43,52.66
2025,14-Jun 6am,210180.15,14-06-2025 06:00,32.31,48.93
2025,14-Jun 7am,207889.37,14-06-2025 07:00,32.33,49.4
2025,14-Jun 8am,207395.06,14-06-2025 08:00,32.07,50.35
2025,14-Jun 9am,213856.27,14-06-2025 09:00,34.81,48.94
2025,14-Jun 10am,221695.62,14-06-2025 10:00,34.72,54.15
2025,14-Jun 11am,228443.8,14-06-2025 11:00,34.83,53.51
2025,14-Jun 12pm,232066.95,14-06-2025 12:00,38.13,39.55
2025,14-Jun 1pm,231334.89,14-06-2025 13:00,37.67,35
2025,14-Jun 2pm,232895.98,14-06-2025 14:00,37.76,44.01
2025,14-Jun 3pm,239231.17,14-06-2025 15:00,38.97,36.24
2025,14-Jun 4pm,234259.9,14-06-2025 16:00,38.73,37.45
2025,14-Jun 5pm,229375.32,14-06-2025 17:00,39.09,36.52
2025,14-Jun 6pm,217916.35,14-06-2025 18:00,36.42,36.8
2025,14-Jun 7pm,217508.42,14-06-2025 19:00,36.25,43.03
2025,14-Jun 8pm,224435.29,14-06-2025 20:00,36.17,40.8
2025,14-Jun 9pm,224284.94,14-06-2025 21:00,33.08,54.56
2025,14-Jun 10pm,226463.22,14-06-2025 22:00,32.99,47.31
2025,14-Jun 11pm,228066.38,14-06-2025 23:00,32.69,49.86
2025,15-Jun 12am,225468.98,15-06-2025 00:00,30.39,54.77
2025,15-Jun 1am,219539.79,15-06-2025 01:00,29.75,53.26
2025,15-Jun 2am,214699.66,15-06-2025 02:00,29.59,52.29
2025,15-Jun 3am,209614.64,15-06-2025 03:00,30.25,46.89
2025,15-Jun 4am,205022.5,15-06-2025 04:00,29.68,52.69
2025,15-Jun 5am,201692.2,15-06-2025 05:00,29.87,48.48
2025,15-Jun 6am,197073.65,15-06-2025 06:00,31.53,50.31
2025,15-Jun 7am,193030.84,15-06-2025 07:00,31.64,51.09
2025,15-Jun 8am,189644.07,15-06-2025 08:00,31.67,51.09
2025,15-Jun 9am,193202.43,15-06-2025 09:00,34.55,52.27
2025,15-Jun 10am,196761.28,15-06-2025 10:00,35.16,41.62
2025,15-Jun 11am,199177.5,15-06-2025 11:00,35.34,35.68
2025,15-Jun 12pm,200636.71,15-06-2025 12:00,37.87,39.57
2025,15-Jun 1pm,199432.53,15-06-2025 13:00,38.37,41.64
2025,15-Jun 2pm,199586.83,15-06-2025 14:00,37.71,37.96
2025,15-Jun 3pm,202415.92,15-06-2025 15:00,38.83,38.13
2025,15-Jun 4pm,200728.49,15-06-2025 16:00,38.65,36.25
2025,15-Jun 5pm,194338.91,15-06-2025 17:00,39.12,39.19
2025,15-Jun 6pm,188854.76,15-06-2025 18:00,35.92,44.87
2025,15-Jun 7pm,192031.39,15-06-2025 19:00,36.11,37.85
2025,15-Jun 8pm,203988.7,15-06-2025 20:00,36.26,40.31
2025,15-Jun 9pm,209808.99,15-06-2025 21:00,33.05,52.43
2025,15-Jun 10pm,212299.23,15-06-2025 22:00,33.13,45.13
2025,15-Jun 11pm,214661.83,15-06-2025 23:00,33.44,54
2025,16-Jun 12am,210410.52,16-06-2025 00:00,29.8,48.87
2025,16-Jun 1am,204838.27,16-06-2025 01:00,29.86,53.69
2025,16-Jun 2am,199501.25,16-06-2025 02:00,30.22,45.39
2025,16-Jun 3am,195213.6,16-06-2025 03:00,30.11,46.46
2025,16-Jun 4am,191160.98,16-06-2025 04:00,29.68,48.23
2025,16-Jun 5am,190610.31,16-06-2025 05:00,29.88,48.45
2025,16-Jun 6am,191117.25,16-06-2025 06:00,31.97,53.48
2025,16-Jun 7am,193551.27,16-06-2025 07:00,31.92,45.11
2025,16-Jun 8am,193322.28,16-06-2025 08:00,31.68,51.41
2025,16-Jun 9am,199734.9,16-06-2025 09:00,35.42,36.31
2025,16-Jun 10am,205709.42,16-06-2025 10:00,35.26,43.23
2025,16-Jun 11am,210175.15,16-06-2025 11:00,34.98,52.79
2025,16-Jun 12pm,210981.89,16-06-2025 12:00,38.18,40
2025,16-Jun 1pm,209331.51,16-06-2025 13:00,38.4,37.13
2025,16-Jun 2pm,208517.06,16-06-2025 14:00,37.64,41.34
2025,16-Jun 3pm,213861.81,16-06-2025 15:00,38.75,36.56
2025,16-Jun 4pm,208944.38,16-06-2025 16:00,39.04,36.9
2025,16-Jun 5pm,205680.84,16-06-2025 17:00,39.3,41.27
2025,16-Jun 6pm,198996.5,16-06-2025 18:00,35.54,44.91
2025,16-Jun 7pm,203032.78,16-06-2025 19:00,36.48,43.91
2025,16-Jun 8pm,213671.68,16-06-2025 20:00,35.95,40.93
2025,16-Jun 9pm,215184.58,16-06-2025 21:00,32.86,50.39
2025,16-Jun 10pm,218124.29,16-06-2025 22:00,32.79,54.98
2025,16-Jun 11pm,219055.67,16-06-2025 23:00,32.67,50.47
2025,17-Jun 12am,211974.23,17-06-2025 00:00,30.29,49.2
2025,17-Jun 1am,205378.83,17-06-2025 01:00,30.46,54.1
2025,17-Jun 2am,200937.25,17-06-2025 02:00,29.91,47.34
2025,17-Jun 3am,195729.57,17-06-2025 03:00,30.45,45.98
2025,17-Jun 4am,190812.54,17-06-2025 04:00,30.32,51.34
2025,17-Jun 5am,190243.95,17-06-2025 05:00,29.98,45.96
2025,17-Jun 6am,190065.13,17-06-2025 06:00,32.17,48.73
2025,17-Jun 7am,191817.4,17-06-2025 07:00,31.93,49.24
2025,17-Jun 8am,188899.83,17-06-2025 08:00,32.06,50.48
2025,17-Jun 9am,193661.58,17-06-2025 09:00,34.56,54.92
2025,17-Jun 10am,200154.03,17-06-2025 10:00,35.2,37.21
2025,17-Jun 11am,202598.71,17-06-2025 11:00,34.55,48.76
2025,17-Jun 12pm,204286.81,17-06-2025 12:00,38.32,36.32
2025,17-Jun 1pm,203160.94,17-06-2025 13:00,38.32,41.08
2025,17-Jun 2pm,204087.03,17-06-2025 14:00,37.74,42.28
2025,17-Jun 3pm,204510.33,17-06-2025 15:00,38.82,39.82
2025,17-Jun 4pm,200326.24,17-06-2025 16:00,38.98,37.46
2025,17-Jun 5pm,197509.1,17-06-2025 17:00,39.1,41.21
2025,17-Jun 6pm,193170.61,17-06-2025 18:00,35.79,40.39
2025,17-Jun 7pm,200171.31,17-06-2025 19:00,36.09,36.71
2025,17-Jun 8pm,207818.4,17-06-2025 20:00,35.8,39.06
2025,17-Jun 9pm,208437.09,17-06-2025 21:00,32.56,49.35
2025,17-Jun 10pm,209794.74,17-06-2025 22:00,32.5,54.83
2025,17-Jun 11pm,209423.58,17-06-2025 23:00,32.6,53.49
2025,18-Jun 12am,203763.56,18-06-2025 00:00,30.29,52.34
2025,18-Jun 1am,197182.22,18-06-2025 01:00,30.46,53.89
2025,18-Jun 2am,191066.69,18-06-2025 02:00,29.93,52.35
2025,18-Jun 3am,186842.05,18-06-2025 03:00,30.01,54.03
2025,18-Jun 4am,183500.83,18-06-2025 04:00,29.65,45.55
2025,18-Jun 5am,183091.08,18-06-2025 05:00,30.05,49.56
2025,18-Jun 6am,185364.72,18-06-2025 06:00,31.64,52.47
2025,18-Jun 7am,189046.17,18-06-2025 07:00,32.11,50.83
2025,18-Jun 8am,189655.33,18-06-2025 08:00,32.43,46.75
2025,18-Jun 9am,195286.95,18-06-2025 09:00,34.7,48.4
2025,18-Jun 10am,200791.74,18-06-2025 10:00,35.26,38.18
2025,18-Jun 11am,202239.62,18-06-2025 11:00,34.52,47.61
2025,18-Jun 12pm,202830.86,18-06-2025 12:00,37.88,38.43
2025,18-Jun 1pm,201154.2,18-06-2025 13:00,37.61,40.15
2025,18-Jun 2pm,201965.56,18-06-2025 14:00,37.85,43.55
2025,18-Jun 3pm,208755.71,18-06-2025 15:00,38.67,42.42
2025,18-Jun 4pm,207591,18-06-2025 16:00,38.87,43.35
2025,18-Jun 5pm,204882.74,18-06-2025 17:00,38.92,43.84
2025,18-Jun 6pm,199124.81,18-06-2025 18:00,35.8,39.16
2025,18-Jun 7pm,206272.11,18-06-2025 19:00,36.16,38.46
2025,18-Jun 8pm,214662.96,18-06-2025 20:00,36.42,35.58
2025,18-Jun 9pm,216096.5,18-06-2025 21:00,32.9,54.3
2025,18-Jun 10pm,217153.15,18-06-2025 22:00,32.69,45.66
2025,18-Jun 11pm,215736.44,18-06-2025 23:00,32.77,52.41
2025,19-Jun 12am,208235.22,19-06-2025 00:00,30.35,48.78
2025,19-Jun 1am,201185.38,19-06-2025 01:00,30.07,54.49
2025,19-Jun 2am,194927.54,19-06-2025 02:00,29.96,49.2
2025,19-Jun 3am,190647.44,19-06-2025 03:00,29.65,53.17
2025,19-Jun 4am,187536.18,19-06-2025 04:00,29.95,47.83
2025,19-Jun 5am,187588.98,19-06-2025 05:00,29.78,47.99
2025,19-Jun 6am,189374.36,19-06-2025 06:00,32.44,50.96
2025,19-Jun 7am,194451.53,19-06-2025 07:00,32.38,54.98
2025,19-Jun 8am,194391.56,19-06-2025 08:00,31.58,50.18
2025,19-Jun 9am,199070.14,19-06-2025 09:00,35.02,44.36
2025,19-Jun 10am,204286.88,19-06-2025 10:00,34.73,52.86
2025,19-Jun 11am,205479.32,19-06-2025 11:00,34.91,52.96
2025,19-Jun 12pm,205861.44,19-06-2025 12:00,38.38,39.36
2025,19-Jun 1pm,206004.19,19-06-2025 13:00,38.03,38.87
2025,19-Jun 2pm,206041.34,19-06-2025 14:00,37.83,36.92
2025,19-Jun 3pm,208422.26,19-06-2025 15:00,38.71,44.64
2025,19-Jun 4pm,206473.02,19-06-2025 16:00,39.3,44.59
2025,19-Jun 5pm,203638.7,19-06-2025 17:00,39.12,42.47
2025,19-Jun 6pm,200607.11,19-06-2025 18:00,35.97,37.96
2025,19-Jun 7pm,205181.38,19-06-2025 19:00,35.72,37.45
2025,19-Jun 8pm,211316.53,19-06-2025 20:00,35.83,44.89
2025,19-Jun 9pm,211595.65,19-06-2025 21:00,33.46,45.67
2025,19-Jun 10pm,213304.89,19-06-2025 22:00,33.02,53.44
2025,19-Jun 11pm,212459.21,19-06-2025 23:00,32.9,48.55
2025,20-Jun 12am,205793.75,20-06-2025 00:00,30.02,49.19
2025,20-Jun 1am,198507.18,20-06-2025 01:00,30.28,53.32
2025,20-Jun 2am,191531.56,20-06-2025 02:00,29.84,45.91
2025,20-Jun 3am,188400.94,20-06-2025 03:00,29.68,48.54
2025,20-Jun 4am,185433.85,20-06-2025 04:00,30.08,54.52
2025,20-Jun 5am,186901.44,20-06-2025 05:00,30.17,51.99
2025,20-Jun 6am,189879.03,20-06-2025 06:00,32.21,52.55
2025,20-Jun 7am,193474.08,20-06-2025 07:00,32.38,52.58
2025,20-Jun 8am,193941.48,20-06-2025 08:00,31.87,45.61
2025,20-Jun 9am,199404.28,20-06-2025 09:00,34.58,47.03
2025,20-Jun 10am,204081.34,20-06-2025 10:00,35.46,39.91
2025,20-Jun 11am,205321.9,20-06-2025 11:00,34.94,48.68
2025,20-Jun 12pm,206725.33,20-06-2025 12:00,38.12,39.11
2025,20-Jun 1pm,204680.06,20-06-2025 13:00,38.17,42.81
2025,20-Jun 2pm,205209.37,20-06-2025 14:00,38.05,35.15
2025,20-Jun 3pm,209789.28,20-06-2025 15:00,38.71,41.6
2025,20-Jun 4pm,209082.89,20-06-2025 16:00,39.26,35
2025,20-Jun 5pm,207043.2,20-06-2025 17:00,39.3,35.63
2025,20-Jun 6pm,202203.58,20-06-2025 18:00,36.05,39.08
2025,20-Jun 7pm,207293.86,20-06-2025 19:00,35.99,43.41
2025,20-Jun 8pm,214451.1,20-06-2025 20:00,35.61,36.45
2025,20-Jun 9pm,215500.47,20-06-2025 21:00,32.58,50.55
2025,20-Jun 10pm,216295.01,20-06-2025 22:00,32.84,51.79
2025,20-Jun 11pm,215366.05,20-06-2025 23:00,32.81,47.3
2025,21-Jun 12am,208170.93,21-06-2025 00:00,30.45,50.12
2025,21-Jun 1am,201056.79,21-06-2025 01:00,30.28,54.11
2025,21-Jun 2am,195719.66,21-06-2025 02:00,30.16,50.12
2025,21-Jun 3am,192472.47,21-06-2025 03:00,30.02,46.57
2025,21-Jun 4am,189704.62,21-06-2025 04:00,29.67,51.28
2025,21-Jun 5am,190482.72,21-06-2025 05:00,30.48,50.92
2025,21-Jun 6am,192183.75,21-06-2025 06:00,31.88,45.27
2025,21-Jun 7am,194081.41,21-06-2025 07:00,31.61,45.91
2025,21-Jun 8am,192724.19,21-06-2025 08:00,31.99,46.57
2025,21-Jun 9am,199417.74,21-06-2025 09:00,35.37,36.36
2025,21-Jun 10am,205083.24,21-06-2025 10:00,35.39,37.59
2025,21-Jun 11am,207750.58,21-06-2025 11:00,34.51,49.54
2025,21-Jun 12pm,208876.29,21-06-2025 12:00,38.39,38.72
2025,21-Jun 1pm,208705.32,21-06-2025 13:00,37.77,43.91
2025,21-Jun 2pm,209957.77,21-06-2025 14:00,37.54,41.12
2025,21-Jun 3pm,214637.81,21-06-2025 15:00,39.35,43.76
2025,21-Jun 4pm,212298.82,21-06-2025 16:00,39.36,40.27
2025,21-Jun 5pm,208790.12,21-06-2025 17:00,39.1,35.9
2025,21-Jun 6pm,205043.92,21-06-2025 18:00,36.07,39.63
2025,21-Jun 7pm,210291.25,21-06-2025 19:00,36.31,43.22
2025,21-Jun 8pm,219240.62,21-06-2025 20:00,36.29,36.94
2025,21-Jun 9pm,218608.26,21-06-2025 21:00,33.39,45.91
2025,21-Jun 10pm,221261.24,21-06-2025 22:00,33.05,48.29
2025,21-Jun 11pm,221771.39,21-06-2025 23:00,33.47,48.89
2025,22-Jun 12am,216485.28,22-06-2025 00:00,30.5,48.06
2025,22-Jun 1am,211412.38,22-06-2025 01:00,29.62,46.35
2025,22-Jun 2am,205879.72,22-06-2025 02:00,30.35,47.51
2025,22-Jun 3am,202573.46,22-06-2025 03:00,30,51.82
2025,22-Jun 4am,199322.07,22-06-2025 04:00,29.89,48.86
2025,22-Jun 5am,198622.29,22-06-2025 05:00,30.11,51.33
2025,22-Jun 6am,196796.31,22-06-2025 06:00,31.56,50.36
2025,22-Jun 7am,193879.28,22-06-2025 07:00,32.01,50.49
2025,22-Jun 8am,191522.86,22-06-2025 08:00,32.37,47.49
2025,22-Jun 9am,195969.42,22-06-2025 09:00,34.71,50.22
2025,22-Jun 10am,197980.44,22-06-2025 10:00,34.93,45.24
2025,22-Jun 11am,197091.17,22-06-2025 11:00,35.44,39.32
2025,22-Jun 12pm,197362.23,22-06-2025 12:00,37.93,40.73
2025,22-Jun 1pm,196399.63,22-06-2025 13:00,37.86,36.82
2025,22-Jun 2pm,196960.08,22-06-2025 14:00,37.94,37.57
2025,22-Jun 3pm,197278.27,22-06-2025 15:00,39.02,37.2
2025,22-Jun 4pm,193979.88,22-06-2025 16:00,39.13,35.71
2025,22-Jun 5pm,189592.68,22-06-2025 17:00,39.3,38.48
2025,22-Jun 6pm,184249.77,22-06-2025 18:00,35.95,44.79
2025,22-Jun 7pm,192793.31,22-06-2025 19:00,36.32,38.54
2025,22-Jun 8pm,203455.17,22-06-2025 20:00,36.03,39.61
2025,22-Jun 9pm,206456.5,22-06-2025 21:00,32.84,51.53
2025,22-Jun 10pm,208035.94,22-06-2025 22:00,33.16,51.48
2025,22-Jun 11pm,208041.85,22-06-2025 23:00,33.22,54.5
2025,23-Jun 12am,202546.59,23-06-2025 00:00,30.06,53.58
2025,23-Jun 1am,196896,23-06-2025 01:00,29.56,52.94
2025,23-Jun 2am,191899.86,23-06-2025 02:00,29.67,54.52
2025,23-Jun 3am,188369.23,23-06-2025 03:00,29.79,47.31
2025,23-Jun 4am,186315.99,23-06-2025 04:00,29.78,51.17
2025,23-Jun 5am,186153.5,23-06-2025 05:00,30.17,53.87
2025,23-Jun 6am,187956.76,23-06-2025 06:00,31.52,51.24
2025,23-Jun 7am,192075.44,23-06-2025 07:00,32.26,54.77
2025,23-Jun 8am,194201.36,23-06-2025 08:00,31.77,46
2025,23-Jun 9am,199685,23-06-2025 09:00,34.81,49.39
2025,23-Jun 10am,208474.63,23-06-2025 10:00,35.03,44.77
2025,23-Jun 11am,211220.42,23-06-2025 11:00,34.72,48.8
2025,23-Jun 12pm,210584.48,23-06-2025 12:00,38.38,42.4
2025,23-Jun 1pm,208550.16,23-06-2025 13:00,37.59,35.3
2025,23-Jun 2pm,208734.16,23-06-2025 14:00,37.94,41.95
2025,23-Jun 3pm,211800.97,23-06-2025 15:00,39.35,44.35
2025,23-Jun 4pm,208167.74,23-06-2025 16:00,39.12,38.83
2025,23-Jun 5pm,206400.54,23-06-2025 17:00,38.79,35.21
2025,23-Jun 6pm,202430.26,23-06-2025 18:00,35.92,35.28
2025,23-Jun 7pm,208919.12,23-06-2025 19:00,36.21,43.92
2025,23-Jun 8pm,215824.7,23-06-2025 20:00,36.47,42.23
2025,23-Jun 9pm,214945.46,23-06-2025 21:00,33.39,46.07
2025,23-Jun 10pm,215341.14,23-06-2025 22:00,32.84,45.55
2025,23-Jun 11pm,214436.12,23-06-2025 23:00,33.5,53.05
2025,24-Jun 12am,209385.25,24-06-2025 00:00,29.5,53.1
2025,24-Jun 1am,201808.98,24-06-2025 01:00,29.53,46.21
2025,24-Jun 2am,195911.15,24-06-2025 02:00,30.32,48.02
2025,24-Jun 3am,192113.97,24-06-2025 03:00,29.7,52.8
2025,24-Jun 4am,189046.53,24-06-2025 04:00,29.56,50.25
2025,24-Jun 5am,189709.06,24-06-2025 05:00,29.74,54.57
2025,24-Jun 6am,192640.49,24-06-2025 06:00,31.93,49.81
2025,24-Jun 7am,194792.58,24-06-2025 07:00,32.23,51.77
2025,24-Jun 8am,195104.25,24-06-2025 08:00,32.12,50.1
2025,24-Jun 9am,200589.27,24-06-2025 09:00,34.74,54.43
2025,24-Jun 10am,208391.4,24-06-2025 10:00,35,48.99
2025,24-Jun 11am,209645.87,24-06-2025 11:00,35.43,37.3
2025,24-Jun 12pm,208446.27,24-06-2025 12:00,38.32,38.27
2025,24-Jun 1pm,206316.93,24-06-2025 13:00,37.82,43.53
2025,24-Jun 2pm,206825.36,24-06-2025 14:00,38.48,39.98
2025,24-Jun 3pm,209603.97,24-06-2025 15:00,39.21,38.54
2025,24-Jun 4pm,208294.12,24-06-2025 16:00,38.56,40.44
2025,24-Jun 5pm,206400.86,24-06-2025 17:00,38.54,36.33
2025,24-Jun 6pm,205366.43,24-06-2025 18:00,35.67,35.05
2025,24-Jun 7pm,211786.17,24-06-2025 19:00,36.23,37.81
2025,24-Jun 8pm,217238.13,24-06-2025 20:00,35.68,41.05
2025,24-Jun 9pm,217559.49,24-06-2025 21:00,33.01,52.12
2025,24-Jun 10pm,217405.31,24-06-2025 22:00,32.59,53.27
2025,24-Jun 11pm,215889.83,24-06-2025 23:00,33.42,54.27
2025,25-Jun 12am,209810.72,25-06-2025 00:00,29.84,49.12
2025,25-Jun 1am,203970.76,25-06-2025 01:00,30.41,52.41
2025,25-Jun 2am,198055.73,25-06-2025 02:00,30.44,45.75
2025,25-Jun 3am,195109.07,25-06-2025 03:00,29.51,45.58
2025,25-Jun 4am,192073.04,25-06-2025 04:00,29.96,46.25
2025,25-Jun 5am,193046.78,25-06-2025 05:00,29.52,49.49
2025,25-Jun 6am,194972.69,25-06-2025 06:00,32.41,47.11
2025,25-Jun 7am,198713.14,25-06-2025 07:00,32.02,47.87
2025,25-Jun 8am,199366.86,25-06-2025 08:00,31.57,51.48
2025,25-Jun 9am,205171.45,25-06-2025 09:00,34.61,48.59
2025,25-Jun 10am,210365.23,25-06-2025 10:00,34.88,50.57
2025,25-Jun 11am,211013.36,25-06-2025 11:00,35.44,39.12
2025,25-Jun 12pm,210654.66,25-06-2025 12:00,38.19,36.69
2025,25-Jun 1pm,207699.12,25-06-2025 13:00,38.37,35.74
2025,25-Jun 2pm,206550.93,25-06-2025 14:00,37.87,37.36
2025,25-Jun 3pm,209082.29,25-06-2025 15:00,38.54,35.58
2025,25-Jun 4pm,205691.02,25-06-2025 16:00,39.47,41.19
2025,25-Jun 5pm,203570.66,25-06-2025 17:00,38.52,42.96
2025,25-Jun 6pm,200733,25-06-2025 18:00,36.45,38.4
2025,25-Jun 7pm,207088.85,25-06-2025 19:00,35.87,38.87
2025,25-Jun 8pm,213209.35,25-06-2025 20:00,35.51,43.16
2025,25-Jun 9pm,213684.1,25-06-2025 21:00,33.19,47.23
2025,25-Jun 10pm,212317.13,25-06-2025 22:00,33.48,46.19
2025,25-Jun 11pm,211842.18,25-06-2025 23:00,33.47,50.01
2025,26-Jun 12am,206327.74,26-06-2025 00:00,29.66,51.46
2025,26-Jun 1am,200437.66,26-06-2025 01:00,29.68,51
2025,26-Jun 2am,194844.13,26-06-2025 02:00,30.07,52.14
2025,26-Jun 3am,191117.5,26-06-2025 03:00,30.14,45.57
2025,26-Jun 4am,188901.91,26-06-2025 04:00,30.24,49.28
2025,26-Jun 5am,190676.78,26-06-2025 05:00,29.68,47.39
2025,26-Jun 6am,192730.41,26-06-2025 06:00,32.46,52.59
2025,26-Jun 7am,196839.24,26-06-2025 07:00,32.14,53.73
2025,26-Jun 8am,197219.45,26-06-2025 08:00,32.35,47.81
2025,26-Jun 9am,203231.28,26-06-2025 09:00,35.04,35.95
2025,26-Jun 10am,207760.61,26-06-2025 10:00,34.91,47.53
2025,26-Jun 11am,209192.3,26-06-2025 11:00,35.48,36.04
2025,26-Jun 12pm,206101.23,26-06-2025 12:00,38.08,38.22
2025,26-Jun 1pm,204913.55,26-06-2025 13:00,38.37,40.38
2025,26-Jun 2pm,204246.54,26-06-2025 14:00,38.45,44.74
2025,26-Jun 3pm,206736.31,26-06-2025 15:00,39.18,38.99
2025,26-Jun 4pm,205872.47,26-06-2025 16:00,39.05,37.2
2025,26-Jun 5pm,204284.24,26-06-2025 17:00,38.5,36.67
2025,26-Jun 6pm,203051.92,26-06-2025 18:00,35.54,36.73
2025,26-Jun 7pm,208769.89,26-06-2025 19:00,35.7,36.93
2025,26-Jun 8pm,215976.37,26-06-2025 20:00,35.69,42.62
2025,26-Jun 9pm,215508.26,26-06-2025 21:00,32.75,45.61
2025,26-Jun 10pm,214149.47,26-06-2025 22:00,32.8,54.97
2025,26-Jun 11pm,212962.27,26-06-2025 23:00,32.86,50.23
2025,27-Jun 12am,208207.62,27-06-2025 00:00,29.92,50.44
2025,27-Jun 1am,203453.58,27-06-2025 01:00,29.6,48.58
2025,27-Jun 2am,197604.66,27-06-2025 02:00,29.54,51.9
2025,27-Jun 3am,194420.6,27-06-2025 03:00,30.17,49.71
2025,27-Jun 4am,192066.33,27-06-2025 04:00,30.04,48.29
2025,27-Jun 5am,193653.95,27-06-2025 05:00,29.94,47.65
2025,27-Jun 6am,194990.83,27-06-2025 06:00,32.13,54.26
2025,27-Jun 7am,198906.81,27-06-2025 07:00,32.33,47.91
2025,27-Jun 8am,199385.56,27-06-2025 08:00,31.93,49.36
2025,27-Jun 9am,205814.96,27-06-2025 09:00,35.14,38.5
2025,27-Jun 10am,212016.98,27-06-2025 10:00,35.45,35.86
2025,27-Jun 11am,214103.8,27-06-2025 11:00,35.34,36.86
2025,27-Jun 12pm,211884.56,27-06-2025 12:00,37.93,36.9
2025,27-Jun 1pm,209313.52,27-06-2025 13:00,38.14,41.94
2025,27-Jun 2pm,208305.84,27-06-2025 14:00,37.68,39.07
2025,27-Jun 3pm,212434.55,27-06-2025 15:00,39.06,42.82
2025,27-Jun 4pm,211639.52,27-06-2025 16:00,39.48,42.09
2025,27-Jun 5pm,207849.85,27-06-2025 17:00,39.02,36.92
2025,27-Jun 6pm,203553.74,27-06-2025 18:00,36.43,40.63
2025,27-Jun 7pm,208558.97,27-06-2025 19:00,35.91,42.43
2025,27-Jun 8pm,215811.29,27-06-2025 20:00,36.5,41.33
2025,27-Jun 9pm,217003.88,27-06-2025 21:00,33.08,51
2025,27-Jun 10pm,216274.35,27-06-2025 22:00,32.54,52.4
2025,27-Jun 11pm,215572.55,27-06-2025 23:00,33.09,45.57
2025,28-Jun 12am,211980.61,28-06-2025 00:00,29.77,52.31
2025,28-Jun 1am,207893.98,28-06-2025 01:00,29.53,47.73
2025,28-Jun 2am,202960.35,28-06-2025 02:00,30.32,50.72
2025,28-Jun 3am,199483.69,28-06-2025 03:00,29.78,47.42
2025,28-Jun 4am,198237.1,28-06-2025 04:00,30.3,53.39
2025,28-Jun 5am,199073.91,28-06-2025 05:00,29.79,49.81
2025,28-Jun 6am,198741.68,28-06-2025 06:00,31.69,51.43
2025,28-Jun 7am,201606.42,28-06-2025 07:00,32.47,52.94
2025,28-Jun 8am,199751.91,28-06-2025 08:00,31.86,53.95
2025,28-Jun 9am,204533.73,28-06-2025 09:00,35.1,42.32
2025,28-Jun 10am,210456.29,28-06-2025 10:00,35.11,36.49
2025,28-Jun 11am,211105.48,28-06-2025 11:00,35.06,43.55
2025,28-Jun 12pm,212654.4,28-06-2025 12:00,38.41,41.19
2025,28-Jun 1pm,210090.73,28-06-2025 13:00,38.17,41.09
2025,28-Jun 2pm,211943.25,28-06-2025 14:00,37.9,44.21
2025,28-Jun 3pm,214470.53,28-06-2025 15:00,39.36,37.49
2025,28-Jun 4pm,209121.96,28-06-2025 16:00,38.68,37.4
2025,28-Jun 5pm,205889.7,28-06-2025 17:00,39.04,40.13
2025,28-Jun 6pm,199695.63,28-06-2025 18:00,36.45,42.51
2025,28-Jun 7pm,205412.17,28-06-2025 19:00,36.13,39.47
2025,28-Jun 8pm,212954.37,28-06-2025 20:00,36.32,41.34
2025,28-Jun 9pm,213868.39,28-06-2025 21:00,33.15,49.53
2025,28-Jun 10pm,214413.67,28-06-2025 22:00,33.34,51.1
2025,28-Jun 11pm,212991.94,28-06-2025 23:00,33.44,53.22
2025,29-Jun 12am,207961.34,29-06-2025 00:00,29.77,46.8
2025,29-Jun 1am,202106.22,29-06-2025 01:00,29.67,51.95
2025,29-Jun 2am,197744.72,29-06-2025 02:00,29.98,52.87
2025,29-Jun 3am,193898.29,29-06-2025 03:00,30.2,49.47
2025,29-Jun 4am,191879.74,29-06-2025 04:00,29.73,48.23
2025,29-Jun 5am,192396.13,29-06-2025 05:00,29.5,45.14
2025,29-Jun 6am,191833.52,29-06-2025 06:00,31.84,52.97
2025,29-Jun 7am,191253.63,29-06-2025 07:00,32.47,48.28
2025,29-Jun 8am,190495.38,29-06-2025 08:00,32.19,48.57
2025,29-Jun 9am,194126.59,29-06-2025 09:00,34.9,48.36
2025,29-Jun 10am,196518.85,29-06-2025 10:00,34.69,49.99
2025,29-Jun 11am,195134.47,29-06-2025 11:00,34.86,52.02
2025,29-Jun 12pm,194015.79,29-06-2025 12:00,37.67,42.72
2025,29-Jun 1pm,191677.48,29-06-2025 13:00,37.61,38.93
2025,29-Jun 2pm,192060.86,29-06-2025 14:00,38.41,41.63
2025,29-Jun 3pm,191549.1,29-06-2025 15:00,39.5,42.21
2025,29-Jun 4pm,189598.82,29-06-2025 16:00,38.66,37.97
2025,29-Jun 5pm,182681.75,29-06-2025 17:00,38.55,35.97
2025,29-Jun 6pm,179071.96,29-06-2025 18:00,35.83,43.95
2025,29-Jun 7pm,183834.17,29-06-2025 19:00,35.96,41.77
2025,29-Jun 8pm,195102.86,29-06-2025 20:00,35.7,41.48
2025,29-Jun 9pm,197072.69,29-06-2025 21:00,32.8,45.59
2025,29-Jun 10pm,199179.78,29-06-2025 22:00,32.7,53.18
2025,29-Jun 11pm,199211.22,29-06-2025 23:00,33.27,50.66
2025,30-Jun 12am,194221.15,30-06-2025 00:00,30.21,53.48
2025,30-Jun 1am,188649.45,30-06-2025 01:00,30.13,54.75
2025,30-Jun 2am,183050.61,30-06-2025 02:00,29.89,54.57
2025,30-Jun 3am,179524.5,30-06-2025 03:00,30.41,53.56
2025,30-Jun 4am,177103.68,30-06-2025 04:00,30.47,45.11
2025,30-Jun 5am,178456.18,30-06-2025 05:00,29.67,53.86
2025,30-Jun 6am,183223.29,30-06-2025 06:00,31.72,45.75
2025,30-Jun 7am,189675.92,30-06-2025 07:00,32.03,53.51
2025,30-Jun 8am,190657.78,30-06-2025 08:00,31.59,47.8
2025,30-Jun 9am,195973.32,30-06-2025 09:00,34.94,51.1
2025,30-Jun 10am,202646.09,30-06-2025 10:00,35.08,35.38
2025,30-Jun 11am,202734.67,30-06-2025 11:00,35.02,42.71
2025,30-Jun 12pm,202365.11,30-06-2025 12:00,37.83,36.12
2025,30-Jun 1pm,199992.58,30-06-2025 13:00,38.04,39.11
2025,30-Jun 2pm,199306.49,30-06-2025 14:00,38.46,43.17
2025,30-Jun 3pm,203662.89,30-06-2025 15:00,38.71,41.95
2025,30-Jun 4pm,203124.35,30-06-2025 16:00,39.15,35.06
2025,30-Jun 5pm,201078.02,30-06-2025 17:00,38.54,39.03
2025,30-Jun 6pm,195006.02,30-06-2025 18:00,35.57,35.42
2025,30-Jun 7pm,200408.91,30-06-2025 19:00,36.05,41.73
2025,30-Jun 8pm,206095.88,30-06-2025 20:00,35.6,44.69
2025,30-Jun 9pm,205715.27,30-06-2025 21:00,32.52,51.55
2025,30-Jun 10pm,205189.75,30-06-2025 22:00,32.67,47.24
2025,30-Jun 11pm,203659.05,30-06-2025 23:00,33.06,48.55
